#-----------------------------------------------------------
# Vivado v2020.2 (64-bit)
# SW Build 3064766 on Wed Nov 18 09:12:47 MST 2020
# IP Build 3064653 on Wed Nov 18 14:17:31 MST 2020
# Start of session at: Mon Jul 27 16:13:39 2026
# Process ID: 2211844
# Current directory: /home/aujus_dsp_1/Documents/Learning/gigabit_ethernet
# Command line: vivado -mode batch -source Scripts/build.tcl
# Log file: /home/aujus_dsp_1/Documents/Learning/gigabit_ethernet/vivado.log
# Journal file: /home/aujus_dsp_1/Documents/Learning/gigabit_ethernet/vivado.jou
#-----------------------------------------------------------
source Scripts/build.tcl
# puts ""

# puts "========================================="
=========================================
# puts "Gigabit Ethernet Build Started"
Gigabit Ethernet Build Started
# puts "========================================="
=========================================
# puts ""

# source Scripts/variables.tcl
## set PROJECT_NAME "gigabit_ethernet"
## set PART         "xc7a100tfgg484-2"
## set TOP          "gmii_top"
## set ROOT_DIR        [pwd]
## set RTL_DIR         "$ROOT_DIR/RTL"
## set CONSTRAINTS_DIR "$ROOT_DIR/Constraints"
## set IP_DIR          "$ROOT_DIR/IP"
## set SCRIPTS_DIR     "$ROOT_DIR/Scripts"
## set OUTPUT_DIR      "$ROOT_DIR/Output"
## set BIT_DIR         "$OUTPUT_DIR/bitstream"
## set CHECKPOINT_DIR  "$OUTPUT_DIR/checkpoint"
## set REPORTS_DIR     "$OUTPUT_DIR/reports"
## foreach dir [list \
##     $OUTPUT_DIR \
##     $BIT_DIR \
##     $CHECKPOINT_DIR \
##     $REPORTS_DIR] {
## 
##     file mkdir $dir
## }
## set BIT_FILE        "$BIT_DIR/$TOP.bit"
## set DCP_FILE        "$CHECKPOINT_DIR/$TOP.dcp"
## set UTIL_REPORT     "$REPORTS_DIR/utilization.rpt"
## set TIMING_REPORT   "$REPORTS_DIR/timing_summary.rpt"
## set POWER_REPORT    "$REPORTS_DIR/power.rpt"
# create_project \
#     -in_memory \
#     -part $PART
# source Scripts/create_ips.tcl
## foreach ip_dir {clk_gen vio_mdio vio_gmii_tx vio_gmii_rx} {
## 
##     # Drop the IP from the in-memory design first, otherwise create_ip below
##     # sees the name taken and silently renames it to <ip>_1, <ip>_2, ...
##     if {[llength [get_ips -quiet $ip_dir]] > 0} {
## 
##         puts "Removing in-memory IP: $ip_dir"
## 
##         remove_files [get_files -quiet -of_objects [get_ips $ip_dir]]
##     }
## 
##     set output_dir "$IP_DIR/$ip_dir/output"
##         if {[file exists $output_dir]} {
##             foreach item [glob -nocomplain "$output_dir/*"] {
##                 file delete -force $item
##             }
##         }
## }
## puts "Existing Directories cleared"
Existing Directories cleared
## puts "Creating IPs"
Creating IPs
## puts "Generating clk_gen IP"
Generating clk_gen IP
## source "$IP_DIR/clk_gen/create_clk_gen.tcl"
### set IP_NAME clk_gen
### puts "Generating $IP_NAME IP in $IP_DIR"
Generating clk_gen IP in /home/aujus_dsp_1/Documents/Learning/gigabit_ethernet/IP
### create_ip \
###     -name clk_wiz \
###     -vendor xilinx.com \
###     -library ip \
###     -version 6.0 \
###     -module_name $IP_NAME \
###     -dir $IP_DIR/clk_gen/output
INFO: [IP_Flow 19-234] Refreshing IP repositories
INFO: [IP_Flow 19-1704] No user IP repositories specified
INFO: [IP_Flow 19-2313] Loaded Vivado IP repository '/tools/Xilinx/2020/Vivado/2020.2/data/ip'.
### set_property -dict [list \
###     CONFIG.PRIM_SOURCE                  {Differential_clock_capable_pin} \
###     CONFIG.PRIM_IN_FREQ                 {200.000} \
###     CONFIG.NUM_OUT_CLKS                 {2} \
###     CONFIG.CLKOUT1_USED                 {true} \
###     CONFIG.CLKOUT2_USED                 {true} \
###     CONFIG.CLK_OUT1_PORT                {clk_100} \
###     CONFIG.CLK_OUT2_PORT                {clk_125} \
###     CONFIG.CLKOUT2_REQUESTED_OUT_FREQ   {125.000} \
###     CONFIG.USE_RESET                    {false} \
###     CONFIG.USE_LOCKED                   {false} \
### ] [get_ips $IP_NAME]
### generate_target all [get_ips $IP_NAME]
INFO: [IP_Flow 19-1686] Generating 'Instantiation Template' target for IP 'clk_gen'...
INFO: [IP_Flow 19-1686] Generating 'Synthesis' target for IP 'clk_gen'...
INFO: [IP_Flow 19-1686] Generating 'Simulation' target for IP 'clk_gen'...
INFO: [IP_Flow 19-1686] Generating 'Implementation' target for IP 'clk_gen'...
INFO: [IP_Flow 19-1686] Generating 'Change Log' target for IP 'clk_gen'...
### synth_ip [get_ips $IP_NAME]
INFO: [IP_Flow 19-234] Refreshing IP repositories
INFO: [IP_Flow 19-1704] No user IP repositories specified
INFO: [IP_Flow 19-2313] Loaded Vivado IP repository '/tools/Xilinx/2020/Vivado/2020.2/data/ip'.
Command: synth_design -top clk_gen -part xc7a100tfgg484-2 -mode out_of_context
Starting synth_design
Attempting to get a license for feature 'Synthesis' and/or device 'xc7a100t'
INFO: [Common 17-349] Got license for feature 'Synthesis' and/or device 'xc7a100t'
INFO: [Device 21-403] Loading part xc7a100tfgg484-2
INFO: [Synth 8-7079] Multithreading enabled for synth_design using a maximum of 4 processes.
INFO: [Synth 8-7078] Launching helper process for spawning children vivado processes
INFO: [Synth 8-7075] Helper process launched with PID 2212003
---------------------------------------------------------------------------------
Starting RTL Elaboration : Time (s): cpu = 00:00:02 ; elapsed = 00:00:02 . Memory (MB): peak = 2481.863 ; gain = 0.000 ; free physical = 4961 ; free virtual = 68372
---------------------------------------------------------------------------------
INFO: [Synth 8-6157] synthesizing module 'clk_gen' [/home/aujus_dsp_1/Documents/Learning/gigabit_ethernet/IP/clk_gen/output/clk_gen/clk_gen.v:71]
INFO: [Synth 8-6157] synthesizing module 'clk_gen_clk_wiz' [/home/aujus_dsp_1/Documents/Learning/gigabit_ethernet/IP/clk_gen/output/clk_gen/clk_gen_clk_wiz.v:69]
INFO: [Synth 8-6157] synthesizing module 'IBUFDS' [/tools/Xilinx/2020/Vivado/2020.2/scripts/rt/data/unisim_comp.v:32998]
	Parameter CAPACITANCE bound to: DONT_CARE - type: string 
	Parameter DIFF_TERM bound to: FALSE - type: string 
	Parameter DQS_BIAS bound to: FALSE - type: string 
	Parameter IBUF_DELAY_VALUE bound to: 0 - type: string 
	Parameter IBUF_LOW_PWR bound to: TRUE - type: string 
	Parameter IFD_DELAY_VALUE bound to: AUTO - type: string 
	Parameter IOSTANDARD bound to: DEFAULT - type: string 
INFO: [Synth 8-6155] done synthesizing module 'IBUFDS' (1#1) [/tools/Xilinx/2020/Vivado/2020.2/scripts/rt/data/unisim_comp.v:32998]
INFO: [Synth 8-6157] synthesizing module 'MMCME2_ADV' [/tools/Xilinx/2020/Vivado/2020.2/scripts/rt/data/unisim_comp.v:39998]
	Parameter BANDWIDTH bound to: OPTIMIZED - type: string 
	Parameter CLKFBOUT_MULT_F bound to: 5.000000 - type: double 
	Parameter CLKFBOUT_PHASE bound to: 0.000000 - type: double 
	Parameter CLKFBOUT_USE_FINE_PS bound to: FALSE - type: string 
	Parameter CLKIN1_PERIOD bound to: 5.000000 - type: double 
	Parameter CLKIN2_PERIOD bound to: 0.000000 - type: double 
	Parameter CLKOUT0_DIVIDE_F bound to: 10.000000 - type: double 
	Parameter CLKOUT0_DUTY_CYCLE bound to: 0.500000 - type: double 
	Parameter CLKOUT0_PHASE bound to: 0.000000 - type: double 
	Parameter CLKOUT0_USE_FINE_PS bound to: FALSE - type: string 
	Parameter CLKOUT1_DIVIDE bound to: 8 - type: integer 
	Parameter CLKOUT1_DUTY_CYCLE bound to: 0.500000 - type: double 
	Parameter CLKOUT1_PHASE bound to: 0.000000 - type: double 
	Parameter CLKOUT1_USE_FINE_PS bound to: FALSE - type: string 
	Parameter CLKOUT2_DIVIDE bound to: 1 - type: integer 
	Parameter CLKOUT2_DUTY_CYCLE bound to: 0.500000 - type: double 
	Parameter CLKOUT2_PHASE bound to: 0.000000 - type: double 
	Parameter CLKOUT2_USE_FINE_PS bound to: FALSE - type: string 
	Parameter CLKOUT3_DIVIDE bound to: 1 - type: integer 
	Parameter CLKOUT3_DUTY_CYCLE bound to: 0.500000 - type: double 
	Parameter CLKOUT3_PHASE bound to: 0.000000 - type: double 
	Parameter CLKOUT3_USE_FINE_PS bound to: FALSE - type: string 
	Parameter CLKOUT4_CASCADE bound to: FALSE - type: string 
	Parameter CLKOUT4_DIVIDE bound to: 1 - type: integer 
	Parameter CLKOUT4_DUTY_CYCLE bound to: 0.500000 - type: double 
	Parameter CLKOUT4_PHASE bound to: 0.000000 - type: double 
	Parameter CLKOUT4_USE_FINE_PS bound to: FALSE - type: string 
	Parameter CLKOUT5_DIVIDE bound to: 1 - type: integer 
	Parameter CLKOUT5_DUTY_CYCLE bound to: 0.500000 - type: double 
	Parameter CLKOUT5_PHASE bound to: 0.000000 - type: double 
	Parameter CLKOUT5_USE_FINE_PS bound to: FALSE - type: string 
	Parameter CLKOUT6_DIVIDE bound to: 1 - type: integer 
	Parameter CLKOUT6_DUTY_CYCLE bound to: 0.500000 - type: double 
	Parameter CLKOUT6_PHASE bound to: 0.000000 - type: double 
	Parameter CLKOUT6_USE_FINE_PS bound to: FALSE - type: string 
	Parameter COMPENSATION bound to: ZHOLD - type: string 
	Parameter DIVCLK_DIVIDE bound to: 1 - type: integer 
	Parameter IS_CLKINSEL_INVERTED bound to: 1'b0 
	Parameter IS_PSEN_INVERTED bound to: 1'b0 
	Parameter IS_PSINCDEC_INVERTED bound to: 1'b0 
	Parameter IS_PWRDWN_INVERTED bound to: 1'b0 
	Parameter IS_RST_INVERTED bound to: 1'b0 
	Parameter REF_JITTER1 bound to: 0.010000 - type: double 
	Parameter REF_JITTER2 bound to: 0.010000 - type: double 
	Parameter SS_EN bound to: FALSE - type: string 
	Parameter SS_MODE bound to: CENTER_HIGH - type: string 
	Parameter SS_MOD_PERIOD bound to: 10000 - type: integer 
	Parameter STARTUP_WAIT bound to: FALSE - type: string 
INFO: [Synth 8-6155] done synthesizing module 'MMCME2_ADV' (2#1) [/tools/Xilinx/2020/Vivado/2020.2/scripts/rt/data/unisim_comp.v:39998]
INFO: [Synth 8-6157] synthesizing module 'BUFG' [/tools/Xilinx/2020/Vivado/2020.2/scripts/rt/data/unisim_comp.v:1083]
INFO: [Synth 8-6155] done synthesizing module 'BUFG' (3#1) [/tools/Xilinx/2020/Vivado/2020.2/scripts/rt/data/unisim_comp.v:1083]
INFO: [Synth 8-6155] done synthesizing module 'clk_gen_clk_wiz' (4#1) [/home/aujus_dsp_1/Documents/Learning/gigabit_ethernet/IP/clk_gen/output/clk_gen/clk_gen_clk_wiz.v:69]
INFO: [Synth 8-6155] done synthesizing module 'clk_gen' (5#1) [/home/aujus_dsp_1/Documents/Learning/gigabit_ethernet/IP/clk_gen/output/clk_gen/clk_gen.v:71]
---------------------------------------------------------------------------------
Finished RTL Elaboration : Time (s): cpu = 00:00:03 ; elapsed = 00:00:03 . Memory (MB): peak = 2481.863 ; gain = 0.000 ; free physical = 4876 ; free virtual = 68287
---------------------------------------------------------------------------------
---------------------------------------------------------------------------------
Start Handling Custom Attributes
---------------------------------------------------------------------------------
---------------------------------------------------------------------------------
Finished Handling Custom Attributes : Time (s): cpu = 00:00:03 ; elapsed = 00:00:03 . Memory (MB): peak = 2490.656 ; gain = 8.793 ; free physical = 4873 ; free virtual = 68284
---------------------------------------------------------------------------------
---------------------------------------------------------------------------------
Finished RTL Optimization Phase 1 : Time (s): cpu = 00:00:03 ; elapsed = 00:00:03 . Memory (MB): peak = 2490.656 ; gain = 8.793 ; free physical = 4873 ; free virtual = 68284
---------------------------------------------------------------------------------
Netlist sorting complete. Time (s): cpu = 00:00:00 ; elapsed = 00:00:00 . Memory (MB): peak = 2497.594 ; gain = 0.000 ; free physical = 4863 ; free virtual = 68274
INFO: [Netlist 29-17] Analyzing 2 Unisim elements for replacement
INFO: [Netlist 29-28] Unisim Transformation completed in 0 CPU seconds
INFO: [Project 1-570] Preparing netlist for logic optimization

Processing XDC Constraints
Initializing timing engine
Parsing XDC File [/home/aujus_dsp_1/Documents/Learning/gigabit_ethernet/IP/clk_gen/output/clk_gen/clk_gen_ooc.xdc] for cell 'inst'
Finished Parsing XDC File [/home/aujus_dsp_1/Documents/Learning/gigabit_ethernet/IP/clk_gen/output/clk_gen/clk_gen_ooc.xdc] for cell 'inst'
Parsing XDC File [/home/aujus_dsp_1/Documents/Learning/gigabit_ethernet/IP/clk_gen/output/clk_gen/clk_gen_board.xdc] for cell 'inst'
Finished Parsing XDC File [/home/aujus_dsp_1/Documents/Learning/gigabit_ethernet/IP/clk_gen/output/clk_gen/clk_gen_board.xdc] for cell 'inst'
Parsing XDC File [/home/aujus_dsp_1/Documents/Learning/gigabit_ethernet/IP/clk_gen/output/clk_gen/clk_gen.xdc] for cell 'inst'
Finished Parsing XDC File [/home/aujus_dsp_1/Documents/Learning/gigabit_ethernet/IP/clk_gen/output/clk_gen/clk_gen.xdc] for cell 'inst'
INFO: [Project 1-236] Implementation specific constraints were found while reading constraint file [/home/aujus_dsp_1/Documents/Learning/gigabit_ethernet/IP/clk_gen/output/clk_gen/clk_gen.xdc]. These constraints will be ignored for synthesis but will be used in implementation. Impacted constraints are listed in the file [.Xil/clk_gen_propImpl.xdc].
Resolution: To avoid this warning, move constraints listed in [.Xil/clk_gen_propImpl.xdc] to another XDC file and exclude this new file from synthesis with the used_in_synthesis property (File Properties dialog in GUI) and re-run elaboration/synthesis.
INFO: [Timing 38-2] Deriving generated clocks
Completed Processing XDC Constraints

Netlist sorting complete. Time (s): cpu = 00:00:00 ; elapsed = 00:00:00 . Memory (MB): peak = 2571.531 ; gain = 0.000 ; free physical = 5476 ; free virtual = 68896
INFO: [Project 1-111] Unisim Transformation Summary:
No Unisim elements were transformed.

Constraint Validation Runtime : Time (s): cpu = 00:00:00.01 ; elapsed = 00:00:00.02 . Memory (MB): peak = 2571.531 ; gain = 0.000 ; free physical = 5476 ; free virtual = 68896
---------------------------------------------------------------------------------
Finished Constraint Validation : Time (s): cpu = 00:00:05 ; elapsed = 00:00:06 . Memory (MB): peak = 2571.531 ; gain = 89.668 ; free physical = 5625 ; free virtual = 69020
---------------------------------------------------------------------------------
---------------------------------------------------------------------------------
Start Loading Part and Timing Information
---------------------------------------------------------------------------------
Loading part: xc7a100tfgg484-2
---------------------------------------------------------------------------------
Finished Loading Part and Timing Information : Time (s): cpu = 00:00:05 ; elapsed = 00:00:06 . Memory (MB): peak = 2571.531 ; gain = 89.668 ; free physical = 5625 ; free virtual = 69020
---------------------------------------------------------------------------------
---------------------------------------------------------------------------------
Start Applying 'set_property' XDC Constraints
---------------------------------------------------------------------------------
Applied set_property KEEP_HIERARCHY = SOFT for inst. (constraint file  auto generated constraint).
---------------------------------------------------------------------------------
Finished applying 'set_property' XDC Constraints : Time (s): cpu = 00:00:05 ; elapsed = 00:00:06 . Memory (MB): peak = 2571.531 ; gain = 89.668 ; free physical = 5625 ; free virtual = 69020
---------------------------------------------------------------------------------
---------------------------------------------------------------------------------
Finished RTL Optimization Phase 2 : Time (s): cpu = 00:00:06 ; elapsed = 00:00:06 . Memory (MB): peak = 2571.531 ; gain = 89.668 ; free physical = 5624 ; free virtual = 69019
---------------------------------------------------------------------------------
---------------------------------------------------------------------------------
Start RTL Component Statistics 
---------------------------------------------------------------------------------
Detailed RTL Component Info : 
---------------------------------------------------------------------------------
Finished RTL Component Statistics 
---------------------------------------------------------------------------------
---------------------------------------------------------------------------------
Start Part Resource Summary
---------------------------------------------------------------------------------
Part Resources:
DSPs: 240 (col length:80)
BRAMs: 270 (col length: RAMB18 80 RAMB36 40)
---------------------------------------------------------------------------------
Finished Part Resource Summary
---------------------------------------------------------------------------------
---------------------------------------------------------------------------------
Start Cross Boundary and Area Optimization
---------------------------------------------------------------------------------
---------------------------------------------------------------------------------
Finished Cross Boundary and Area Optimization : Time (s): cpu = 00:00:06 ; elapsed = 00:00:07 . Memory (MB): peak = 2571.531 ; gain = 89.668 ; free physical = 5620 ; free virtual = 69019
---------------------------------------------------------------------------------
---------------------------------------------------------------------------------
Start Applying XDC Timing Constraints
---------------------------------------------------------------------------------
---------------------------------------------------------------------------------
Finished Applying XDC Timing Constraints : Time (s): cpu = 00:00:09 ; elapsed = 00:00:10 . Memory (MB): peak = 2571.531 ; gain = 89.668 ; free physical = 5507 ; free virtual = 68913
---------------------------------------------------------------------------------
---------------------------------------------------------------------------------
Start Timing Optimization
---------------------------------------------------------------------------------
---------------------------------------------------------------------------------
Finished Timing Optimization : Time (s): cpu = 00:00:09 ; elapsed = 00:00:10 . Memory (MB): peak = 2571.531 ; gain = 89.668 ; free physical = 5507 ; free virtual = 68913
---------------------------------------------------------------------------------
---------------------------------------------------------------------------------
Start Technology Mapping
---------------------------------------------------------------------------------
---------------------------------------------------------------------------------
Finished Technology Mapping : Time (s): cpu = 00:00:09 ; elapsed = 00:00:10 . Memory (MB): peak = 2571.531 ; gain = 89.668 ; free physical = 5502 ; free virtual = 68908
---------------------------------------------------------------------------------
---------------------------------------------------------------------------------
Start IO Insertion
---------------------------------------------------------------------------------
---------------------------------------------------------------------------------
Start Flattening Before IO Insertion
---------------------------------------------------------------------------------
---------------------------------------------------------------------------------
Finished Flattening Before IO Insertion
---------------------------------------------------------------------------------
---------------------------------------------------------------------------------
Start Final Netlist Cleanup
---------------------------------------------------------------------------------
---------------------------------------------------------------------------------
Finished Final Netlist Cleanup
---------------------------------------------------------------------------------
---------------------------------------------------------------------------------
Finished IO Insertion : Time (s): cpu = 00:00:10 ; elapsed = 00:00:11 . Memory (MB): peak = 2571.531 ; gain = 89.668 ; free physical = 5501 ; free virtual = 68907
---------------------------------------------------------------------------------
---------------------------------------------------------------------------------
Start Renaming Generated Instances
---------------------------------------------------------------------------------
---------------------------------------------------------------------------------
Finished Renaming Generated Instances : Time (s): cpu = 00:00:10 ; elapsed = 00:00:11 . Memory (MB): peak = 2571.531 ; gain = 89.668 ; free physical = 5501 ; free virtual = 68907
---------------------------------------------------------------------------------
---------------------------------------------------------------------------------
Start Rebuilding User Hierarchy
---------------------------------------------------------------------------------
---------------------------------------------------------------------------------
Finished Rebuilding User Hierarchy : Time (s): cpu = 00:00:10 ; elapsed = 00:00:11 . Memory (MB): peak = 2571.531 ; gain = 89.668 ; free physical = 5501 ; free virtual = 68907
---------------------------------------------------------------------------------
---------------------------------------------------------------------------------
Start Renaming Generated Ports
---------------------------------------------------------------------------------
---------------------------------------------------------------------------------
Finished Renaming Generated Ports : Time (s): cpu = 00:00:10 ; elapsed = 00:00:11 . Memory (MB): peak = 2571.531 ; gain = 89.668 ; free physical = 5501 ; free virtual = 68907
---------------------------------------------------------------------------------
---------------------------------------------------------------------------------
Start Handling Custom Attributes
---------------------------------------------------------------------------------
---------------------------------------------------------------------------------
Finished Handling Custom Attributes : Time (s): cpu = 00:00:10 ; elapsed = 00:00:11 . Memory (MB): peak = 2571.531 ; gain = 89.668 ; free physical = 5501 ; free virtual = 68907
---------------------------------------------------------------------------------
---------------------------------------------------------------------------------
Start Renaming Generated Nets
---------------------------------------------------------------------------------
---------------------------------------------------------------------------------
Finished Renaming Generated Nets : Time (s): cpu = 00:00:10 ; elapsed = 00:00:11 . Memory (MB): peak = 2571.531 ; gain = 89.668 ; free physical = 5501 ; free virtual = 68907
---------------------------------------------------------------------------------
---------------------------------------------------------------------------------
Start Writing Synthesis Report
---------------------------------------------------------------------------------

Report BlackBoxes: 
+-+--------------+----------+
| |BlackBox name |Instances |
+-+--------------+----------+
+-+--------------+----------+

Report Cell Usage: 
+------+-----------+------+
|      |Cell       |Count |
+------+-----------+------+
|1     |BUFG       |     3|
|2     |MMCME2_ADV |     1|
|3     |IBUFDS     |     1|
+------+-----------+------+
---------------------------------------------------------------------------------
Finished Writing Synthesis Report : Time (s): cpu = 00:00:10 ; elapsed = 00:00:11 . Memory (MB): peak = 2571.531 ; gain = 89.668 ; free physical = 5501 ; free virtual = 68907
---------------------------------------------------------------------------------
Synthesis finished with 0 errors, 0 critical warnings and 0 warnings.
Synthesis Optimization Runtime : Time (s): cpu = 00:00:10 ; elapsed = 00:00:11 . Memory (MB): peak = 2571.531 ; gain = 8.793 ; free physical = 5559 ; free virtual = 68965
Synthesis Optimization Complete : Time (s): cpu = 00:00:10 ; elapsed = 00:00:11 . Memory (MB): peak = 2571.531 ; gain = 89.668 ; free physical = 5559 ; free virtual = 68965
INFO: [Project 1-571] Translating synthesized netlist
Netlist sorting complete. Time (s): cpu = 00:00:00 ; elapsed = 00:00:00 . Memory (MB): peak = 2571.531 ; gain = 0.000 ; free physical = 5552 ; free virtual = 68958
INFO: [Netlist 29-17] Analyzing 2 Unisim elements for replacement
INFO: [Netlist 29-28] Unisim Transformation completed in 0 CPU seconds
INFO: [Project 1-570] Preparing netlist for logic optimization
Parsing XDC File [/home/aujus_dsp_1/Documents/Learning/gigabit_ethernet/IP/clk_gen/output/clk_gen/clk_gen_ooc.xdc] for cell 'inst'
Finished Parsing XDC File [/home/aujus_dsp_1/Documents/Learning/gigabit_ethernet/IP/clk_gen/output/clk_gen/clk_gen_ooc.xdc] for cell 'inst'
Parsing XDC File [/home/aujus_dsp_1/Documents/Learning/gigabit_ethernet/IP/clk_gen/output/clk_gen/clk_gen_board.xdc] for cell 'inst'
Finished Parsing XDC File [/home/aujus_dsp_1/Documents/Learning/gigabit_ethernet/IP/clk_gen/output/clk_gen/clk_gen_board.xdc] for cell 'inst'
Parsing XDC File [/home/aujus_dsp_1/Documents/Learning/gigabit_ethernet/IP/clk_gen/output/clk_gen/clk_gen.xdc] for cell 'inst'
INFO: [Timing 38-35] Done setting XDC timing constraints. [/home/aujus_dsp_1/Documents/Learning/gigabit_ethernet/IP/clk_gen/output/clk_gen/clk_gen.xdc:57]
INFO: [Timing 38-2] Deriving generated clocks [/home/aujus_dsp_1/Documents/Learning/gigabit_ethernet/IP/clk_gen/output/clk_gen/clk_gen.xdc:57]
Finished Parsing XDC File [/home/aujus_dsp_1/Documents/Learning/gigabit_ethernet/IP/clk_gen/output/clk_gen/clk_gen.xdc] for cell 'inst'
INFO: [Opt 31-138] Pushed 0 inverter(s) to 0 load pin(s).
Netlist sorting complete. Time (s): cpu = 00:00:00 ; elapsed = 00:00:00 . Memory (MB): peak = 2943.426 ; gain = 0.000 ; free physical = 5261 ; free virtual = 68683
INFO: [Project 1-111] Unisim Transformation Summary:
No Unisim elements were transformed.

INFO: [Common 17-83] Releasing license: Synthesis
33 Infos, 0 Warnings, 0 Critical Warnings and 0 Errors encountered.
synth_design completed successfully
synth_design: Time (s): cpu = 00:00:16 ; elapsed = 00:00:14 . Memory (MB): peak = 2943.426 ; gain = 461.676 ; free physical = 5397 ; free virtual = 68819
INFO: [Timing 38-35] Done setting XDC timing constraints.
INFO: [Timing 38-480] Writing timing data to binary archive.
INFO: [Common 17-1381] The checkpoint '/home/aujus_dsp_1/Documents/Learning/gigabit_ethernet/IP/clk_gen/output/clk_gen/clk_gen.dcp' has been generated.
INFO: [Vivado 12-3441] generate_netlist_ip - operation complete
synth_ip: Time (s): cpu = 00:00:17 ; elapsed = 00:00:15 . Memory (MB): peak = 2983.445 ; gain = 501.695 ; free physical = 5479 ; free virtual = 68898
### puts "Clock wizard IP generation complete"
Clock wizard IP generation complete
## puts "Generating vio_mdio IP"
Generating vio_mdio IP
## source "$IP_DIR/vio_mdio/vio_mdio.tcl"
### set IP_NAME vio_mdio
### puts "Creating VIO IP: $IP_NAME"
Creating VIO IP: vio_mdio
### create_ip \
###     -name vio \
###     -vendor xilinx.com \
###     -library ip \
###     -version 3.0 \
###     -module_name $IP_NAME \
###     -dir "$IP_DIR/vio_mdio/output"
### set_property -dict [list \
###     CONFIG.C_NUM_PROBE_IN        {2} \
###     CONFIG.C_NUM_PROBE_OUT       {7} \
###     CONFIG.C_PROBE_IN0_WIDTH     {16} \
###     CONFIG.C_PROBE_IN1_WIDTH     {16} \
###     CONFIG.C_PROBE_OUT1_WIDTH    {5} \
###     CONFIG.C_PROBE_OUT1_INIT_VAL {0x1} \
###     CONFIG.C_PROBE_OUT2_WIDTH    {5} \
###     CONFIG.C_PROBE_OUT5_WIDTH    {16} \
###     CONFIG.C_PROBE_OUT5_INIT_VAL {0x1340} \
### ] [get_ips $IP_NAME]
### generate_target all [get_ips $IP_NAME]
INFO: [IP_Flow 19-1686] Generating 'Instantiation Template' target for IP 'vio_mdio'...
INFO: [IP_Flow 19-1686] Generating 'Synthesis' target for IP 'vio_mdio'...
INFO: [IP_Flow 19-1686] Generating 'Simulation' target for IP 'vio_mdio'...
INFO: [IP_Flow 19-1686] Generating 'Change Log' target for IP 'vio_mdio'...
### synth_ip [get_ips $IP_NAME]
INFO: [IP_Flow 19-234] Refreshing IP repositories
INFO: [IP_Flow 19-1704] No user IP repositories specified
INFO: [IP_Flow 19-2313] Loaded Vivado IP repository '/tools/Xilinx/2020/Vivado/2020.2/data/ip'.
Command: synth_design -top vio_mdio -part xc7a100tfgg484-2 -mode out_of_context
Starting synth_design
Attempting to get a license for feature 'Synthesis' and/or device 'xc7a100t'
INFO: [Common 17-349] Got license for feature 'Synthesis' and/or device 'xc7a100t'
INFO: [Synth 8-7079] Multithreading enabled for synth_design using a maximum of 4 processes.
---------------------------------------------------------------------------------
Starting RTL Elaboration : Time (s): cpu = 00:00:02 ; elapsed = 00:00:02 . Memory (MB): peak = 2983.445 ; gain = 0.000 ; free physical = 4433 ; free virtual = 67857
---------------------------------------------------------------------------------
INFO: [Synth 8-6157] synthesizing module 'vio_mdio' [/home/aujus_dsp_1/Documents/Learning/gigabit_ethernet/IP/vio_mdio/output/vio_mdio/synth/vio_mdio.v:59]
INFO: [Synth 8-6155] done synthesizing module 'vio_mdio' (8#1) [/home/aujus_dsp_1/Documents/Learning/gigabit_ethernet/IP/vio_mdio/output/vio_mdio/synth/vio_mdio.v:59]
---------------------------------------------------------------------------------
Finished RTL Elaboration : Time (s): cpu = 00:00:03 ; elapsed = 00:00:03 . Memory (MB): peak = 2983.445 ; gain = 0.000 ; free physical = 5153 ; free virtual = 68577
---------------------------------------------------------------------------------
---------------------------------------------------------------------------------
Start Handling Custom Attributes
---------------------------------------------------------------------------------
---------------------------------------------------------------------------------
Finished Handling Custom Attributes : Time (s): cpu = 00:00:03 ; elapsed = 00:00:04 . Memory (MB): peak = 2983.445 ; gain = 0.000 ; free physical = 5204 ; free virtual = 68628
---------------------------------------------------------------------------------
---------------------------------------------------------------------------------
Finished RTL Optimization Phase 1 : Time (s): cpu = 00:00:03 ; elapsed = 00:00:04 . Memory (MB): peak = 2983.445 ; gain = 0.000 ; free physical = 5204 ; free virtual = 68628
---------------------------------------------------------------------------------
Netlist sorting complete. Time (s): cpu = 00:00:00.01 ; elapsed = 00:00:00.01 . Memory (MB): peak = 2983.445 ; gain = 0.000 ; free physical = 5210 ; free virtual = 68633
INFO: [Project 1-570] Preparing netlist for logic optimization

Processing XDC Constraints
Initializing timing engine
Parsing XDC File [/home/aujus_dsp_1/Documents/Learning/gigabit_ethernet/IP/vio_mdio/output/vio_mdio/vio_mdio_ooc.xdc]
Finished Parsing XDC File [/home/aujus_dsp_1/Documents/Learning/gigabit_ethernet/IP/vio_mdio/output/vio_mdio/vio_mdio_ooc.xdc]
Parsing XDC File [/home/aujus_dsp_1/Documents/Learning/gigabit_ethernet/IP/vio_mdio/output/vio_mdio/vio_mdio.xdc]
Finished Parsing XDC File [/home/aujus_dsp_1/Documents/Learning/gigabit_ethernet/IP/vio_mdio/output/vio_mdio/vio_mdio.xdc]
Completed Processing XDC Constraints

Netlist sorting complete. Time (s): cpu = 00:00:00 ; elapsed = 00:00:00 . Memory (MB): peak = 3087.020 ; gain = 0.000 ; free physical = 5135 ; free virtual = 68559
INFO: [Project 1-111] Unisim Transformation Summary:
No Unisim elements were transformed.

Constraint Validation Runtime : Time (s): cpu = 00:00:00.01 ; elapsed = 00:00:00.01 . Memory (MB): peak = 3087.020 ; gain = 0.000 ; free physical = 5135 ; free virtual = 68559
---------------------------------------------------------------------------------
Finished Constraint Validation : Time (s): cpu = 00:00:06 ; elapsed = 00:00:07 . Memory (MB): peak = 3087.020 ; gain = 103.574 ; free physical = 5207 ; free virtual = 68632
---------------------------------------------------------------------------------
---------------------------------------------------------------------------------
Start Loading Part and Timing Information
---------------------------------------------------------------------------------
Loading part: xc7a100tfgg484-2
---------------------------------------------------------------------------------
Finished Loading Part and Timing Information : Time (s): cpu = 00:00:06 ; elapsed = 00:00:07 . Memory (MB): peak = 3087.020 ; gain = 103.574 ; free physical = 5207 ; free virtual = 68632
---------------------------------------------------------------------------------
---------------------------------------------------------------------------------
Start Applying 'set_property' XDC Constraints
---------------------------------------------------------------------------------
---------------------------------------------------------------------------------
Finished applying 'set_property' XDC Constraints : Time (s): cpu = 00:00:06 ; elapsed = 00:00:07 . Memory (MB): peak = 3087.020 ; gain = 103.574 ; free physical = 5207 ; free virtual = 68632
---------------------------------------------------------------------------------
---------------------------------------------------------------------------------
Finished RTL Optimization Phase 2 : Time (s): cpu = 00:00:06 ; elapsed = 00:00:07 . Memory (MB): peak = 3087.020 ; gain = 103.574 ; free physical = 5192 ; free virtual = 68617
---------------------------------------------------------------------------------
---------------------------------------------------------------------------------
Start RTL Component Statistics 
---------------------------------------------------------------------------------
Detailed RTL Component Info : 
+---Adders : 
	   2 Input    4 Bit       Adders := 1     
	   2 Input    2 Bit       Adders := 1     
+---Registers : 
	              128 Bit    Registers := 1     
	               32 Bit    Registers := 5     
	               16 Bit    Registers := 15    
	               12 Bit    Registers := 1     
	                7 Bit    Registers := 1     
	                5 Bit    Registers := 3     
	                4 Bit    Registers := 1     
	                3 Bit    Registers := 3     
	                2 Bit    Registers := 1     
	                1 Bit    Registers := 25    
+---Muxes : 
	   2 Input   16 Bit        Muxes := 2     
	   4 Input   12 Bit        Muxes := 1     
	   2 Input    1 Bit        Muxes := 12    
---------------------------------------------------------------------------------
Finished RTL Component Statistics 
---------------------------------------------------------------------------------
---------------------------------------------------------------------------------
Start Part Resource Summary
---------------------------------------------------------------------------------
Part Resources:
DSPs: 240 (col length:80)
BRAMs: 270 (col length: RAMB18 80 RAMB36 40)
---------------------------------------------------------------------------------
Finished Part Resource Summary
---------------------------------------------------------------------------------
---------------------------------------------------------------------------------
Start Cross Boundary and Area Optimization
---------------------------------------------------------------------------------
---------------------------------------------------------------------------------
Finished Cross Boundary and Area Optimization : Time (s): cpu = 00:00:07 ; elapsed = 00:00:08 . Memory (MB): peak = 3087.020 ; gain = 103.574 ; free physical = 5168 ; free virtual = 68597
---------------------------------------------------------------------------------
---------------------------------------------------------------------------------
Start Applying XDC Timing Constraints
---------------------------------------------------------------------------------
---------------------------------------------------------------------------------
Finished Applying XDC Timing Constraints : Time (s): cpu = 00:00:08 ; elapsed = 00:00:09 . Memory (MB): peak = 3087.020 ; gain = 103.574 ; free physical = 5118 ; free virtual = 68548
---------------------------------------------------------------------------------
---------------------------------------------------------------------------------
Start Timing Optimization
---------------------------------------------------------------------------------
---------------------------------------------------------------------------------
Finished Timing Optimization : Time (s): cpu = 00:00:08 ; elapsed = 00:00:09 . Memory (MB): peak = 3087.020 ; gain = 103.574 ; free physical = 5118 ; free virtual = 68548
---------------------------------------------------------------------------------
---------------------------------------------------------------------------------
Start Technology Mapping
---------------------------------------------------------------------------------
---------------------------------------------------------------------------------
Finished Technology Mapping : Time (s): cpu = 00:00:08 ; elapsed = 00:00:09 . Memory (MB): peak = 3087.020 ; gain = 103.574 ; free physical = 5112 ; free virtual = 68542
---------------------------------------------------------------------------------
---------------------------------------------------------------------------------
Start IO Insertion
---------------------------------------------------------------------------------
---------------------------------------------------------------------------------
Start Flattening Before IO Insertion
---------------------------------------------------------------------------------
---------------------------------------------------------------------------------
Finished Flattening Before IO Insertion
---------------------------------------------------------------------------------
---------------------------------------------------------------------------------
Start Final Netlist Cleanup
---------------------------------------------------------------------------------
---------------------------------------------------------------------------------
Finished Final Netlist Cleanup
---------------------------------------------------------------------------------
WARNING: [Synth 8-3295] tying undriven pin inst:sl_iport0[36] to constant 0
WARNING: [Synth 8-3295] tying undriven pin inst:sl_iport0[35] to constant 0
WARNING: [Synth 8-3295] tying undriven pin inst:sl_iport0[34] to constant 0
WARNING: [Synth 8-3295] tying undriven pin inst:sl_iport0[33] to constant 0
WARNING: [Synth 8-3295] tying undriven pin inst:sl_iport0[32] to constant 0
WARNING: [Synth 8-3295] tying undriven pin inst:sl_iport0[31] to constant 0
WARNING: [Synth 8-3295] tying undriven pin inst:sl_iport0[30] to constant 0
WARNING: [Synth 8-3295] tying undriven pin inst:sl_iport0[29] to constant 0
WARNING: [Synth 8-3295] tying undriven pin inst:sl_iport0[28] to constant 0
WARNING: [Synth 8-3295] tying undriven pin inst:sl_iport0[27] to constant 0
WARNING: [Synth 8-3295] tying undriven pin inst:sl_iport0[26] to constant 0
WARNING: [Synth 8-3295] tying undriven pin inst:sl_iport0[25] to constant 0
WARNING: [Synth 8-3295] tying undriven pin inst:sl_iport0[24] to constant 0
WARNING: [Synth 8-3295] tying undriven pin inst:sl_iport0[23] to constant 0
WARNING: [Synth 8-3295] tying undriven pin inst:sl_iport0[22] to constant 0
WARNING: [Synth 8-3295] tying undriven pin inst:sl_iport0[21] to constant 0
WARNING: [Synth 8-3295] tying undriven pin inst:sl_iport0[20] to constant 0
WARNING: [Synth 8-3295] tying undriven pin inst:sl_iport0[19] to constant 0
WARNING: [Synth 8-3295] tying undriven pin inst:sl_iport0[18] to constant 0
WARNING: [Synth 8-3295] tying undriven pin inst:sl_iport0[17] to constant 0
WARNING: [Synth 8-3295] tying undriven pin inst:sl_iport0[16] to constant 0
WARNING: [Synth 8-3295] tying undriven pin inst:sl_iport0[15] to constant 0
WARNING: [Synth 8-3295] tying undriven pin inst:sl_iport0[14] to constant 0
WARNING: [Synth 8-3295] tying undriven pin inst:sl_iport0[13] to constant 0
WARNING: [Synth 8-3295] tying undriven pin inst:sl_iport0[12] to constant 0
WARNING: [Synth 8-3295] tying undriven pin inst:sl_iport0[11] to constant 0
WARNING: [Synth 8-3295] tying undriven pin inst:sl_iport0[10] to constant 0
WARNING: [Synth 8-3295] tying undriven pin inst:sl_iport0[9] to constant 0
WARNING: [Synth 8-3295] tying undriven pin inst:sl_iport0[8] to constant 0
WARNING: [Synth 8-3295] tying undriven pin inst:sl_iport0[7] to constant 0
WARNING: [Synth 8-3295] tying undriven pin inst:sl_iport0[6] to constant 0
WARNING: [Synth 8-3295] tying undriven pin inst:sl_iport0[5] to constant 0
WARNING: [Synth 8-3295] tying undriven pin inst:sl_iport0[4] to constant 0
WARNING: [Synth 8-3295] tying undriven pin inst:sl_iport0[3] to constant 0
WARNING: [Synth 8-3295] tying undriven pin inst:sl_iport0[2] to constant 0
WARNING: [Synth 8-3295] tying undriven pin inst:sl_iport0[1] to constant 0
WARNING: [Synth 8-3295] tying undriven pin inst:sl_iport0[0] to constant 0
---------------------------------------------------------------------------------
Finished IO Insertion : Time (s): cpu = 00:00:09 ; elapsed = 00:00:10 . Memory (MB): peak = 3087.020 ; gain = 103.574 ; free physical = 5127 ; free virtual = 68551
---------------------------------------------------------------------------------
---------------------------------------------------------------------------------
Start Renaming Generated Instances
---------------------------------------------------------------------------------
---------------------------------------------------------------------------------
Finished Renaming Generated Instances : Time (s): cpu = 00:00:09 ; elapsed = 00:00:10 . Memory (MB): peak = 3087.020 ; gain = 103.574 ; free physical = 5127 ; free virtual = 68551
---------------------------------------------------------------------------------
---------------------------------------------------------------------------------
Start Rebuilding User Hierarchy
---------------------------------------------------------------------------------
---------------------------------------------------------------------------------
Finished Rebuilding User Hierarchy : Time (s): cpu = 00:00:09 ; elapsed = 00:00:10 . Memory (MB): peak = 3087.020 ; gain = 103.574 ; free physical = 5126 ; free virtual = 68551
---------------------------------------------------------------------------------
---------------------------------------------------------------------------------
Start Renaming Generated Ports
---------------------------------------------------------------------------------
---------------------------------------------------------------------------------
Finished Renaming Generated Ports : Time (s): cpu = 00:00:09 ; elapsed = 00:00:10 . Memory (MB): peak = 3087.020 ; gain = 103.574 ; free physical = 5126 ; free virtual = 68551
---------------------------------------------------------------------------------
---------------------------------------------------------------------------------
Start Handling Custom Attributes
---------------------------------------------------------------------------------
---------------------------------------------------------------------------------
Finished Handling Custom Attributes : Time (s): cpu = 00:00:09 ; elapsed = 00:00:10 . Memory (MB): peak = 3087.020 ; gain = 103.574 ; free physical = 5126 ; free virtual = 68551
---------------------------------------------------------------------------------
---------------------------------------------------------------------------------
Start Renaming Generated Nets
---------------------------------------------------------------------------------
---------------------------------------------------------------------------------
Finished Renaming Generated Nets : Time (s): cpu = 00:00:09 ; elapsed = 00:00:10 . Memory (MB): peak = 3087.020 ; gain = 103.574 ; free physical = 5126 ; free virtual = 68551
---------------------------------------------------------------------------------
---------------------------------------------------------------------------------
Start Writing Synthesis Report
---------------------------------------------------------------------------------

Report BlackBoxes: 
+-+--------------+----------+
| |BlackBox name |Instances |
+-+--------------+----------+
+-+--------------+----------+

Report Cell Usage: 
+------+------+------+
|      |Cell  |Count |
+------+------+------+
|1     |LUT1  |     3|
|2     |LUT2  |    12|
|3     |LUT3  |    29|
|4     |LUT4  |    82|
|5     |LUT5  |    38|
|6     |LUT6  |    97|
|7     |MUXF7 |     1|
|8     |FDRE  |   489|
|9     |FDSE  |    10|
+------+------+------+
---------------------------------------------------------------------------------
Finished Writing Synthesis Report : Time (s): cpu = 00:00:09 ; elapsed = 00:00:10 . Memory (MB): peak = 3087.020 ; gain = 103.574 ; free physical = 5126 ; free virtual = 68551
---------------------------------------------------------------------------------
Synthesis finished with 0 errors, 0 critical warnings and 37 warnings.
Synthesis Optimization Runtime : Time (s): cpu = 00:00:09 ; elapsed = 00:00:10 . Memory (MB): peak = 3087.020 ; gain = 0.000 ; free physical = 5181 ; free virtual = 68606
Synthesis Optimization Complete : Time (s): cpu = 00:00:09 ; elapsed = 00:00:10 . Memory (MB): peak = 3087.020 ; gain = 103.574 ; free physical = 5181 ; free virtual = 68606
INFO: [Project 1-571] Translating synthesized netlist
Netlist sorting complete. Time (s): cpu = 00:00:00.01 ; elapsed = 00:00:00.01 . Memory (MB): peak = 3087.020 ; gain = 0.000 ; free physical = 5265 ; free virtual = 68689
INFO: [Netlist 29-17] Analyzing 1 Unisim elements for replacement
INFO: [Netlist 29-28] Unisim Transformation completed in 0 CPU seconds
INFO: [Project 1-570] Preparing netlist for logic optimization
Parsing XDC File [/home/aujus_dsp_1/Documents/Learning/gigabit_ethernet/IP/vio_mdio/output/vio_mdio/vio_mdio_ooc.xdc]
Finished Parsing XDC File [/home/aujus_dsp_1/Documents/Learning/gigabit_ethernet/IP/vio_mdio/output/vio_mdio/vio_mdio_ooc.xdc]
Parsing XDC File [/home/aujus_dsp_1/Documents/Learning/gigabit_ethernet/IP/vio_mdio/output/vio_mdio/vio_mdio.xdc]
Finished Parsing XDC File [/home/aujus_dsp_1/Documents/Learning/gigabit_ethernet/IP/vio_mdio/output/vio_mdio/vio_mdio.xdc]
INFO: [Opt 31-138] Pushed 0 inverter(s) to 0 load pin(s).
Netlist sorting complete. Time (s): cpu = 00:00:00 ; elapsed = 00:00:00 . Memory (MB): peak = 3087.020 ; gain = 0.000 ; free physical = 5203 ; free virtual = 68627
INFO: [Project 1-111] Unisim Transformation Summary:
No Unisim elements were transformed.

INFO: [Common 17-83] Releasing license: Synthesis
16 Infos, 37 Warnings, 0 Critical Warnings and 0 Errors encountered.
synth_design completed successfully
synth_design: Time (s): cpu = 00:00:13 ; elapsed = 00:00:11 . Memory (MB): peak = 3087.020 ; gain = 103.574 ; free physical = 5340 ; free virtual = 68765
INFO: [Coretcl 2-1174] Renamed 13 cell refs.
INFO: [Timing 38-480] Writing timing data to binary archive.
INFO: [Common 17-1381] The checkpoint '/home/aujus_dsp_1/Documents/Learning/gigabit_ethernet/IP/vio_mdio/output/vio_mdio/vio_mdio.dcp' has been generated.
INFO: [Vivado 12-3441] generate_netlist_ip - operation complete
synth_ip: Time (s): cpu = 00:00:14 ; elapsed = 00:00:12 . Memory (MB): peak = 3127.039 ; gain = 143.594 ; free physical = 5417 ; free virtual = 68834
### puts "VIO MDIO created successfully."
VIO MDIO created successfully.
## puts "Generating vio_gmii_tx IP"
Generating vio_gmii_tx IP
## source "$IP_DIR/vio_gmii_tx/vio_gmii_tx.tcl"
### set IP_NAME vio_gmii_tx
### puts "Creating VIO IP: $IP_NAME"
Creating VIO IP: vio_gmii_tx
### create_ip \
###     -name vio \
###     -vendor xilinx.com \
###     -library ip \
###     -version 3.0 \
###     -module_name $IP_NAME \
###     -dir "$IP_DIR/vio_gmii_tx/output"
### set_property -dict [list \
###     CONFIG.C_NUM_PROBE_IN      {1} \
###     CONFIG.C_NUM_PROBE_OUT     {6} \
###     CONFIG.C_PROBE_IN0_WIDTH   {1} \
###     CONFIG.C_PROBE_OUT0_WIDTH  {1} \
###     CONFIG.C_PROBE_OUT1_WIDTH  {48} \
###     CONFIG.C_PROBE_OUT2_WIDTH  {48} \
###     CONFIG.C_PROBE_OUT3_WIDTH  {16} \
###     CONFIG.C_PROBE_OUT4_WIDTH  {32} \
###     CONFIG.C_PROBE_OUT5_WIDTH  {1} \
###     CONFIG.C_PROBE_OUT0_INIT_VAL {0x0} \
###     CONFIG.C_PROBE_OUT1_INIT_VAL {0x000000FFFFFF} \
###     CONFIG.C_PROBE_OUT2_INIT_VAL {0x02123456789A} \
###     CONFIG.C_PROBE_OUT3_INIT_VAL {0x88B5} \
###     CONFIG.C_PROBE_OUT4_INIT_VAL {0x83E8CCEE} \
###     CONFIG.C_PROBE_OUT5_INIT_VAL {0x0} \
### ] [get_ips $IP_NAME]
### generate_target all [get_ips $IP_NAME]
INFO: [IP_Flow 19-1686] Generating 'Instantiation Template' target for IP 'vio_gmii_tx'...
INFO: [IP_Flow 19-1686] Generating 'Synthesis' target for IP 'vio_gmii_tx'...
INFO: [IP_Flow 19-1686] Generating 'Simulation' target for IP 'vio_gmii_tx'...
INFO: [IP_Flow 19-1686] Generating 'Change Log' target for IP 'vio_gmii_tx'...
### synth_ip [get_ips $IP_NAME]
INFO: [IP_Flow 19-234] Refreshing IP repositories
INFO: [IP_Flow 19-1704] No user IP repositories specified
INFO: [IP_Flow 19-2313] Loaded Vivado IP repository '/tools/Xilinx/2020/Vivado/2020.2/data/ip'.
Command: synth_design -top vio_gmii_tx -part xc7a100tfgg484-2 -mode out_of_context
Starting synth_design
Attempting to get a license for feature 'Synthesis' and/or device 'xc7a100t'
INFO: [Common 17-349] Got license for feature 'Synthesis' and/or device 'xc7a100t'
INFO: [Synth 8-7079] Multithreading enabled for synth_design using a maximum of 4 processes.
---------------------------------------------------------------------------------
Starting RTL Elaboration : Time (s): cpu = 00:00:02 ; elapsed = 00:00:03 . Memory (MB): peak = 3127.039 ; gain = 0.000 ; free physical = 4381 ; free virtual = 67801
---------------------------------------------------------------------------------
INFO: [Synth 8-6157] synthesizing module 'vio_gmii_tx' [/home/aujus_dsp_1/Documents/Learning/gigabit_ethernet/IP/vio_gmii_tx/output/vio_gmii_tx/synth/vio_gmii_tx.v:59]
INFO: [Synth 8-6155] done synthesizing module 'vio_gmii_tx' (8#1) [/home/aujus_dsp_1/Documents/Learning/gigabit_ethernet/IP/vio_gmii_tx/output/vio_gmii_tx/synth/vio_gmii_tx.v:59]
---------------------------------------------------------------------------------
Finished RTL Elaboration : Time (s): cpu = 00:00:03 ; elapsed = 00:00:03 . Memory (MB): peak = 3127.039 ; gain = 0.000 ; free physical = 5128 ; free virtual = 68551
---------------------------------------------------------------------------------
---------------------------------------------------------------------------------
Start Handling Custom Attributes
---------------------------------------------------------------------------------
---------------------------------------------------------------------------------
Finished Handling Custom Attributes : Time (s): cpu = 00:00:03 ; elapsed = 00:00:04 . Memory (MB): peak = 3127.039 ; gain = 0.000 ; free physical = 5154 ; free virtual = 68578
---------------------------------------------------------------------------------
---------------------------------------------------------------------------------
Finished RTL Optimization Phase 1 : Time (s): cpu = 00:00:03 ; elapsed = 00:00:04 . Memory (MB): peak = 3127.039 ; gain = 0.000 ; free physical = 5154 ; free virtual = 68578
---------------------------------------------------------------------------------
Netlist sorting complete. Time (s): cpu = 00:00:00 ; elapsed = 00:00:00.01 . Memory (MB): peak = 3127.039 ; gain = 0.000 ; free physical = 5149 ; free virtual = 68572
INFO: [Project 1-570] Preparing netlist for logic optimization

Processing XDC Constraints
Initializing timing engine
Parsing XDC File [/home/aujus_dsp_1/Documents/Learning/gigabit_ethernet/IP/vio_gmii_tx/output/vio_gmii_tx/vio_gmii_tx_ooc.xdc]
Finished Parsing XDC File [/home/aujus_dsp_1/Documents/Learning/gigabit_ethernet/IP/vio_gmii_tx/output/vio_gmii_tx/vio_gmii_tx_ooc.xdc]
Parsing XDC File [/home/aujus_dsp_1/Documents/Learning/gigabit_ethernet/IP/vio_gmii_tx/output/vio_gmii_tx/vio_gmii_tx.xdc]
Finished Parsing XDC File [/home/aujus_dsp_1/Documents/Learning/gigabit_ethernet/IP/vio_gmii_tx/output/vio_gmii_tx/vio_gmii_tx.xdc]
Completed Processing XDC Constraints

Netlist sorting complete. Time (s): cpu = 00:00:00 ; elapsed = 00:00:00 . Memory (MB): peak = 3185.863 ; gain = 0.000 ; free physical = 5084 ; free virtual = 68509
INFO: [Project 1-111] Unisim Transformation Summary:
No Unisim elements were transformed.

Constraint Validation Runtime : Time (s): cpu = 00:00:00.02 ; elapsed = 00:00:00.01 . Memory (MB): peak = 3185.863 ; gain = 0.000 ; free physical = 5084 ; free virtual = 68509
---------------------------------------------------------------------------------
Finished Constraint Validation : Time (s): cpu = 00:00:06 ; elapsed = 00:00:07 . Memory (MB): peak = 3185.863 ; gain = 58.824 ; free physical = 5153 ; free virtual = 68578
---------------------------------------------------------------------------------
---------------------------------------------------------------------------------
Start Loading Part and Timing Information
---------------------------------------------------------------------------------
Loading part: xc7a100tfgg484-2
---------------------------------------------------------------------------------
Finished Loading Part and Timing Information : Time (s): cpu = 00:00:06 ; elapsed = 00:00:07 . Memory (MB): peak = 3185.863 ; gain = 58.824 ; free physical = 5153 ; free virtual = 68578
---------------------------------------------------------------------------------
---------------------------------------------------------------------------------
Start Applying 'set_property' XDC Constraints
---------------------------------------------------------------------------------
---------------------------------------------------------------------------------
Finished applying 'set_property' XDC Constraints : Time (s): cpu = 00:00:06 ; elapsed = 00:00:07 . Memory (MB): peak = 3185.863 ; gain = 58.824 ; free physical = 5153 ; free virtual = 68577
---------------------------------------------------------------------------------
---------------------------------------------------------------------------------
Finished RTL Optimization Phase 2 : Time (s): cpu = 00:00:06 ; elapsed = 00:00:07 . Memory (MB): peak = 3185.863 ; gain = 58.824 ; free physical = 5148 ; free virtual = 68573
---------------------------------------------------------------------------------
---------------------------------------------------------------------------------
Start RTL Component Statistics 
---------------------------------------------------------------------------------
Detailed RTL Component Info : 
+---Adders : 
	   2 Input    2 Bit       Adders := 4     
+---Registers : 
	              128 Bit    Registers := 1     
	               48 Bit    Registers := 2     
	               32 Bit    Registers := 1     
	               16 Bit    Registers := 21    
	               14 Bit    Registers := 1     
	                7 Bit    Registers := 1     
	                5 Bit    Registers := 1     
	                3 Bit    Registers := 4     
	                2 Bit    Registers := 4     
	                1 Bit    Registers := 27    
+---Muxes : 
	   3 Input   16 Bit        Muxes := 2     
	   2 Input   16 Bit        Muxes := 3     
	   3 Input   14 Bit        Muxes := 1     
	   2 Input    1 Bit        Muxes := 9     
---------------------------------------------------------------------------------
Finished RTL Component Statistics 
---------------------------------------------------------------------------------
---------------------------------------------------------------------------------
Start Part Resource Summary
---------------------------------------------------------------------------------
Part Resources:
DSPs: 240 (col length:80)
BRAMs: 270 (col length: RAMB18 80 RAMB36 40)
---------------------------------------------------------------------------------
Finished Part Resource Summary
---------------------------------------------------------------------------------
---------------------------------------------------------------------------------
Start Cross Boundary and Area Optimization
---------------------------------------------------------------------------------
---------------------------------------------------------------------------------
Finished Cross Boundary and Area Optimization : Time (s): cpu = 00:00:07 ; elapsed = 00:00:08 . Memory (MB): peak = 3185.863 ; gain = 58.824 ; free physical = 5129 ; free virtual = 68561
---------------------------------------------------------------------------------
---------------------------------------------------------------------------------
Start Applying XDC Timing Constraints
---------------------------------------------------------------------------------
---------------------------------------------------------------------------------
Finished Applying XDC Timing Constraints : Time (s): cpu = 00:00:08 ; elapsed = 00:00:09 . Memory (MB): peak = 3185.863 ; gain = 58.824 ; free physical = 5084 ; free virtual = 68513
---------------------------------------------------------------------------------
---------------------------------------------------------------------------------
Start Timing Optimization
---------------------------------------------------------------------------------
---------------------------------------------------------------------------------
Finished Timing Optimization : Time (s): cpu = 00:00:08 ; elapsed = 00:00:09 . Memory (MB): peak = 3185.863 ; gain = 58.824 ; free physical = 5084 ; free virtual = 68513
---------------------------------------------------------------------------------
---------------------------------------------------------------------------------
Start Technology Mapping
---------------------------------------------------------------------------------
---------------------------------------------------------------------------------
Finished Technology Mapping : Time (s): cpu = 00:00:08 ; elapsed = 00:00:09 . Memory (MB): peak = 3185.863 ; gain = 58.824 ; free physical = 5078 ; free virtual = 68508
---------------------------------------------------------------------------------
---------------------------------------------------------------------------------
Start IO Insertion
---------------------------------------------------------------------------------
---------------------------------------------------------------------------------
Start Flattening Before IO Insertion
---------------------------------------------------------------------------------
---------------------------------------------------------------------------------
Finished Flattening Before IO Insertion
---------------------------------------------------------------------------------
---------------------------------------------------------------------------------
Start Final Netlist Cleanup
---------------------------------------------------------------------------------
---------------------------------------------------------------------------------
Finished Final Netlist Cleanup
---------------------------------------------------------------------------------
WARNING: [Synth 8-3295] tying undriven pin inst:sl_iport0[36] to constant 0
WARNING: [Synth 8-3295] tying undriven pin inst:sl_iport0[35] to constant 0
WARNING: [Synth 8-3295] tying undriven pin inst:sl_iport0[34] to constant 0
WARNING: [Synth 8-3295] tying undriven pin inst:sl_iport0[33] to constant 0
WARNING: [Synth 8-3295] tying undriven pin inst:sl_iport0[32] to constant 0
WARNING: [Synth 8-3295] tying undriven pin inst:sl_iport0[31] to constant 0
WARNING: [Synth 8-3295] tying undriven pin inst:sl_iport0[30] to constant 0
WARNING: [Synth 8-3295] tying undriven pin inst:sl_iport0[29] to constant 0
WARNING: [Synth 8-3295] tying undriven pin inst:sl_iport0[28] to constant 0
WARNING: [Synth 8-3295] tying undriven pin inst:sl_iport0[27] to constant 0
WARNING: [Synth 8-3295] tying undriven pin inst:sl_iport0[26] to constant 0
WARNING: [Synth 8-3295] tying undriven pin inst:sl_iport0[25] to constant 0
WARNING: [Synth 8-3295] tying undriven pin inst:sl_iport0[24] to constant 0
WARNING: [Synth 8-3295] tying undriven pin inst:sl_iport0[23] to constant 0
WARNING: [Synth 8-3295] tying undriven pin inst:sl_iport0[22] to constant 0
WARNING: [Synth 8-3295] tying undriven pin inst:sl_iport0[21] to constant 0
WARNING: [Synth 8-3295] tying undriven pin inst:sl_iport0[20] to constant 0
WARNING: [Synth 8-3295] tying undriven pin inst:sl_iport0[19] to constant 0
WARNING: [Synth 8-3295] tying undriven pin inst:sl_iport0[18] to constant 0
WARNING: [Synth 8-3295] tying undriven pin inst:sl_iport0[17] to constant 0
WARNING: [Synth 8-3295] tying undriven pin inst:sl_iport0[16] to constant 0
WARNING: [Synth 8-3295] tying undriven pin inst:sl_iport0[15] to constant 0
WARNING: [Synth 8-3295] tying undriven pin inst:sl_iport0[14] to constant 0
WARNING: [Synth 8-3295] tying undriven pin inst:sl_iport0[13] to constant 0
WARNING: [Synth 8-3295] tying undriven pin inst:sl_iport0[12] to constant 0
WARNING: [Synth 8-3295] tying undriven pin inst:sl_iport0[11] to constant 0
WARNING: [Synth 8-3295] tying undriven pin inst:sl_iport0[10] to constant 0
WARNING: [Synth 8-3295] tying undriven pin inst:sl_iport0[9] to constant 0
WARNING: [Synth 8-3295] tying undriven pin inst:sl_iport0[8] to constant 0
WARNING: [Synth 8-3295] tying undriven pin inst:sl_iport0[7] to constant 0
WARNING: [Synth 8-3295] tying undriven pin inst:sl_iport0[6] to constant 0
WARNING: [Synth 8-3295] tying undriven pin inst:sl_iport0[5] to constant 0
WARNING: [Synth 8-3295] tying undriven pin inst:sl_iport0[4] to constant 0
WARNING: [Synth 8-3295] tying undriven pin inst:sl_iport0[3] to constant 0
WARNING: [Synth 8-3295] tying undriven pin inst:sl_iport0[2] to constant 0
WARNING: [Synth 8-3295] tying undriven pin inst:sl_iport0[1] to constant 0
WARNING: [Synth 8-3295] tying undriven pin inst:sl_iport0[0] to constant 0
---------------------------------------------------------------------------------
Finished IO Insertion : Time (s): cpu = 00:00:10 ; elapsed = 00:00:11 . Memory (MB): peak = 3185.863 ; gain = 58.824 ; free physical = 5085 ; free virtual = 68518
---------------------------------------------------------------------------------
---------------------------------------------------------------------------------
Start Renaming Generated Instances
---------------------------------------------------------------------------------
---------------------------------------------------------------------------------
Finished Renaming Generated Instances : Time (s): cpu = 00:00:10 ; elapsed = 00:00:11 . Memory (MB): peak = 3185.863 ; gain = 58.824 ; free physical = 5085 ; free virtual = 68518
---------------------------------------------------------------------------------
---------------------------------------------------------------------------------
Start Rebuilding User Hierarchy
---------------------------------------------------------------------------------
---------------------------------------------------------------------------------
Finished Rebuilding User Hierarchy : Time (s): cpu = 00:00:10 ; elapsed = 00:00:11 . Memory (MB): peak = 3185.863 ; gain = 58.824 ; free physical = 5085 ; free virtual = 68518
---------------------------------------------------------------------------------
---------------------------------------------------------------------------------
Start Renaming Generated Ports
---------------------------------------------------------------------------------
---------------------------------------------------------------------------------
Finished Renaming Generated Ports : Time (s): cpu = 00:00:10 ; elapsed = 00:00:11 . Memory (MB): peak = 3185.863 ; gain = 58.824 ; free physical = 5085 ; free virtual = 68518
---------------------------------------------------------------------------------
---------------------------------------------------------------------------------
Start Handling Custom Attributes
---------------------------------------------------------------------------------
---------------------------------------------------------------------------------
Finished Handling Custom Attributes : Time (s): cpu = 00:00:10 ; elapsed = 00:00:11 . Memory (MB): peak = 3185.863 ; gain = 58.824 ; free physical = 5085 ; free virtual = 68518
---------------------------------------------------------------------------------
---------------------------------------------------------------------------------
Start Renaming Generated Nets
---------------------------------------------------------------------------------
---------------------------------------------------------------------------------
Finished Renaming Generated Nets : Time (s): cpu = 00:00:10 ; elapsed = 00:00:11 . Memory (MB): peak = 3185.863 ; gain = 58.824 ; free physical = 5085 ; free virtual = 68518
---------------------------------------------------------------------------------
---------------------------------------------------------------------------------
Start Writing Synthesis Report
---------------------------------------------------------------------------------

Report BlackBoxes: 
+-+--------------+----------+
| |BlackBox name |Instances |
+-+--------------+----------+
+-+--------------+----------+

Report Cell Usage: 
+------+-----+------+
|      |Cell |Count |
+------+-----+------+
|1     |LUT1 |     2|
|2     |LUT2 |     8|
|3     |LUT3 |    46|
|4     |LUT4 |    28|
|5     |LUT5 |    76|
|6     |LUT6 |    83|
|7     |FDRE |   482|
|8     |FDSE |   132|
+------+-----+------+
---------------------------------------------------------------------------------
Finished Writing Synthesis Report : Time (s): cpu = 00:00:10 ; elapsed = 00:00:11 . Memory (MB): peak = 3185.863 ; gain = 58.824 ; free physical = 5085 ; free virtual = 68518
---------------------------------------------------------------------------------
Synthesis finished with 0 errors, 0 critical warnings and 37 warnings.
Synthesis Optimization Runtime : Time (s): cpu = 00:00:09 ; elapsed = 00:00:11 . Memory (MB): peak = 3185.863 ; gain = 0.000 ; free physical = 5133 ; free virtual = 68565
Synthesis Optimization Complete : Time (s): cpu = 00:00:10 ; elapsed = 00:00:11 . Memory (MB): peak = 3185.863 ; gain = 58.824 ; free physical = 5133 ; free virtual = 68565
INFO: [Project 1-571] Translating synthesized netlist
Netlist sorting complete. Time (s): cpu = 00:00:00.01 ; elapsed = 00:00:00.01 . Memory (MB): peak = 3185.863 ; gain = 0.000 ; free physical = 5219 ; free virtual = 68650
INFO: [Project 1-570] Preparing netlist for logic optimization
Parsing XDC File [/home/aujus_dsp_1/Documents/Learning/gigabit_ethernet/IP/vio_gmii_tx/output/vio_gmii_tx/vio_gmii_tx_ooc.xdc]
Finished Parsing XDC File [/home/aujus_dsp_1/Documents/Learning/gigabit_ethernet/IP/vio_gmii_tx/output/vio_gmii_tx/vio_gmii_tx_ooc.xdc]
Parsing XDC File [/home/aujus_dsp_1/Documents/Learning/gigabit_ethernet/IP/vio_gmii_tx/output/vio_gmii_tx/vio_gmii_tx.xdc]
Finished Parsing XDC File [/home/aujus_dsp_1/Documents/Learning/gigabit_ethernet/IP/vio_gmii_tx/output/vio_gmii_tx/vio_gmii_tx.xdc]
INFO: [Opt 31-138] Pushed 0 inverter(s) to 0 load pin(s).
Netlist sorting complete. Time (s): cpu = 00:00:00 ; elapsed = 00:00:00 . Memory (MB): peak = 3185.863 ; gain = 0.000 ; free physical = 5152 ; free virtual = 68583
INFO: [Project 1-111] Unisim Transformation Summary:
No Unisim elements were transformed.

INFO: [Common 17-83] Releasing license: Synthesis
14 Infos, 37 Warnings, 0 Critical Warnings and 0 Errors encountered.
synth_design completed successfully
synth_design: Time (s): cpu = 00:00:14 ; elapsed = 00:00:12 . Memory (MB): peak = 3185.863 ; gain = 58.824 ; free physical = 5282 ; free virtual = 68713
INFO: [Coretcl 2-1174] Renamed 12 cell refs.
INFO: [Timing 38-480] Writing timing data to binary archive.
INFO: [Common 17-1381] The checkpoint '/home/aujus_dsp_1/Documents/Learning/gigabit_ethernet/IP/vio_gmii_tx/output/vio_gmii_tx/vio_gmii_tx.dcp' has been generated.
INFO: [Vivado 12-3441] generate_netlist_ip - operation complete
synth_ip: Time (s): cpu = 00:00:15 ; elapsed = 00:00:13 . Memory (MB): peak = 3185.863 ; gain = 58.824 ; free physical = 5364 ; free virtual = 68792
### puts "VIO GMII_Tx created successfully."
VIO GMII_Tx created successfully.
## puts "Generating vio_gmii_rx IP"
Generating vio_gmii_rx IP
## source "$IP_DIR/vio_gmii_rx/vio_gmii_rx.tcl"
### set IP_NAME vio_gmii_rx
### puts "Creating VIO IP: $IP_NAME"
Creating VIO IP: vio_gmii_rx
### create_ip \
###     -name vio \
###     -vendor xilinx.com \
###     -library ip \
###     -version 3.0 \
###     -module_name $IP_NAME \
###     -dir "$IP_DIR/vio_gmii_rx/output"
### set_property -dict [list \
###     CONFIG.C_NUM_PROBE_IN      {0} \
###     CONFIG.C_NUM_PROBE_OUT     {1} \
###     CONFIG.C_PROBE_OUT0_WIDTH  {1} \
###     CONFIG.C_PROBE_OUT0_INIT_VAL {0x0} \
### ] [get_ips $IP_NAME]
### generate_target all [get_ips $IP_NAME]
INFO: [IP_Flow 19-1686] Generating 'Instantiation Template' target for IP 'vio_gmii_rx'...
INFO: [IP_Flow 19-1686] Generating 'Synthesis' target for IP 'vio_gmii_rx'...
INFO: [IP_Flow 19-1686] Generating 'Simulation' target for IP 'vio_gmii_rx'...
INFO: [IP_Flow 19-1686] Generating 'Change Log' target for IP 'vio_gmii_rx'...
### synth_ip [get_ips $IP_NAME]
INFO: [IP_Flow 19-234] Refreshing IP repositories
INFO: [IP_Flow 19-1704] No user IP repositories specified
INFO: [IP_Flow 19-2313] Loaded Vivado IP repository '/tools/Xilinx/2020/Vivado/2020.2/data/ip'.
Command: synth_design -top vio_gmii_rx -part xc7a100tfgg484-2 -mode out_of_context
Starting synth_design
Attempting to get a license for feature 'Synthesis' and/or device 'xc7a100t'
INFO: [Common 17-349] Got license for feature 'Synthesis' and/or device 'xc7a100t'
INFO: [Synth 8-7079] Multithreading enabled for synth_design using a maximum of 4 processes.
---------------------------------------------------------------------------------
Starting RTL Elaboration : Time (s): cpu = 00:00:02 ; elapsed = 00:00:03 . Memory (MB): peak = 3185.863 ; gain = 0.000 ; free physical = 4364 ; free virtual = 67786
---------------------------------------------------------------------------------
INFO: [Synth 8-6157] synthesizing module 'vio_gmii_rx' [/home/aujus_dsp_1/Documents/Learning/gigabit_ethernet/IP/vio_gmii_rx/output/vio_gmii_rx/synth/vio_gmii_rx.v:59]
INFO: [Synth 8-6155] done synthesizing module 'vio_gmii_rx' (6#1) [/home/aujus_dsp_1/Documents/Learning/gigabit_ethernet/IP/vio_gmii_rx/output/vio_gmii_rx/synth/vio_gmii_rx.v:59]
---------------------------------------------------------------------------------
Finished RTL Elaboration : Time (s): cpu = 00:00:03 ; elapsed = 00:00:03 . Memory (MB): peak = 3185.863 ; gain = 0.000 ; free physical = 5121 ; free virtual = 68542
---------------------------------------------------------------------------------
---------------------------------------------------------------------------------
Start Handling Custom Attributes
---------------------------------------------------------------------------------
---------------------------------------------------------------------------------
Finished Handling Custom Attributes : Time (s): cpu = 00:00:03 ; elapsed = 00:00:04 . Memory (MB): peak = 3185.863 ; gain = 0.000 ; free physical = 5087 ; free virtual = 68509
---------------------------------------------------------------------------------
---------------------------------------------------------------------------------
Finished RTL Optimization Phase 1 : Time (s): cpu = 00:00:03 ; elapsed = 00:00:04 . Memory (MB): peak = 3185.863 ; gain = 0.000 ; free physical = 5087 ; free virtual = 68509
---------------------------------------------------------------------------------
Netlist sorting complete. Time (s): cpu = 00:00:00 ; elapsed = 00:00:00 . Memory (MB): peak = 3185.863 ; gain = 0.000 ; free physical = 5142 ; free virtual = 68563
INFO: [Project 1-570] Preparing netlist for logic optimization

Processing XDC Constraints
Initializing timing engine
Parsing XDC File [/home/aujus_dsp_1/Documents/Learning/gigabit_ethernet/IP/vio_gmii_rx/output/vio_gmii_rx/vio_gmii_rx_ooc.xdc]
Finished Parsing XDC File [/home/aujus_dsp_1/Documents/Learning/gigabit_ethernet/IP/vio_gmii_rx/output/vio_gmii_rx/vio_gmii_rx_ooc.xdc]
Parsing XDC File [/home/aujus_dsp_1/Documents/Learning/gigabit_ethernet/IP/vio_gmii_rx/output/vio_gmii_rx/vio_gmii_rx.xdc]
Finished Parsing XDC File [/home/aujus_dsp_1/Documents/Learning/gigabit_ethernet/IP/vio_gmii_rx/output/vio_gmii_rx/vio_gmii_rx.xdc]
Completed Processing XDC Constraints

Netlist sorting complete. Time (s): cpu = 00:00:00 ; elapsed = 00:00:00 . Memory (MB): peak = 3193.867 ; gain = 0.000 ; free physical = 5077 ; free virtual = 68499
INFO: [Project 1-111] Unisim Transformation Summary:
No Unisim elements were transformed.

Constraint Validation Runtime : Time (s): cpu = 00:00:00.01 ; elapsed = 00:00:00 . Memory (MB): peak = 3193.867 ; gain = 0.000 ; free physical = 5077 ; free virtual = 68499
---------------------------------------------------------------------------------
Finished Constraint Validation : Time (s): cpu = 00:00:06 ; elapsed = 00:00:07 . Memory (MB): peak = 3193.867 ; gain = 8.004 ; free physical = 5145 ; free virtual = 68567
---------------------------------------------------------------------------------
---------------------------------------------------------------------------------
Start Loading Part and Timing Information
---------------------------------------------------------------------------------
Loading part: xc7a100tfgg484-2
---------------------------------------------------------------------------------
Finished Loading Part and Timing Information : Time (s): cpu = 00:00:06 ; elapsed = 00:00:07 . Memory (MB): peak = 3193.867 ; gain = 8.004 ; free physical = 5145 ; free virtual = 68567
---------------------------------------------------------------------------------
---------------------------------------------------------------------------------
Start Applying 'set_property' XDC Constraints
---------------------------------------------------------------------------------
---------------------------------------------------------------------------------
Finished applying 'set_property' XDC Constraints : Time (s): cpu = 00:00:06 ; elapsed = 00:00:07 . Memory (MB): peak = 3193.867 ; gain = 8.004 ; free physical = 5145 ; free virtual = 68567
---------------------------------------------------------------------------------
---------------------------------------------------------------------------------
Finished RTL Optimization Phase 2 : Time (s): cpu = 00:00:06 ; elapsed = 00:00:07 . Memory (MB): peak = 3193.867 ; gain = 8.004 ; free physical = 5138 ; free virtual = 68560
---------------------------------------------------------------------------------
---------------------------------------------------------------------------------
Start RTL Component Statistics 
---------------------------------------------------------------------------------
Detailed RTL Component Info : 
+---Registers : 
	              128 Bit    Registers := 1     
	               16 Bit    Registers := 7     
	                7 Bit    Registers := 1     
	                5 Bit    Registers := 1     
	                3 Bit    Registers := 2     
	                1 Bit    Registers := 14    
+---Muxes : 
	   2 Input   16 Bit        Muxes := 2     
	   2 Input    1 Bit        Muxes := 7     
---------------------------------------------------------------------------------
Finished RTL Component Statistics 
---------------------------------------------------------------------------------
---------------------------------------------------------------------------------
Start Part Resource Summary
---------------------------------------------------------------------------------
Part Resources:
DSPs: 240 (col length:80)
BRAMs: 270 (col length: RAMB18 80 RAMB36 40)
---------------------------------------------------------------------------------
Finished Part Resource Summary
---------------------------------------------------------------------------------
---------------------------------------------------------------------------------
Start Cross Boundary and Area Optimization
---------------------------------------------------------------------------------
---------------------------------------------------------------------------------
Finished Cross Boundary and Area Optimization : Time (s): cpu = 00:00:07 ; elapsed = 00:00:08 . Memory (MB): peak = 3193.867 ; gain = 8.004 ; free physical = 5141 ; free virtual = 68567
---------------------------------------------------------------------------------
---------------------------------------------------------------------------------
Start Applying XDC Timing Constraints
---------------------------------------------------------------------------------
---------------------------------------------------------------------------------
Finished Applying XDC Timing Constraints : Time (s): cpu = 00:00:07 ; elapsed = 00:00:08 . Memory (MB): peak = 3193.867 ; gain = 8.004 ; free physical = 5096 ; free virtual = 68522
---------------------------------------------------------------------------------
---------------------------------------------------------------------------------
Start Timing Optimization
---------------------------------------------------------------------------------
---------------------------------------------------------------------------------
Finished Timing Optimization : Time (s): cpu = 00:00:07 ; elapsed = 00:00:08 . Memory (MB): peak = 3193.867 ; gain = 8.004 ; free physical = 5096 ; free virtual = 68522
---------------------------------------------------------------------------------
---------------------------------------------------------------------------------
Start Technology Mapping
---------------------------------------------------------------------------------
---------------------------------------------------------------------------------
Finished Technology Mapping : Time (s): cpu = 00:00:07 ; elapsed = 00:00:08 . Memory (MB): peak = 3193.867 ; gain = 8.004 ; free physical = 5093 ; free virtual = 68519
---------------------------------------------------------------------------------
---------------------------------------------------------------------------------
Start IO Insertion
---------------------------------------------------------------------------------
---------------------------------------------------------------------------------
Start Flattening Before IO Insertion
---------------------------------------------------------------------------------
---------------------------------------------------------------------------------
Finished Flattening Before IO Insertion
---------------------------------------------------------------------------------
---------------------------------------------------------------------------------
Start Final Netlist Cleanup
---------------------------------------------------------------------------------
---------------------------------------------------------------------------------
Finished Final Netlist Cleanup
---------------------------------------------------------------------------------
WARNING: [Synth 8-3295] tying undriven pin inst:sl_iport0[36] to constant 0
WARNING: [Synth 8-3295] tying undriven pin inst:sl_iport0[35] to constant 0
WARNING: [Synth 8-3295] tying undriven pin inst:sl_iport0[34] to constant 0
WARNING: [Synth 8-3295] tying undriven pin inst:sl_iport0[33] to constant 0
WARNING: [Synth 8-3295] tying undriven pin inst:sl_iport0[32] to constant 0
WARNING: [Synth 8-3295] tying undriven pin inst:sl_iport0[31] to constant 0
WARNING: [Synth 8-3295] tying undriven pin inst:sl_iport0[30] to constant 0
WARNING: [Synth 8-3295] tying undriven pin inst:sl_iport0[29] to constant 0
WARNING: [Synth 8-3295] tying undriven pin inst:sl_iport0[28] to constant 0
WARNING: [Synth 8-3295] tying undriven pin inst:sl_iport0[27] to constant 0
WARNING: [Synth 8-3295] tying undriven pin inst:sl_iport0[26] to constant 0
WARNING: [Synth 8-3295] tying undriven pin inst:sl_iport0[25] to constant 0
WARNING: [Synth 8-3295] tying undriven pin inst:sl_iport0[24] to constant 0
WARNING: [Synth 8-3295] tying undriven pin inst:sl_iport0[23] to constant 0
WARNING: [Synth 8-3295] tying undriven pin inst:sl_iport0[22] to constant 0
WARNING: [Synth 8-3295] tying undriven pin inst:sl_iport0[21] to constant 0
WARNING: [Synth 8-3295] tying undriven pin inst:sl_iport0[20] to constant 0
WARNING: [Synth 8-3295] tying undriven pin inst:sl_iport0[19] to constant 0
WARNING: [Synth 8-3295] tying undriven pin inst:sl_iport0[18] to constant 0
WARNING: [Synth 8-3295] tying undriven pin inst:sl_iport0[17] to constant 0
WARNING: [Synth 8-3295] tying undriven pin inst:sl_iport0[16] to constant 0
WARNING: [Synth 8-3295] tying undriven pin inst:sl_iport0[15] to constant 0
WARNING: [Synth 8-3295] tying undriven pin inst:sl_iport0[14] to constant 0
WARNING: [Synth 8-3295] tying undriven pin inst:sl_iport0[13] to constant 0
WARNING: [Synth 8-3295] tying undriven pin inst:sl_iport0[12] to constant 0
WARNING: [Synth 8-3295] tying undriven pin inst:sl_iport0[11] to constant 0
WARNING: [Synth 8-3295] tying undriven pin inst:sl_iport0[10] to constant 0
WARNING: [Synth 8-3295] tying undriven pin inst:sl_iport0[9] to constant 0
WARNING: [Synth 8-3295] tying undriven pin inst:sl_iport0[8] to constant 0
WARNING: [Synth 8-3295] tying undriven pin inst:sl_iport0[7] to constant 0
WARNING: [Synth 8-3295] tying undriven pin inst:sl_iport0[6] to constant 0
WARNING: [Synth 8-3295] tying undriven pin inst:sl_iport0[5] to constant 0
WARNING: [Synth 8-3295] tying undriven pin inst:sl_iport0[4] to constant 0
WARNING: [Synth 8-3295] tying undriven pin inst:sl_iport0[3] to constant 0
WARNING: [Synth 8-3295] tying undriven pin inst:sl_iport0[2] to constant 0
WARNING: [Synth 8-3295] tying undriven pin inst:sl_iport0[1] to constant 0
WARNING: [Synth 8-3295] tying undriven pin inst:sl_iport0[0] to constant 0
---------------------------------------------------------------------------------
Finished IO Insertion : Time (s): cpu = 00:00:08 ; elapsed = 00:00:10 . Memory (MB): peak = 3193.867 ; gain = 8.004 ; free physical = 5100 ; free virtual = 68526
---------------------------------------------------------------------------------
---------------------------------------------------------------------------------
Start Renaming Generated Instances
---------------------------------------------------------------------------------
---------------------------------------------------------------------------------
Finished Renaming Generated Instances : Time (s): cpu = 00:00:08 ; elapsed = 00:00:10 . Memory (MB): peak = 3193.867 ; gain = 8.004 ; free physical = 5100 ; free virtual = 68526
---------------------------------------------------------------------------------
---------------------------------------------------------------------------------
Start Rebuilding User Hierarchy
---------------------------------------------------------------------------------
---------------------------------------------------------------------------------
Finished Rebuilding User Hierarchy : Time (s): cpu = 00:00:09 ; elapsed = 00:00:10 . Memory (MB): peak = 3193.867 ; gain = 8.004 ; free physical = 5100 ; free virtual = 68526
---------------------------------------------------------------------------------
---------------------------------------------------------------------------------
Start Renaming Generated Ports
---------------------------------------------------------------------------------
---------------------------------------------------------------------------------
Finished Renaming Generated Ports : Time (s): cpu = 00:00:09 ; elapsed = 00:00:10 . Memory (MB): peak = 3193.867 ; gain = 8.004 ; free physical = 5100 ; free virtual = 68526
---------------------------------------------------------------------------------
---------------------------------------------------------------------------------
Start Handling Custom Attributes
---------------------------------------------------------------------------------
---------------------------------------------------------------------------------
Finished Handling Custom Attributes : Time (s): cpu = 00:00:09 ; elapsed = 00:00:10 . Memory (MB): peak = 3193.867 ; gain = 8.004 ; free physical = 5100 ; free virtual = 68526
---------------------------------------------------------------------------------
---------------------------------------------------------------------------------
Start Renaming Generated Nets
---------------------------------------------------------------------------------
---------------------------------------------------------------------------------
Finished Renaming Generated Nets : Time (s): cpu = 00:00:09 ; elapsed = 00:00:10 . Memory (MB): peak = 3193.867 ; gain = 8.004 ; free physical = 5100 ; free virtual = 68526
---------------------------------------------------------------------------------
---------------------------------------------------------------------------------
Start Writing Synthesis Report
---------------------------------------------------------------------------------

Report BlackBoxes: 
+-+--------------+----------+
| |BlackBox name |Instances |
+-+--------------+----------+
+-+--------------+----------+

Report Cell Usage: 
+------+-----+------+
|      |Cell |Count |
+------+-----+------+
|1     |LUT2 |     3|
|2     |LUT3 |    24|
|3     |LUT4 |    21|
|4     |LUT5 |    13|
|5     |LUT6 |    60|
|6     |FDRE |   231|
+------+-----+------+
---------------------------------------------------------------------------------
Finished Writing Synthesis Report : Time (s): cpu = 00:00:09 ; elapsed = 00:00:10 . Memory (MB): peak = 3193.867 ; gain = 8.004 ; free physical = 5100 ; free virtual = 68526
---------------------------------------------------------------------------------
Synthesis finished with 0 errors, 0 critical warnings and 37 warnings.
Synthesis Optimization Runtime : Time (s): cpu = 00:00:08 ; elapsed = 00:00:09 . Memory (MB): peak = 3193.867 ; gain = 0.000 ; free physical = 5148 ; free virtual = 68574
Synthesis Optimization Complete : Time (s): cpu = 00:00:09 ; elapsed = 00:00:10 . Memory (MB): peak = 3193.867 ; gain = 8.004 ; free physical = 5148 ; free virtual = 68574
INFO: [Project 1-571] Translating synthesized netlist
Netlist sorting complete. Time (s): cpu = 00:00:00.01 ; elapsed = 00:00:00.01 . Memory (MB): peak = 3193.867 ; gain = 0.000 ; free physical = 5233 ; free virtual = 68660
INFO: [Project 1-570] Preparing netlist for logic optimization
Parsing XDC File [/home/aujus_dsp_1/Documents/Learning/gigabit_ethernet/IP/vio_gmii_rx/output/vio_gmii_rx/vio_gmii_rx_ooc.xdc]
Finished Parsing XDC File [/home/aujus_dsp_1/Documents/Learning/gigabit_ethernet/IP/vio_gmii_rx/output/vio_gmii_rx/vio_gmii_rx_ooc.xdc]
Parsing XDC File [/home/aujus_dsp_1/Documents/Learning/gigabit_ethernet/IP/vio_gmii_rx/output/vio_gmii_rx/vio_gmii_rx.xdc]
Finished Parsing XDC File [/home/aujus_dsp_1/Documents/Learning/gigabit_ethernet/IP/vio_gmii_rx/output/vio_gmii_rx/vio_gmii_rx.xdc]
INFO: [Opt 31-138] Pushed 0 inverter(s) to 0 load pin(s).
Netlist sorting complete. Time (s): cpu = 00:00:00 ; elapsed = 00:00:00 . Memory (MB): peak = 3193.867 ; gain = 0.000 ; free physical = 5160 ; free virtual = 68586
INFO: [Project 1-111] Unisim Transformation Summary:
No Unisim elements were transformed.

INFO: [Common 17-83] Releasing license: Synthesis
14 Infos, 37 Warnings, 0 Critical Warnings and 0 Errors encountered.
synth_design completed successfully
synth_design: Time (s): cpu = 00:00:13 ; elapsed = 00:00:10 . Memory (MB): peak = 3193.867 ; gain = 8.004 ; free physical = 5291 ; free virtual = 68717
INFO: [Coretcl 2-1174] Renamed 5 cell refs.
INFO: [Timing 38-480] Writing timing data to binary archive.
INFO: [Common 17-1381] The checkpoint '/home/aujus_dsp_1/Documents/Learning/gigabit_ethernet/IP/vio_gmii_rx/output/vio_gmii_rx/vio_gmii_rx.dcp' has been generated.
INFO: [Vivado 12-3441] generate_netlist_ip - operation complete
synth_ip: Time (s): cpu = 00:00:13 ; elapsed = 00:00:11 . Memory (MB): peak = 3193.867 ; gain = 8.004 ; free physical = 5365 ; free virtual = 68787
### puts "VIO GMII_Rx created successfully."
VIO GMII_Rx created successfully.
## puts "Done creating IPs"
Done creating IPs
# source Scripts/read_rtl.tcl
## puts "Reading RTL Sources"
Reading RTL Sources
## puts "-> GMII_TX"
-> GMII_TX
## source "$RTL_DIR/GMII_Tx/files.tcl"
### puts "Reading GMII Tx"
Reading GMII Tx
### read_verilog "$RTL_DIR/GMII_Tx/gmii_tx.v"
## puts "-> GMII_RX"
-> GMII_RX
## source "$RTL_DIR/GMII_Rx/files.tcl"
### puts "Reading GMII Rx"
Reading GMII Rx
### read_verilog "$RTL_DIR/GMII_Rx/gmii_rx.v"
## puts "-> MDIO"
-> MDIO
## source "$RTL_DIR/MDIO/files.tcl"
### puts "Reading MDIO"
Reading MDIO
### read_verilog "$RTL_DIR/MDIO/mdio.v"
## puts "-> TOP"
-> TOP
## source "$RTL_DIR/TOP/files.tcl"
### puts "Reading Top"
Reading Top
### read_verilog "$RTL_DIR/TOP/gmii_top.v"
## puts "Done reading RTL Sources" 
Done reading RTL Sources
# source Scripts/read_constraints.tcl
## puts ""

## puts "========================================="
=========================================
## puts "Reading Constraints..."
Reading Constraints...
## puts "========================================="
=========================================
## read_xdc "$CONSTRAINTS_DIR/top.xdc"
## puts ""

## puts "Constraints Read Successfully."
Constraints Read Successfully.
## puts ""

# source Scripts/synthesize.tcl
## puts ""

## puts "========================================="
=========================================
## puts "Running Synthesis..."
Running Synthesis...
## puts "========================================="
=========================================
## synth_design \
##     -top $TOP \
##     -part $PART
Command: synth_design -top gmii_top -part xc7a100tfgg484-2
Starting synth_design
Attempting to get a license for feature 'Synthesis' and/or device 'xc7a100t'
INFO: [Common 17-349] Got license for feature 'Synthesis' and/or device 'xc7a100t'
INFO: [Synth 8-7079] Multithreading enabled for synth_design using a maximum of 4 processes.
---------------------------------------------------------------------------------
Starting RTL Elaboration : Time (s): cpu = 00:00:02 ; elapsed = 00:00:02 . Memory (MB): peak = 3193.867 ; gain = 0.000 ; free physical = 4376 ; free virtual = 67799
---------------------------------------------------------------------------------
INFO: [Synth 8-6157] synthesizing module 'gmii_top' [/home/aujus_dsp_1/Documents/Learning/gigabit_ethernet/RTL/TOP/gmii_top.v:3]
INFO: [Synth 8-6157] synthesizing module 'clk_gen' [/home/aujus_dsp_1/Documents/Learning/gigabit_ethernet/.Xil/Vivado-2211844-aujusDSP1/realtime/clk_gen_stub.v:5]
INFO: [Synth 8-6155] done synthesizing module 'clk_gen' (1#1) [/home/aujus_dsp_1/Documents/Learning/gigabit_ethernet/.Xil/Vivado-2211844-aujusDSP1/realtime/clk_gen_stub.v:5]
INFO: [Synth 8-6157] synthesizing module 'vio_mdio' [/home/aujus_dsp_1/Documents/Learning/gigabit_ethernet/.Xil/Vivado-2211844-aujusDSP1/realtime/vio_mdio_stub.v:6]
INFO: [Synth 8-6155] done synthesizing module 'vio_mdio' (2#1) [/home/aujus_dsp_1/Documents/Learning/gigabit_ethernet/.Xil/Vivado-2211844-aujusDSP1/realtime/vio_mdio_stub.v:6]
INFO: [Synth 8-6157] synthesizing module 'mdio' [/home/aujus_dsp_1/Documents/Learning/gigabit_ethernet/RTL/MDIO/mdio.v:3]
	Parameter MDC_CLK_COUNT bound to: 40 - type: integer 
	Parameter PREAMBLE_BITS bound to: 32'b11111111111111111111111111111111 
	Parameter START_BITS bound to: 2'b01 
	Parameter WR_OP_BITS bound to: 2'b01 
	Parameter RD_OP_BITS bound to: 2'b10 
	Parameter TA_BITS bound to: 2'b10 
	Parameter TOTAL_BITS bound to: 64 - type: integer 
	Parameter TX_READ_BITS bound to: 46 - type: integer 
	Parameter S_IDLE bound to: 0 - type: integer 
	Parameter S_WRITE bound to: 1 - type: integer 
	Parameter S_READ bound to: 2 - type: integer 
INFO: [Synth 8-6155] done synthesizing module 'mdio' (3#1) [/home/aujus_dsp_1/Documents/Learning/gigabit_ethernet/RTL/MDIO/mdio.v:3]
INFO: [Synth 8-6157] synthesizing module 'vio_gmii_tx' [/home/aujus_dsp_1/Documents/Learning/gigabit_ethernet/.Xil/Vivado-2211844-aujusDSP1/realtime/vio_gmii_tx_stub.v:6]
INFO: [Synth 8-6155] done synthesizing module 'vio_gmii_tx' (4#1) [/home/aujus_dsp_1/Documents/Learning/gigabit_ethernet/.Xil/Vivado-2211844-aujusDSP1/realtime/vio_gmii_tx_stub.v:6]
INFO: [Synth 8-6157] synthesizing module 'gmii_tx' [/home/aujus_dsp_1/Documents/Learning/gigabit_ethernet/RTL/GMII_Tx/gmii_tx.v:3]
	Parameter FRAME_BYTES bound to: 72 - type: integer 
	Parameter S_IDLE bound to: 0 - type: integer 
	Parameter S_CREATE_PACKET bound to: 1 - type: integer 
	Parameter S_SEND_PACKET bound to: 2 - type: integer 
INFO: [Synth 8-6155] done synthesizing module 'gmii_tx' (5#1) [/home/aujus_dsp_1/Documents/Learning/gigabit_ethernet/RTL/GMII_Tx/gmii_tx.v:3]
INFO: [Synth 8-6157] synthesizing module 'IBUF' [/tools/Xilinx/2020/Vivado/2020.2/scripts/rt/data/unisim_comp.v:32983]
	Parameter CAPACITANCE bound to: DONT_CARE - type: string 
	Parameter IBUF_DELAY_VALUE bound to: 0 - type: string 
	Parameter IBUF_LOW_PWR bound to: TRUE - type: string 
	Parameter IFD_DELAY_VALUE bound to: AUTO - type: string 
	Parameter IOSTANDARD bound to: DEFAULT - type: string 
INFO: [Synth 8-6155] done synthesizing module 'IBUF' (6#1) [/tools/Xilinx/2020/Vivado/2020.2/scripts/rt/data/unisim_comp.v:32983]
INFO: [Synth 8-6157] synthesizing module 'vio_gmii_rx' [/home/aujus_dsp_1/Documents/Learning/gigabit_ethernet/.Xil/Vivado-2211844-aujusDSP1/realtime/vio_gmii_rx_stub.v:6]
INFO: [Synth 8-6155] done synthesizing module 'vio_gmii_rx' (7#1) [/home/aujus_dsp_1/Documents/Learning/gigabit_ethernet/.Xil/Vivado-2211844-aujusDSP1/realtime/vio_gmii_rx_stub.v:6]
WARNING: [Synth 8-4446] all outputs are unconnected for this instance and logic may be removed [/home/aujus_dsp_1/Documents/Learning/gigabit_ethernet/RTL/TOP/gmii_top.v:160]
INFO: [Synth 8-6157] synthesizing module 'gmii_rx' [/home/aujus_dsp_1/Documents/Learning/gigabit_ethernet/RTL/GMII_Rx/gmii_rx.v:1]
	Parameter IDLE bound to: 3'b000 
	Parameter PREAMBLE bound to: 3'b001 
	Parameter SFD bound to: 3'b010 
	Parameter DATA bound to: 3'b011 
	Parameter FCS bound to: 3'b100 
	Parameter DONE bound to: 3'b101 
INFO: [Synth 8-6155] done synthesizing module 'gmii_rx' (8#1) [/home/aujus_dsp_1/Documents/Learning/gigabit_ethernet/RTL/GMII_Rx/gmii_rx.v:1]
INFO: [Synth 8-6071] Mark debug on the nets applies keep_hierarchy on instance 'u_vio_mdio'. This will prevent further optimization [/home/aujus_dsp_1/Documents/Learning/gigabit_ethernet/RTL/TOP/gmii_top.v:61]
INFO: [Synth 8-6071] Mark debug on the nets applies keep_hierarchy on instance 'u_mdio_inst_1'. This will prevent further optimization [/home/aujus_dsp_1/Documents/Learning/gigabit_ethernet/RTL/TOP/gmii_top.v:94]
INFO: [Synth 8-6071] Mark debug on the nets applies keep_hierarchy on instance 'u_mdio_inst_0'. This will prevent further optimization [/home/aujus_dsp_1/Documents/Learning/gigabit_ethernet/RTL/TOP/gmii_top.v:79]
INFO: [Synth 8-6071] Mark debug on the nets applies keep_hierarchy on instance 'u_vio_tx_gmii'. This will prevent further optimization [/home/aujus_dsp_1/Documents/Learning/gigabit_ethernet/RTL/TOP/gmii_top.v:120]
INFO: [Synth 8-6071] Mark debug on the nets applies keep_hierarchy on instance 'u_gmii_inst'. This will prevent further optimization [/home/aujus_dsp_1/Documents/Learning/gigabit_ethernet/RTL/TOP/gmii_top.v:131]
INFO: [Synth 8-6071] Mark debug on the nets applies keep_hierarchy on instance 'u_vio_rx'. This will prevent further optimization [/home/aujus_dsp_1/Documents/Learning/gigabit_ethernet/RTL/TOP/gmii_top.v:156]
INFO: [Synth 8-6155] done synthesizing module 'gmii_top' (9#1) [/home/aujus_dsp_1/Documents/Learning/gigabit_ethernet/RTL/TOP/gmii_top.v:3]
---------------------------------------------------------------------------------
Finished RTL Elaboration : Time (s): cpu = 00:00:03 ; elapsed = 00:00:03 . Memory (MB): peak = 3193.867 ; gain = 0.000 ; free physical = 4388 ; free virtual = 67811
---------------------------------------------------------------------------------
---------------------------------------------------------------------------------
Start Handling Custom Attributes
---------------------------------------------------------------------------------
---------------------------------------------------------------------------------
Finished Handling Custom Attributes : Time (s): cpu = 00:00:03 ; elapsed = 00:00:03 . Memory (MB): peak = 3193.867 ; gain = 0.000 ; free physical = 5078 ; free virtual = 68502
---------------------------------------------------------------------------------
---------------------------------------------------------------------------------
Finished RTL Optimization Phase 1 : Time (s): cpu = 00:00:03 ; elapsed = 00:00:03 . Memory (MB): peak = 3193.867 ; gain = 0.000 ; free physical = 5078 ; free virtual = 68502
---------------------------------------------------------------------------------
Netlist sorting complete. Time (s): cpu = 00:00:00 ; elapsed = 00:00:00.01 . Memory (MB): peak = 3193.867 ; gain = 0.000 ; free physical = 5075 ; free virtual = 68499
INFO: [Project 1-570] Preparing netlist for logic optimization

Processing XDC Constraints
Initializing timing engine
Parsing XDC File [/home/aujus_dsp_1/Documents/Learning/gigabit_ethernet/IP/clk_gen/output/clk_gen/clk_gen/clk_gen_in_context.xdc] for cell 'u_clk_gen'
Finished Parsing XDC File [/home/aujus_dsp_1/Documents/Learning/gigabit_ethernet/IP/clk_gen/output/clk_gen/clk_gen/clk_gen_in_context.xdc] for cell 'u_clk_gen'
Parsing XDC File [/home/aujus_dsp_1/Documents/Learning/gigabit_ethernet/IP/vio_mdio/output/vio_mdio/vio_mdio/vio_mdio_in_context.xdc] for cell 'u_vio_mdio'
Finished Parsing XDC File [/home/aujus_dsp_1/Documents/Learning/gigabit_ethernet/IP/vio_mdio/output/vio_mdio/vio_mdio/vio_mdio_in_context.xdc] for cell 'u_vio_mdio'
Parsing XDC File [/home/aujus_dsp_1/Documents/Learning/gigabit_ethernet/IP/vio_gmii_tx/output/vio_gmii_tx/vio_gmii_tx/vio_gmii_tx_in_context.xdc] for cell 'u_vio_tx_gmii'
Finished Parsing XDC File [/home/aujus_dsp_1/Documents/Learning/gigabit_ethernet/IP/vio_gmii_tx/output/vio_gmii_tx/vio_gmii_tx/vio_gmii_tx_in_context.xdc] for cell 'u_vio_tx_gmii'
Parsing XDC File [/home/aujus_dsp_1/Documents/Learning/gigabit_ethernet/IP/vio_gmii_rx/output/vio_gmii_rx/vio_gmii_rx/vio_gmii_rx_in_context.xdc] for cell 'u_vio_rx'
Finished Parsing XDC File [/home/aujus_dsp_1/Documents/Learning/gigabit_ethernet/IP/vio_gmii_rx/output/vio_gmii_rx/vio_gmii_rx/vio_gmii_rx_in_context.xdc] for cell 'u_vio_rx'
Parsing XDC File [/home/aujus_dsp_1/Documents/Learning/gigabit_ethernet/Constraints/top.xdc]
Finished Parsing XDC File [/home/aujus_dsp_1/Documents/Learning/gigabit_ethernet/Constraints/top.xdc]
INFO: [Project 1-236] Implementation specific constraints were found while reading constraint file [/home/aujus_dsp_1/Documents/Learning/gigabit_ethernet/Constraints/top.xdc]. These constraints will be ignored for synthesis but will be used in implementation. Impacted constraints are listed in the file [.Xil/gmii_top_propImpl.xdc].
Resolution: To avoid this warning, move constraints listed in [.Xil/gmii_top_propImpl.xdc] to another XDC file and exclude this new file from synthesis with the used_in_synthesis property (File Properties dialog in GUI) and re-run elaboration/synthesis.
Completed Processing XDC Constraints

Netlist sorting complete. Time (s): cpu = 00:00:00 ; elapsed = 00:00:00 . Memory (MB): peak = 3225.652 ; gain = 0.000 ; free physical = 5080 ; free virtual = 68503
INFO: [Project 1-111] Unisim Transformation Summary:
No Unisim elements were transformed.

Constraint Validation Runtime : Time (s): cpu = 00:00:00 ; elapsed = 00:00:00.01 . Memory (MB): peak = 3225.652 ; gain = 0.000 ; free physical = 5080 ; free virtual = 68503
WARNING: [Timing 38-316] Clock period '10.000' specified during out-of-context synthesis of instance 'u_vio_rx' at clock pin 'clk' is different from the actual clock period '8.000', this can lead to different synthesis results.
WARNING: [Timing 38-316] Clock period '10.000' specified during out-of-context synthesis of instance 'u_vio_tx_gmii' at clock pin 'clk' is different from the actual clock period '8.000', this can lead to different synthesis results.
---------------------------------------------------------------------------------
Finished Constraint Validation : Time (s): cpu = 00:00:06 ; elapsed = 00:00:06 . Memory (MB): peak = 3225.652 ; gain = 31.785 ; free physical = 5149 ; free virtual = 68573
---------------------------------------------------------------------------------
---------------------------------------------------------------------------------
Start Loading Part and Timing Information
---------------------------------------------------------------------------------
Loading part: xc7a100tfgg484-2
---------------------------------------------------------------------------------
Finished Loading Part and Timing Information : Time (s): cpu = 00:00:06 ; elapsed = 00:00:06 . Memory (MB): peak = 3225.652 ; gain = 31.785 ; free physical = 5149 ; free virtual = 68573
---------------------------------------------------------------------------------
---------------------------------------------------------------------------------
Start Applying 'set_property' XDC Constraints
---------------------------------------------------------------------------------
Applied set_property IO_BUFFER_TYPE = NONE for clk_in1_n. (constraint file  /home/aujus_dsp_1/Documents/Learning/gigabit_ethernet/IP/clk_gen/output/clk_gen/clk_gen/clk_gen_in_context.xdc, line 4).
Applied set_property CLOCK_BUFFER_TYPE = NONE for clk_in1_n. (constraint file  /home/aujus_dsp_1/Documents/Learning/gigabit_ethernet/IP/clk_gen/output/clk_gen/clk_gen/clk_gen_in_context.xdc, line 5).
Applied set_property IO_BUFFER_TYPE = NONE for clk_in1_p. (constraint file  /home/aujus_dsp_1/Documents/Learning/gigabit_ethernet/IP/clk_gen/output/clk_gen/clk_gen/clk_gen_in_context.xdc, line 6).
Applied set_property CLOCK_BUFFER_TYPE = NONE for clk_in1_p. (constraint file  /home/aujus_dsp_1/Documents/Learning/gigabit_ethernet/IP/clk_gen/output/clk_gen/clk_gen/clk_gen_in_context.xdc, line 7).
Applied set_property KEEP_HIERARCHY = SOFT for u_clk_gen. (constraint file  auto generated constraint).
Applied set_property KEEP_HIERARCHY = SOFT for u_vio_mdio. (constraint file  auto generated constraint).
Applied set_property KEEP_HIERARCHY = SOFT for u_vio_tx_gmii. (constraint file  auto generated constraint).
Applied set_property KEEP_HIERARCHY = SOFT for u_vio_rx. (constraint file  auto generated constraint).
---------------------------------------------------------------------------------
Finished applying 'set_property' XDC Constraints : Time (s): cpu = 00:00:06 ; elapsed = 00:00:06 . Memory (MB): peak = 3225.652 ; gain = 31.785 ; free physical = 5150 ; free virtual = 68573
---------------------------------------------------------------------------------
INFO: [Synth 8-802] inferred FSM for state register 'sm_main_reg' in module 'mdio'
INFO: [Synth 8-802] inferred FSM for state register 'sm_main_reg' in module 'gmii_tx'
INFO: [Synth 8-802] inferred FSM for state register 'state_reg' in module 'gmii_rx'
---------------------------------------------------------------------------------------------------
                   State |                     New Encoding |                Previous Encoding 
---------------------------------------------------------------------------------------------------
                  S_IDLE |                              001 |                               00
                 S_WRITE |                              010 |                               01
                  S_READ |                              100 |                               10
---------------------------------------------------------------------------------------------------
INFO: [Synth 8-3354] encoded FSM with state register 'sm_main_reg' using encoding 'one-hot' in module 'mdio'
---------------------------------------------------------------------------------------------------
                   State |                     New Encoding |                Previous Encoding 
---------------------------------------------------------------------------------------------------
                  S_IDLE |                              001 |                               00
         S_CREATE_PACKET |                              010 |                               01
           S_SEND_PACKET |                              100 |                               10
---------------------------------------------------------------------------------------------------
INFO: [Synth 8-3354] encoded FSM with state register 'sm_main_reg' using encoding 'one-hot' in module 'gmii_tx'
---------------------------------------------------------------------------------------------------
                   State |                     New Encoding |                Previous Encoding 
---------------------------------------------------------------------------------------------------
                    IDLE |                              000 |                              000
                PREAMBLE |                              001 |                              001
                     SFD |                              010 |                              010
                    DATA |                              011 |                              011
                     FCS |                              100 |                              100
                    DONE |                              101 |                              101
---------------------------------------------------------------------------------------------------
INFO: [Synth 8-3354] encoded FSM with state register 'state_reg' using encoding 'sequential' in module 'gmii_rx'
---------------------------------------------------------------------------------
Finished RTL Optimization Phase 2 : Time (s): cpu = 00:00:06 ; elapsed = 00:00:07 . Memory (MB): peak = 3225.652 ; gain = 31.785 ; free physical = 5130 ; free virtual = 68554
---------------------------------------------------------------------------------
---------------------------------------------------------------------------------
Start RTL Component Statistics 
---------------------------------------------------------------------------------
Detailed RTL Component Info : 
+---Adders : 
	   2 Input    7 Bit       Adders := 3     
	   2 Input    6 Bit       Adders := 3     
	   2 Input    3 Bit       Adders := 2     
+---Registers : 
	               64 Bit    Registers := 2     
	               18 Bit    Registers := 2     
	               16 Bit    Registers := 2     
	                8 Bit    Registers := 19    
	                7 Bit    Registers := 3     
	                6 Bit    Registers := 3     
	                3 Bit    Registers := 2     
	                1 Bit    Registers := 29    
+---Muxes : 
	   2 Input   64 Bit        Muxes := 2     
	   3 Input   64 Bit        Muxes := 2     
	   3 Input   18 Bit        Muxes := 2     
	   3 Input    8 Bit        Muxes := 1     
	   3 Input    7 Bit        Muxes := 3     
	   3 Input    6 Bit        Muxes := 2     
	   2 Input    6 Bit        Muxes := 1     
	   6 Input    6 Bit        Muxes := 1     
	   3 Input    3 Bit        Muxes := 3     
	   2 Input    3 Bit        Muxes := 9     
	   6 Input    3 Bit        Muxes := 4     
	   3 Input    2 Bit        Muxes := 2     
	   2 Input    1 Bit        Muxes := 37    
	   3 Input    1 Bit        Muxes := 28    
	   6 Input    1 Bit        Muxes := 4     
---------------------------------------------------------------------------------
Finished RTL Component Statistics 
---------------------------------------------------------------------------------
---------------------------------------------------------------------------------
Start Part Resource Summary
---------------------------------------------------------------------------------
Part Resources:
DSPs: 240 (col length:80)
BRAMs: 270 (col length: RAMB18 80 RAMB36 40)
---------------------------------------------------------------------------------
Finished Part Resource Summary
---------------------------------------------------------------------------------
---------------------------------------------------------------------------------
Start Cross Boundary and Area Optimization
---------------------------------------------------------------------------------
---------------------------------------------------------------------------------
Finished Cross Boundary and Area Optimization : Time (s): cpu = 00:00:07 ; elapsed = 00:00:08 . Memory (MB): peak = 3225.652 ; gain = 31.785 ; free physical = 5136 ; free virtual = 68564
---------------------------------------------------------------------------------
---------------------------------------------------------------------------------
Start Applying XDC Timing Constraints
---------------------------------------------------------------------------------
---------------------------------------------------------------------------------
Finished Applying XDC Timing Constraints : Time (s): cpu = 00:00:08 ; elapsed = 00:00:09 . Memory (MB): peak = 3225.652 ; gain = 31.785 ; free physical = 5102 ; free virtual = 68530
---------------------------------------------------------------------------------
---------------------------------------------------------------------------------
Start Timing Optimization
---------------------------------------------------------------------------------
---------------------------------------------------------------------------------
Finished Timing Optimization : Time (s): cpu = 00:00:08 ; elapsed = 00:00:09 . Memory (MB): peak = 3225.652 ; gain = 31.785 ; free physical = 5096 ; free virtual = 68524
---------------------------------------------------------------------------------
---------------------------------------------------------------------------------
Start Technology Mapping
---------------------------------------------------------------------------------
---------------------------------------------------------------------------------
Finished Technology Mapping : Time (s): cpu = 00:00:08 ; elapsed = 00:00:09 . Memory (MB): peak = 3225.652 ; gain = 31.785 ; free physical = 5098 ; free virtual = 68526
---------------------------------------------------------------------------------
---------------------------------------------------------------------------------
Start IO Insertion
---------------------------------------------------------------------------------
---------------------------------------------------------------------------------
Start Flattening Before IO Insertion
---------------------------------------------------------------------------------
---------------------------------------------------------------------------------
Finished Flattening Before IO Insertion
---------------------------------------------------------------------------------
---------------------------------------------------------------------------------
Start Final Netlist Cleanup
---------------------------------------------------------------------------------
---------------------------------------------------------------------------------
Finished Final Netlist Cleanup
---------------------------------------------------------------------------------
---------------------------------------------------------------------------------
Finished IO Insertion : Time (s): cpu = 00:00:10 ; elapsed = 00:00:11 . Memory (MB): peak = 3225.652 ; gain = 31.785 ; free physical = 5092 ; free virtual = 68519
---------------------------------------------------------------------------------
---------------------------------------------------------------------------------
Start Renaming Generated Instances
---------------------------------------------------------------------------------
---------------------------------------------------------------------------------
Finished Renaming Generated Instances : Time (s): cpu = 00:00:10 ; elapsed = 00:00:11 . Memory (MB): peak = 3225.652 ; gain = 31.785 ; free physical = 5092 ; free virtual = 68519
---------------------------------------------------------------------------------
---------------------------------------------------------------------------------
Start Rebuilding User Hierarchy
---------------------------------------------------------------------------------
---------------------------------------------------------------------------------
Finished Rebuilding User Hierarchy : Time (s): cpu = 00:00:10 ; elapsed = 00:00:11 . Memory (MB): peak = 3225.652 ; gain = 31.785 ; free physical = 5091 ; free virtual = 68519
---------------------------------------------------------------------------------
---------------------------------------------------------------------------------
Start Renaming Generated Ports
---------------------------------------------------------------------------------
---------------------------------------------------------------------------------
Finished Renaming Generated Ports : Time (s): cpu = 00:00:10 ; elapsed = 00:00:11 . Memory (MB): peak = 3225.652 ; gain = 31.785 ; free physical = 5091 ; free virtual = 68519
---------------------------------------------------------------------------------
---------------------------------------------------------------------------------
Start Handling Custom Attributes
---------------------------------------------------------------------------------
---------------------------------------------------------------------------------
Finished Handling Custom Attributes : Time (s): cpu = 00:00:10 ; elapsed = 00:00:11 . Memory (MB): peak = 3225.652 ; gain = 31.785 ; free physical = 5091 ; free virtual = 68519
---------------------------------------------------------------------------------
---------------------------------------------------------------------------------
Start Renaming Generated Nets
---------------------------------------------------------------------------------
---------------------------------------------------------------------------------
Finished Renaming Generated Nets : Time (s): cpu = 00:00:10 ; elapsed = 00:00:11 . Memory (MB): peak = 3225.652 ; gain = 31.785 ; free physical = 5091 ; free virtual = 68519
---------------------------------------------------------------------------------
---------------------------------------------------------------------------------
Start Writing Synthesis Report
---------------------------------------------------------------------------------

Report BlackBoxes: 
+------+--------------+----------+
|      |BlackBox name |Instances |
+------+--------------+----------+
|1     |clk_gen       |         1|
|2     |vio_mdio      |         1|
|3     |vio_gmii_tx   |         1|
|4     |vio_gmii_rx   |         1|
+------+--------------+----------+

Report Cell Usage: 
+------+------------+------+
|      |Cell        |Count |
+------+------------+------+
|1     |clk_gen     |     1|
|2     |vio_gmii_rx |     1|
|3     |vio_gmii_tx |     1|
|4     |vio_mdio    |     1|
|5     |BUFG        |     1|
|6     |LUT1        |     8|
|7     |LUT2        |    55|
|8     |LUT3        |    21|
|9     |LUT4        |    94|
|10    |LUT5        |    57|
|11    |LUT6        |   154|
|12    |FDCE        |    15|
|13    |FDRE        |   414|
|14    |FDSE        |     4|
|15    |IBUF        |    11|
|16    |IOBUF       |     2|
|17    |OBUF        |    15|
+------+------------+------+
---------------------------------------------------------------------------------
Finished Writing Synthesis Report : Time (s): cpu = 00:00:10 ; elapsed = 00:00:11 . Memory (MB): peak = 3225.652 ; gain = 31.785 ; free physical = 5091 ; free virtual = 68519
---------------------------------------------------------------------------------
Synthesis finished with 0 errors, 0 critical warnings and 0 warnings.
Synthesis Optimization Runtime : Time (s): cpu = 00:00:09 ; elapsed = 00:00:10 . Memory (MB): peak = 3225.652 ; gain = 0.000 ; free physical = 5139 ; free virtual = 68567
Synthesis Optimization Complete : Time (s): cpu = 00:00:10 ; elapsed = 00:00:11 . Memory (MB): peak = 3225.652 ; gain = 31.785 ; free physical = 5139 ; free virtual = 68567
INFO: [Project 1-571] Translating synthesized netlist
INFO: [Project 1-454] Reading design checkpoint '/home/aujus_dsp_1/Documents/Learning/gigabit_ethernet/IP/clk_gen/output/clk_gen/clk_gen.dcp' for cell 'u_clk_gen'
INFO: [Project 1-454] Reading design checkpoint '/home/aujus_dsp_1/Documents/Learning/gigabit_ethernet/IP/vio_mdio/output/vio_mdio/vio_mdio.dcp' for cell 'u_vio_mdio'
INFO: [Project 1-454] Reading design checkpoint '/home/aujus_dsp_1/Documents/Learning/gigabit_ethernet/IP/vio_gmii_tx/output/vio_gmii_tx/vio_gmii_tx.dcp' for cell 'u_vio_tx_gmii'
INFO: [Project 1-454] Reading design checkpoint '/home/aujus_dsp_1/Documents/Learning/gigabit_ethernet/IP/vio_gmii_rx/output/vio_gmii_rx/vio_gmii_rx.dcp' for cell 'u_vio_rx'
Netlist sorting complete. Time (s): cpu = 00:00:00.02 ; elapsed = 00:00:00.01 . Memory (MB): peak = 3225.652 ; gain = 0.000 ; free physical = 5221 ; free virtual = 68649
INFO: [Netlist 29-17] Analyzing 5 Unisim elements for replacement
INFO: [Netlist 29-28] Unisim Transformation completed in 0 CPU seconds
INFO: [Project 1-479] Netlist was created with Vivado 2020.2
INFO: [Project 1-570] Preparing netlist for logic optimization
INFO: [Chipscope 16-324] Core: u_vio_mdio UUID: 4180841f-193f-5c06-9ddc-628cc8a42def 
INFO: [Chipscope 16-324] Core: u_vio_rx UUID: 9f3d7583-4205-54b5-8fef-afce86636a95 
INFO: [Chipscope 16-324] Core: u_vio_tx_gmii UUID: fe3ee834-331f-59d7-bdcd-7ef6bf3c95d5 
Parsing XDC File [/home/aujus_dsp_1/Documents/Learning/gigabit_ethernet/IP/clk_gen/output/clk_gen/clk_gen_board.xdc] for cell 'u_clk_gen/inst'
Finished Parsing XDC File [/home/aujus_dsp_1/Documents/Learning/gigabit_ethernet/IP/clk_gen/output/clk_gen/clk_gen_board.xdc] for cell 'u_clk_gen/inst'
Parsing XDC File [/home/aujus_dsp_1/Documents/Learning/gigabit_ethernet/IP/clk_gen/output/clk_gen/clk_gen.xdc] for cell 'u_clk_gen/inst'
INFO: [Timing 38-35] Done setting XDC timing constraints. [/home/aujus_dsp_1/Documents/Learning/gigabit_ethernet/IP/clk_gen/output/clk_gen/clk_gen.xdc:57]
INFO: [Timing 38-2] Deriving generated clocks [/home/aujus_dsp_1/Documents/Learning/gigabit_ethernet/IP/clk_gen/output/clk_gen/clk_gen.xdc:57]
Finished Parsing XDC File [/home/aujus_dsp_1/Documents/Learning/gigabit_ethernet/IP/clk_gen/output/clk_gen/clk_gen.xdc] for cell 'u_clk_gen/inst'
Parsing XDC File [/home/aujus_dsp_1/Documents/Learning/gigabit_ethernet/IP/vio_mdio/output/vio_mdio/vio_mdio.xdc] for cell 'u_vio_mdio'
Finished Parsing XDC File [/home/aujus_dsp_1/Documents/Learning/gigabit_ethernet/IP/vio_mdio/output/vio_mdio/vio_mdio.xdc] for cell 'u_vio_mdio'
Parsing XDC File [/home/aujus_dsp_1/Documents/Learning/gigabit_ethernet/IP/vio_gmii_tx/output/vio_gmii_tx/vio_gmii_tx.xdc] for cell 'u_vio_tx_gmii'
Finished Parsing XDC File [/home/aujus_dsp_1/Documents/Learning/gigabit_ethernet/IP/vio_gmii_tx/output/vio_gmii_tx/vio_gmii_tx.xdc] for cell 'u_vio_tx_gmii'
Parsing XDC File [/home/aujus_dsp_1/Documents/Learning/gigabit_ethernet/IP/vio_gmii_rx/output/vio_gmii_rx/vio_gmii_rx.xdc] for cell 'u_vio_rx'
Finished Parsing XDC File [/home/aujus_dsp_1/Documents/Learning/gigabit_ethernet/IP/vio_gmii_rx/output/vio_gmii_rx/vio_gmii_rx.xdc] for cell 'u_vio_rx'
Parsing XDC File [/home/aujus_dsp_1/Documents/Learning/gigabit_ethernet/Constraints/top.xdc]
Finished Parsing XDC File [/home/aujus_dsp_1/Documents/Learning/gigabit_ethernet/Constraints/top.xdc]
INFO: [Project 1-538] Using original IP XDC constraints instead of the XDC constraints in dcp '/home/aujus_dsp_1/Documents/Learning/gigabit_ethernet/IP/clk_gen/output/clk_gen/clk_gen.dcp'
INFO: [Project 1-538] Using original IP XDC constraints instead of the XDC constraints in dcp '/home/aujus_dsp_1/Documents/Learning/gigabit_ethernet/IP/vio_mdio/output/vio_mdio/vio_mdio.dcp'
INFO: [Project 1-538] Using original IP XDC constraints instead of the XDC constraints in dcp '/home/aujus_dsp_1/Documents/Learning/gigabit_ethernet/IP/vio_gmii_tx/output/vio_gmii_tx/vio_gmii_tx.dcp'
INFO: [Project 1-538] Using original IP XDC constraints instead of the XDC constraints in dcp '/home/aujus_dsp_1/Documents/Learning/gigabit_ethernet/IP/vio_gmii_rx/output/vio_gmii_rx/vio_gmii_rx.dcp'
INFO: [Opt 31-138] Pushed 0 inverter(s) to 0 load pin(s).
Netlist sorting complete. Time (s): cpu = 00:00:00 ; elapsed = 00:00:00 . Memory (MB): peak = 3251.469 ; gain = 0.000 ; free physical = 5167 ; free virtual = 68594
INFO: [Project 1-111] Unisim Transformation Summary:
  A total of 2 instances were transformed.
  IOBUF => IOBUF (IBUF, OBUFT): 2 instances

INFO: [Common 17-83] Releasing license: Synthesis
56 Infos, 3 Warnings, 0 Critical Warnings and 0 Errors encountered.
synth_design completed successfully
synth_design: Time (s): cpu = 00:00:15 ; elapsed = 00:00:13 . Memory (MB): peak = 3251.469 ; gain = 57.602 ; free physical = 5297 ; free virtual = 68724
## write_checkpoint \
##     -force \
##     "$CHECKPOINT_DIR/post_synth.dcp"
INFO: [Timing 38-480] Writing timing data to binary archive.
Writing placer database...
Writing XDEF routing.
Writing XDEF routing logical nets.
Writing XDEF routing special nets.
Write XDEF Complete: Time (s): cpu = 00:00:00.02 ; elapsed = 00:00:00.01 . Memory (MB): peak = 3291.488 ; gain = 0.000 ; free physical = 5296 ; free virtual = 68725
INFO: [Common 17-1381] The checkpoint '/home/aujus_dsp_1/Documents/Learning/gigabit_ethernet/Output/checkpoint/post_synth.dcp' has been generated.
## report_utilization \
##     -file "$REPORTS_DIR/post_synth_utilization.rpt"
## report_timing_summary \
##     -file "$REPORTS_DIR/post_synth_timing_summary.rpt"
INFO: [Timing 38-35] Done setting XDC timing constraints.
INFO: [Timing 38-91] UpdateTimingParams: Speed grade: -2, Delay Type: min_max.
INFO: [Timing 38-191] Multithreading enabled for timing update using a maximum of 8 CPUs
## puts ""

## puts "Synthesis Completed."
Synthesis Completed.
## puts ""

# source Scripts/implement.tcl
## puts ""

## puts "========================================="
=========================================
## puts "Running Implementation..."
Running Implementation...
## puts "========================================="
=========================================
## puts "Running opt_design..."
Running opt_design...
## opt_design
Command: opt_design
Attempting to get a license for feature 'Implementation' and/or device 'xc7a100t'
INFO: [Common 17-349] Got license for feature 'Implementation' and/or device 'xc7a100t'
Running DRC as a precondition to command opt_design

Starting DRC Task
INFO: [DRC 23-27] Running DRC with 8 threads
INFO: [Project 1-461] DRC finished with 0 Errors
INFO: [Project 1-462] Please refer to the DRC report (report_drc) for more information.

Time (s): cpu = 00:00:01 ; elapsed = 00:00:00.62 . Memory (MB): peak = 3400.902 ; gain = 109.414 ; free physical = 5286 ; free virtual = 68713

Starting Cache Timing Information Task
Ending Cache Timing Information Task | Checksum: 1fd180c94

Time (s): cpu = 00:00:00 ; elapsed = 00:00:00 . Memory (MB): peak = 3400.902 ; gain = 0.000 ; free physical = 5286 ; free virtual = 68713

Starting Logic Optimization Task

Phase 1 Generate And Synthesize Debug Cores
INFO: [Chipscope 16-329] Generating Script for core instance : dbg_hub 
INFO: [IP_Flow 19-3806] Processing IP xilinx.com:ip:xsdbm:3.0 for cell dbg_hub_CV.
Netlist sorting complete. Time (s): cpu = 00:00:00.01 ; elapsed = 00:00:00.01 . Memory (MB): peak = 3400.902 ; gain = 0.000 ; free physical = 5192 ; free virtual = 68634
Phase 1 Generate And Synthesize Debug Cores | Checksum: 2431b6c7c

Time (s): cpu = 00:00:49 ; elapsed = 00:00:58 . Memory (MB): peak = 3400.902 ; gain = 0.000 ; free physical = 5192 ; free virtual = 68634

Phase 2 Retarget
INFO: [Opt 31-138] Pushed 0 inverter(s) to 0 load pin(s).
INFO: [Opt 31-49] Retargeted 0 cell(s).
Phase 2 Retarget | Checksum: 1a054f787

Time (s): cpu = 00:00:49 ; elapsed = 00:00:58 . Memory (MB): peak = 3400.902 ; gain = 0.000 ; free physical = 5192 ; free virtual = 68634
INFO: [Opt 31-389] Phase Retarget created 6 cells and removed 14 cells
INFO: [Opt 31-1021] In phase Retarget, 90 netlist objects are constrained preventing optimization. Please run opt_design with -debug_log to get more detail. 

Phase 3 Constant propagation
INFO: [Opt 31-138] Pushed 0 inverter(s) to 0 load pin(s).
Phase 3 Constant propagation | Checksum: 1a054f787

Time (s): cpu = 00:00:49 ; elapsed = 00:00:58 . Memory (MB): peak = 3400.902 ; gain = 0.000 ; free physical = 5192 ; free virtual = 68634
INFO: [Opt 31-389] Phase Constant propagation created 0 cells and removed 0 cells
INFO: [Opt 31-1021] In phase Constant propagation, 80 netlist objects are constrained preventing optimization. Please run opt_design with -debug_log to get more detail. 

Phase 4 Sweep
Phase 4 Sweep | Checksum: 1957209b0

Time (s): cpu = 00:00:49 ; elapsed = 00:00:58 . Memory (MB): peak = 3400.902 ; gain = 0.000 ; free physical = 5192 ; free virtual = 68634
INFO: [Opt 31-389] Phase Sweep created 0 cells and removed 3 cells
INFO: [Opt 31-1021] In phase Sweep, 2325 netlist objects are constrained preventing optimization. Please run opt_design with -debug_log to get more detail. 

Phase 5 BUFG optimization
Phase 5 BUFG optimization | Checksum: 1957209b0

Time (s): cpu = 00:00:49 ; elapsed = 00:00:58 . Memory (MB): peak = 3400.902 ; gain = 0.000 ; free physical = 5191 ; free virtual = 68634
INFO: [Opt 31-662] Phase BUFG optimization created 0 cells of which 0 are BUFGs and removed 0 cells.

Phase 6 Shift Register Optimization
INFO: [Opt 31-1064] SRL Remap converted 0 SRLs to 0 registers and converted 0 registers of register chains to 0 SRLs
Phase 6 Shift Register Optimization | Checksum: 1957209b0

Time (s): cpu = 00:00:49 ; elapsed = 00:00:58 . Memory (MB): peak = 3400.902 ; gain = 0.000 ; free physical = 5191 ; free virtual = 68634
INFO: [Opt 31-389] Phase Shift Register Optimization created 0 cells and removed 0 cells

Phase 7 Post Processing Netlist
Phase 7 Post Processing Netlist | Checksum: 1957209b0

Time (s): cpu = 00:00:49 ; elapsed = 00:00:58 . Memory (MB): peak = 3400.902 ; gain = 0.000 ; free physical = 5191 ; free virtual = 68634
INFO: [Opt 31-389] Phase Post Processing Netlist created 0 cells and removed 0 cells
INFO: [Opt 31-1021] In phase Post Processing Netlist, 94 netlist objects are constrained preventing optimization. Please run opt_design with -debug_log to get more detail. 
Opt_design Change Summary
=========================


-------------------------------------------------------------------------------------------------------------------------
|  Phase                        |  #Cells created  |  #Cells Removed  |  #Constrained objects preventing optimizations  |
-------------------------------------------------------------------------------------------------------------------------
|  Retarget                     |               6  |              14  |                                             90  |
|  Constant propagation         |               0  |               0  |                                             80  |
|  Sweep                        |               0  |               3  |                                           2325  |
|  BUFG optimization            |               0  |               0  |                                              0  |
|  Shift Register Optimization  |               0  |               0  |                                              0  |
|  Post Processing Netlist      |               0  |               0  |                                             94  |
-------------------------------------------------------------------------------------------------------------------------



Starting Connectivity Check Task

Time (s): cpu = 00:00:00.01 ; elapsed = 00:00:00.01 . Memory (MB): peak = 3400.902 ; gain = 0.000 ; free physical = 5191 ; free virtual = 68634
Ending Logic Optimization Task | Checksum: e1cf1218

Time (s): cpu = 00:00:49 ; elapsed = 00:00:58 . Memory (MB): peak = 3400.902 ; gain = 0.000 ; free physical = 5191 ; free virtual = 68634

Starting Power Optimization Task
INFO: [Pwropt 34-132] Skipping clock gating for clocks with a period < 2.00 ns.
Ending Power Optimization Task | Checksum: e1cf1218

Time (s): cpu = 00:00:00.01 ; elapsed = 00:00:00.02 . Memory (MB): peak = 3400.902 ; gain = 0.000 ; free physical = 5298 ; free virtual = 68741

Starting Final Cleanup Task
Ending Final Cleanup Task | Checksum: e1cf1218

Time (s): cpu = 00:00:00 ; elapsed = 00:00:00 . Memory (MB): peak = 3400.902 ; gain = 0.000 ; free physical = 5298 ; free virtual = 68741

Starting Netlist Obfuscation Task
Netlist sorting complete. Time (s): cpu = 00:00:00 ; elapsed = 00:00:00 . Memory (MB): peak = 3400.902 ; gain = 0.000 ; free physical = 5298 ; free virtual = 68741
Ending Netlist Obfuscation Task | Checksum: e1cf1218

Time (s): cpu = 00:00:00 ; elapsed = 00:00:00 . Memory (MB): peak = 3400.902 ; gain = 0.000 ; free physical = 5298 ; free virtual = 68741
INFO: [Common 17-83] Releasing license: Implementation
25 Infos, 0 Warnings, 0 Critical Warnings and 0 Errors encountered.
opt_design completed successfully
opt_design: Time (s): cpu = 00:00:52 ; elapsed = 00:01:00 . Memory (MB): peak = 3400.902 ; gain = 109.414 ; free physical = 5298 ; free virtual = 68741
## puts "Running place_design..."
Running place_design...
## place_design
Command: place_design
Attempting to get a license for feature 'Implementation' and/or device 'xc7a100t'
INFO: [Common 17-349] Got license for feature 'Implementation' and/or device 'xc7a100t'
INFO: [Timing 38-35] Done setting XDC timing constraints.
INFO: [DRC 23-27] Running DRC with 8 threads
INFO: [Vivado_Tcl 4-198] DRC finished with 0 Errors
INFO: [Vivado_Tcl 4-199] Please refer to the DRC report (report_drc) for more information.
Running DRC as a precondition to command place_design
INFO: [DRC 23-27] Running DRC with 8 threads
INFO: [Vivado_Tcl 4-198] DRC finished with 0 Errors
INFO: [Vivado_Tcl 4-199] Please refer to the DRC report (report_drc) for more information.

Starting Placer Task
INFO: [Place 30-611] Multithreading enabled for place_design using a maximum of 8 CPUs

Phase 1 Placer Initialization

Phase 1.1 Placer Initialization Netlist Sorting
Netlist sorting complete. Time (s): cpu = 00:00:00 ; elapsed = 00:00:00 . Memory (MB): peak = 3413.777 ; gain = 0.000 ; free physical = 5262 ; free virtual = 68699
Phase 1.1 Placer Initialization Netlist Sorting | Checksum: af9ae622

Time (s): cpu = 00:00:00.01 ; elapsed = 00:00:00.03 . Memory (MB): peak = 3413.777 ; gain = 0.000 ; free physical = 5262 ; free virtual = 68699
Netlist sorting complete. Time (s): cpu = 00:00:00 ; elapsed = 00:00:00 . Memory (MB): peak = 3413.777 ; gain = 0.000 ; free physical = 5262 ; free virtual = 68699

Phase 1.2 IO Placement/ Clock Placement/ Build Placer Device
Phase 1.2 IO Placement/ Clock Placement/ Build Placer Device | Checksum: af9f4555

Time (s): cpu = 00:00:00.54 ; elapsed = 00:00:00.21 . Memory (MB): peak = 3413.777 ; gain = 0.000 ; free physical = 5285 ; free virtual = 68726

Phase 1.3 Build Placer Netlist Model
Phase 1.3 Build Placer Netlist Model | Checksum: ff0adb2d

Time (s): cpu = 00:00:01 ; elapsed = 00:00:00.52 . Memory (MB): peak = 3413.777 ; gain = 0.000 ; free physical = 5283 ; free virtual = 68726

Phase 1.4 Constrain Clocks/Macros
Phase 1.4 Constrain Clocks/Macros | Checksum: ff0adb2d

Time (s): cpu = 00:00:01 ; elapsed = 00:00:00.52 . Memory (MB): peak = 3413.777 ; gain = 0.000 ; free physical = 5281 ; free virtual = 68724
Phase 1 Placer Initialization | Checksum: ff0adb2d

Time (s): cpu = 00:00:01 ; elapsed = 00:00:00.53 . Memory (MB): peak = 3413.777 ; gain = 0.000 ; free physical = 5279 ; free virtual = 68723

Phase 2 Global Placement

Phase 2.1 Floorplanning
Phase 2.1 Floorplanning | Checksum: 17b1f94de

Time (s): cpu = 00:00:02 ; elapsed = 00:00:00.68 . Memory (MB): peak = 3429.785 ; gain = 16.008 ; free physical = 5257 ; free virtual = 68702

Phase 2.2 Update Timing before SLR Path Opt
Phase 2.2 Update Timing before SLR Path Opt | Checksum: 19ecb2737

Time (s): cpu = 00:00:02 ; elapsed = 00:00:00.75 . Memory (MB): peak = 3429.785 ; gain = 16.008 ; free physical = 5265 ; free virtual = 68710

Phase 2.3 Global Placement Core

Phase 2.3.1 Physical Synthesis In Placer
INFO: [Physopt 32-1035] Found 0 LUTNM shape to break, 125 LUT instances to create LUTNM shape
INFO: [Physopt 32-1044] Break lutnm for timing: one critical 0, two critical 0, total 0, new lutff created 0
INFO: [Physopt 32-775] End 1 Pass. Optimized 56 nets or cells. Created 0 new cell, deleted 56 existing cells and moved 0 existing cell
INFO: [Physopt 32-65] No nets found for high-fanout optimization.
INFO: [Physopt 32-232] Optimized 0 net. Created 0 new instance.
INFO: [Physopt 32-775] End 1 Pass. Optimized 0 net or cell. Created 0 new cell, deleted 0 existing cell and moved 0 existing cell
INFO: [Physopt 32-670] No setup violation found.  DSP Register Optimization was not performed.
INFO: [Physopt 32-670] No setup violation found.  Shift Register to Pipeline Optimization was not performed.
INFO: [Physopt 32-670] No setup violation found.  Shift Register Optimization was not performed.
INFO: [Physopt 32-670] No setup violation found.  BRAM Register Optimization was not performed.
INFO: [Physopt 32-670] No setup violation found.  URAM Register Optimization was not performed.
INFO: [Physopt 32-949] No candidate nets found for dynamic/static region interface net replication
INFO: [Physopt 32-775] End 1 Pass. Optimized 0 net or cell. Created 0 new cell, deleted 0 existing cell and moved 0 existing cell
Netlist sorting complete. Time (s): cpu = 00:00:00 ; elapsed = 00:00:00 . Memory (MB): peak = 3437.789 ; gain = 0.000 ; free physical = 5253 ; free virtual = 68691

Summary of Physical Synthesis Optimizations
============================================


-----------------------------------------------------------------------------------------------------------------------------------------------------------
|  Optimization                                     |  Added Cells  |  Removed Cells  |  Optimized Cells/Nets  |  Dont Touch  |  Iterations  |  Elapsed   |
-----------------------------------------------------------------------------------------------------------------------------------------------------------
|  LUT Combining                                    |            0  |             56  |                    56  |           0  |           1  |  00:00:00  |
|  Very High Fanout                                 |            0  |              0  |                     0  |           0  |           1  |  00:00:00  |
|  DSP Register                                     |            0  |              0  |                     0  |           0  |           0  |  00:00:00  |
|  Shift Register to Pipeline                       |            0  |              0  |                     0  |           0  |           0  |  00:00:00  |
|  Shift Register                                   |            0  |              0  |                     0  |           0  |           0  |  00:00:00  |
|  BRAM Register                                    |            0  |              0  |                     0  |           0  |           0  |  00:00:00  |
|  URAM Register                                    |            0  |              0  |                     0  |           0  |           0  |  00:00:00  |
|  Dynamic/Static Region Interface Net Replication  |            0  |              0  |                     0  |           0  |           1  |  00:00:00  |
|  Total                                            |            0  |             56  |                    56  |           0  |           3  |  00:00:00  |
-----------------------------------------------------------------------------------------------------------------------------------------------------------


Phase 2.3.1 Physical Synthesis In Placer | Checksum: 1ca9fc41c

Time (s): cpu = 00:00:09 ; elapsed = 00:00:02 . Memory (MB): peak = 3437.789 ; gain = 24.012 ; free physical = 5250 ; free virtual = 68689
Phase 2.3 Global Placement Core | Checksum: 1465baed0

Time (s): cpu = 00:00:09 ; elapsed = 00:00:02 . Memory (MB): peak = 3437.789 ; gain = 24.012 ; free physical = 5249 ; free virtual = 68688
Phase 2 Global Placement | Checksum: 1465baed0

Time (s): cpu = 00:00:09 ; elapsed = 00:00:02 . Memory (MB): peak = 3437.789 ; gain = 24.012 ; free physical = 5249 ; free virtual = 68688

Phase 3 Detail Placement

Phase 3.1 Commit Multi Column Macros
Phase 3.1 Commit Multi Column Macros | Checksum: 1b1376365

Time (s): cpu = 00:00:10 ; elapsed = 00:00:02 . Memory (MB): peak = 3437.789 ; gain = 24.012 ; free physical = 5249 ; free virtual = 68687

Phase 3.2 Commit Most Macros & LUTRAMs
Phase 3.2 Commit Most Macros & LUTRAMs | Checksum: 1b3dfad75

Time (s): cpu = 00:00:10 ; elapsed = 00:00:03 . Memory (MB): peak = 3437.789 ; gain = 24.012 ; free physical = 5247 ; free virtual = 68686

Phase 3.3 Area Swap Optimization
Phase 3.3 Area Swap Optimization | Checksum: 165ff7317

Time (s): cpu = 00:00:10 ; elapsed = 00:00:03 . Memory (MB): peak = 3437.789 ; gain = 24.012 ; free physical = 5246 ; free virtual = 68685

Phase 3.4 Pipeline Register Optimization
Phase 3.4 Pipeline Register Optimization | Checksum: 1cdc28aa1

Time (s): cpu = 00:00:10 ; elapsed = 00:00:03 . Memory (MB): peak = 3437.789 ; gain = 24.012 ; free physical = 5246 ; free virtual = 68685

Phase 3.5 Small Shape Detail Placement
Phase 3.5 Small Shape Detail Placement | Checksum: 1f9190bd8

Time (s): cpu = 00:00:11 ; elapsed = 00:00:03 . Memory (MB): peak = 3437.789 ; gain = 24.012 ; free physical = 5248 ; free virtual = 68687

Phase 3.6 Re-assign LUT pins
Phase 3.6 Re-assign LUT pins | Checksum: 21241c4ad

Time (s): cpu = 00:00:11 ; elapsed = 00:00:03 . Memory (MB): peak = 3437.789 ; gain = 24.012 ; free physical = 5248 ; free virtual = 68688

Phase 3.7 Pipeline Register Optimization
Phase 3.7 Pipeline Register Optimization | Checksum: 16af69a57

Time (s): cpu = 00:00:11 ; elapsed = 00:00:03 . Memory (MB): peak = 3437.789 ; gain = 24.012 ; free physical = 5248 ; free virtual = 68688
Phase 3 Detail Placement | Checksum: 16af69a57

Time (s): cpu = 00:00:11 ; elapsed = 00:00:03 . Memory (MB): peak = 3437.789 ; gain = 24.012 ; free physical = 5248 ; free virtual = 68688

Phase 4 Post Placement Optimization and Clean-Up

Phase 4.1 Post Commit Optimization
INFO: [Timing 38-35] Done setting XDC timing constraints.

Phase 4.1.1 Post Placement Optimization
Post Placement Optimization Initialization | Checksum: 13770e5df

Phase 4.1.1.1 BUFG Insertion

Starting Physical Synthesis Task

Phase 1 Physical Synthesis Initialization
INFO: [Physopt 32-721] Multithreading enabled for phys_opt_design using a maximum of 8 CPUs
INFO: [Physopt 32-619] Estimated Timing Summary | WNS=2.027 | TNS=0.000 |
Phase 1 Physical Synthesis Initialization | Checksum: efc46013

Time (s): cpu = 00:00:00.20 ; elapsed = 00:00:00.05 . Memory (MB): peak = 3437.789 ; gain = 0.000 ; free physical = 5246 ; free virtual = 68686
INFO: [Place 46-56] BUFG insertion identified 0 candidate nets. Inserted BUFG: 0, Replicated BUFG Driver: 0, Skipped due to Placement/Routing Conflicts: 0, Skipped due to Timing Degradation: 0, Skipped due to Illegal Netlist: 0.
Ending Physical Synthesis Task | Checksum: c1b049fc

Time (s): cpu = 00:00:00.21 ; elapsed = 00:00:00.06 . Memory (MB): peak = 3437.789 ; gain = 0.000 ; free physical = 5246 ; free virtual = 68686
Phase 4.1.1.1 BUFG Insertion | Checksum: 13770e5df

Time (s): cpu = 00:00:12 ; elapsed = 00:00:04 . Memory (MB): peak = 3437.789 ; gain = 24.012 ; free physical = 5246 ; free virtual = 68686
INFO: [Place 30-746] Post Placement Timing Summary WNS=2.027. For the most accurate timing information please run report_timing.

Time (s): cpu = 00:00:12 ; elapsed = 00:00:04 . Memory (MB): peak = 3437.789 ; gain = 24.012 ; free physical = 5246 ; free virtual = 68686
Phase 4.1 Post Commit Optimization | Checksum: 167d00637

Time (s): cpu = 00:00:12 ; elapsed = 00:00:04 . Memory (MB): peak = 3437.789 ; gain = 24.012 ; free physical = 5246 ; free virtual = 68686

Phase 4.2 Post Placement Cleanup
Phase 4.2 Post Placement Cleanup | Checksum: 167d00637

Time (s): cpu = 00:00:13 ; elapsed = 00:00:04 . Memory (MB): peak = 3437.789 ; gain = 24.012 ; free physical = 5247 ; free virtual = 68686

Phase 4.3 Placer Reporting

Phase 4.3.1 Print Estimated Congestion
INFO: [Place 30-612] Post-Placement Estimated Congestion 
 ____________________________________________________
|           | Global Congestion | Short Congestion  |
| Direction | Region Size       | Region Size       |
|___________|___________________|___________________|
|      North|                1x1|                1x1|
|___________|___________________|___________________|
|      South|                1x1|                1x1|
|___________|___________________|___________________|
|       East|                1x1|                1x1|
|___________|___________________|___________________|
|       West|                1x1|                1x1|
|___________|___________________|___________________|

Phase 4.3.1 Print Estimated Congestion | Checksum: 167d00637

Time (s): cpu = 00:00:13 ; elapsed = 00:00:04 . Memory (MB): peak = 3437.789 ; gain = 24.012 ; free physical = 5247 ; free virtual = 68686
Phase 4.3 Placer Reporting | Checksum: 167d00637

Time (s): cpu = 00:00:13 ; elapsed = 00:00:04 . Memory (MB): peak = 3437.789 ; gain = 24.012 ; free physical = 5247 ; free virtual = 68686

Phase 4.4 Final Placement Cleanup
Netlist sorting complete. Time (s): cpu = 00:00:00 ; elapsed = 00:00:00 . Memory (MB): peak = 3437.789 ; gain = 0.000 ; free physical = 5247 ; free virtual = 68686

Time (s): cpu = 00:00:13 ; elapsed = 00:00:04 . Memory (MB): peak = 3437.789 ; gain = 24.012 ; free physical = 5247 ; free virtual = 68686
Phase 4 Post Placement Optimization and Clean-Up | Checksum: 20928712d

Time (s): cpu = 00:00:13 ; elapsed = 00:00:04 . Memory (MB): peak = 3437.789 ; gain = 24.012 ; free physical = 5247 ; free virtual = 68686
Ending Placer Task | Checksum: 130d488fc

Time (s): cpu = 00:00:13 ; elapsed = 00:00:04 . Memory (MB): peak = 3437.789 ; gain = 24.012 ; free physical = 5246 ; free virtual = 68686
INFO: [Common 17-83] Releasing license: Implementation
29 Infos, 0 Warnings, 0 Critical Warnings and 0 Errors encountered.
place_design completed successfully
## puts "Running phys_opt_design..."
Running phys_opt_design...
## phys_opt_design
Command: phys_opt_design
Attempting to get a license for feature 'Implementation' and/or device 'xc7a100t'
INFO: [Common 17-349] Got license for feature 'Implementation' and/or device 'xc7a100t'
INFO: [Vivado_Tcl 4-383] Design worst setup slack (WNS) is greater than or equal to 0.000 ns. Skipping all physical synthesis optimizations.
INFO: [Vivado_Tcl 4-232] No setup violation found. The netlist was not modified.
INFO: [Common 17-83] Releasing license: Implementation
4 Infos, 0 Warnings, 0 Critical Warnings and 0 Errors encountered.
phys_opt_design completed successfully
## puts "Running route_design..."
Running route_design...
## route_design
Command: route_design
Attempting to get a license for feature 'Implementation' and/or device 'xc7a100t'
INFO: [Common 17-349] Got license for feature 'Implementation' and/or device 'xc7a100t'
Running DRC as a precondition to command route_design
INFO: [DRC 23-27] Running DRC with 8 threads
INFO: [Vivado_Tcl 4-198] DRC finished with 0 Errors
INFO: [Vivado_Tcl 4-199] Please refer to the DRC report (report_drc) for more information.


Starting Routing Task
INFO: [Route 35-254] Multithreading enabled for route_design using a maximum of 8 CPUs
Checksum: PlaceDB: 79e0b1c2 ConstDB: 0 ShapeSum: b6f3d73a RouteDB: 0

Phase 1 Build RT Design
Phase 1 Build RT Design | Checksum: 15c8d7e4e

Time (s): cpu = 00:00:11 ; elapsed = 00:00:08 . Memory (MB): peak = 3437.789 ; gain = 0.000 ; free physical = 5111 ; free virtual = 68555
Post Restoration Checksum: NetGraph: e76fbc34 NumContArr: 751dc21a Constraints: 0 Timing: 0

Phase 2 Router Initialization

Phase 2.1 Create Timer
Phase 2.1 Create Timer | Checksum: 15c8d7e4e

Time (s): cpu = 00:00:11 ; elapsed = 00:00:08 . Memory (MB): peak = 3437.789 ; gain = 0.000 ; free physical = 5110 ; free virtual = 68554

Phase 2.2 Fix Topology Constraints
Phase 2.2 Fix Topology Constraints | Checksum: 15c8d7e4e

Time (s): cpu = 00:00:11 ; elapsed = 00:00:08 . Memory (MB): peak = 3437.789 ; gain = 0.000 ; free physical = 5077 ; free virtual = 68521

Phase 2.3 Pre Route Cleanup
Phase 2.3 Pre Route Cleanup | Checksum: 15c8d7e4e

Time (s): cpu = 00:00:11 ; elapsed = 00:00:08 . Memory (MB): peak = 3437.789 ; gain = 0.000 ; free physical = 5077 ; free virtual = 68521
 Number of Nodes with overlaps = 0

Phase 2.4 Update Timing
Phase 2.4 Update Timing | Checksum: 114b86e69

Time (s): cpu = 00:00:12 ; elapsed = 00:00:09 . Memory (MB): peak = 3437.789 ; gain = 0.000 ; free physical = 5062 ; free virtual = 68509
INFO: [Route 35-416] Intermediate Timing Summary | WNS=2.131  | TNS=0.000  | WHS=-0.178 | THS=-141.403|


Phase 2.5 Update Timing for Bus Skew

Phase 2.5.1 Update Timing
Phase 2.5.1 Update Timing | Checksum: 199ce02b8

Time (s): cpu = 00:00:13 ; elapsed = 00:00:09 . Memory (MB): peak = 3437.789 ; gain = 0.000 ; free physical = 5061 ; free virtual = 68508
INFO: [Route 35-416] Intermediate Timing Summary | WNS=2.131  | TNS=0.000  | WHS=N/A    | THS=N/A    |

Phase 2.5 Update Timing for Bus Skew | Checksum: 1785e32b3

Time (s): cpu = 00:00:13 ; elapsed = 00:00:09 . Memory (MB): peak = 3437.789 ; gain = 0.000 ; free physical = 5060 ; free virtual = 68508
Phase 2 Router Initialization | Checksum: 1a8e11c9a

Time (s): cpu = 00:00:13 ; elapsed = 00:00:09 . Memory (MB): peak = 3437.789 ; gain = 0.000 ; free physical = 5060 ; free virtual = 68508

Router Utilization Summary
  Global Vertical Routing Utilization    = 0 %
  Global Horizontal Routing Utilization  = 0 %
  Routable Net Status*
  *Does not include unroutable nets such as driverless and loadless.
  Run report_route_status for detailed report.
  Number of Failed Nets               = 3251
    (Failed Nets is the sum of unrouted and partially routed nets)
  Number of Unrouted Nets             = 3251
  Number of Partially Routed Nets     = 0
  Number of Node Overlaps             = 0


Phase 3 Initial Routing

Phase 3.1 Global Routing
Phase 3.1 Global Routing | Checksum: 1a8e11c9a

Time (s): cpu = 00:00:13 ; elapsed = 00:00:09 . Memory (MB): peak = 3437.789 ; gain = 0.000 ; free physical = 5059 ; free virtual = 68507
Phase 3 Initial Routing | Checksum: 110b6ba8e

Time (s): cpu = 00:00:14 ; elapsed = 00:00:09 . Memory (MB): peak = 3437.789 ; gain = 0.000 ; free physical = 5056 ; free virtual = 68505

Phase 4 Rip-up And Reroute

Phase 4.1 Global Iteration 0
 Number of Nodes with overlaps = 196
 Number of Nodes with overlaps = 7
 Number of Nodes with overlaps = 0
INFO: [Route 35-416] Intermediate Timing Summary | WNS=1.776  | TNS=0.000  | WHS=N/A    | THS=N/A    |

Phase 4.1 Global Iteration 0 | Checksum: 1c4bbbd9b

Time (s): cpu = 00:00:14 ; elapsed = 00:00:10 . Memory (MB): peak = 3437.789 ; gain = 0.000 ; free physical = 5062 ; free virtual = 68510

Phase 4.2 Global Iteration 1
 Number of Nodes with overlaps = 0
INFO: [Route 35-416] Intermediate Timing Summary | WNS=1.776  | TNS=0.000  | WHS=N/A    | THS=N/A    |

Phase 4.2 Global Iteration 1 | Checksum: 2414d0c4a

Time (s): cpu = 00:00:14 ; elapsed = 00:00:10 . Memory (MB): peak = 3437.789 ; gain = 0.000 ; free physical = 5062 ; free virtual = 68510
Phase 4 Rip-up And Reroute | Checksum: 2414d0c4a

Time (s): cpu = 00:00:14 ; elapsed = 00:00:10 . Memory (MB): peak = 3437.789 ; gain = 0.000 ; free physical = 5062 ; free virtual = 68510

Phase 5 Delay and Skew Optimization

Phase 5.1 Delay CleanUp
Phase 5.1 Delay CleanUp | Checksum: 2414d0c4a

Time (s): cpu = 00:00:15 ; elapsed = 00:00:10 . Memory (MB): peak = 3437.789 ; gain = 0.000 ; free physical = 5062 ; free virtual = 68510

Phase 5.2 Clock Skew Optimization
Phase 5.2 Clock Skew Optimization | Checksum: 2414d0c4a

Time (s): cpu = 00:00:15 ; elapsed = 00:00:10 . Memory (MB): peak = 3437.789 ; gain = 0.000 ; free physical = 5062 ; free virtual = 68510
Phase 5 Delay and Skew Optimization | Checksum: 2414d0c4a

Time (s): cpu = 00:00:15 ; elapsed = 00:00:10 . Memory (MB): peak = 3437.789 ; gain = 0.000 ; free physical = 5062 ; free virtual = 68510

Phase 6 Post Hold Fix

Phase 6.1 Hold Fix Iter

Phase 6.1.1 Update Timing
Phase 6.1.1 Update Timing | Checksum: 2568cbe37

Time (s): cpu = 00:00:15 ; elapsed = 00:00:10 . Memory (MB): peak = 3437.789 ; gain = 0.000 ; free physical = 5062 ; free virtual = 68510
INFO: [Route 35-416] Intermediate Timing Summary | WNS=1.843  | TNS=0.000  | WHS=0.103  | THS=0.000  |

Phase 6.1 Hold Fix Iter | Checksum: 27e4ef210

Time (s): cpu = 00:00:15 ; elapsed = 00:00:10 . Memory (MB): peak = 3437.789 ; gain = 0.000 ; free physical = 5062 ; free virtual = 68510
Phase 6 Post Hold Fix | Checksum: 27e4ef210

Time (s): cpu = 00:00:15 ; elapsed = 00:00:10 . Memory (MB): peak = 3437.789 ; gain = 0.000 ; free physical = 5062 ; free virtual = 68510

Phase 7 Route finalize

Router Utilization Summary
  Global Vertical Routing Utilization    = 0.363276 %
  Global Horizontal Routing Utilization  = 0.345126 %
  Routable Net Status*
  *Does not include unroutable nets such as driverless and loadless.
  Run report_route_status for detailed report.
  Number of Failed Nets               = 0
    (Failed Nets is the sum of unrouted and partially routed nets)
  Number of Unrouted Nets             = 0
  Number of Partially Routed Nets     = 0
  Number of Node Overlaps             = 0

Phase 7 Route finalize | Checksum: 28fd534d9

Time (s): cpu = 00:00:15 ; elapsed = 00:00:10 . Memory (MB): peak = 3437.789 ; gain = 0.000 ; free physical = 5062 ; free virtual = 68510

Phase 8 Verifying routed nets

 Verification completed successfully
Phase 8 Verifying routed nets | Checksum: 28fd534d9

Time (s): cpu = 00:00:15 ; elapsed = 00:00:10 . Memory (MB): peak = 3437.789 ; gain = 0.000 ; free physical = 5062 ; free virtual = 68510

Phase 9 Depositing Routes
Phase 9 Depositing Routes | Checksum: 2a6a429cf

Time (s): cpu = 00:00:15 ; elapsed = 00:00:10 . Memory (MB): peak = 3437.789 ; gain = 0.000 ; free physical = 5061 ; free virtual = 68509

Phase 10 Post Router Timing
INFO: [Route 35-57] Estimated Timing Summary | WNS=1.843  | TNS=0.000  | WHS=0.103  | THS=0.000  |

INFO: [Route 35-327] The final timing numbers are based on the router estimated timing analysis. For a complete and accurate timing signoff, please run report_timing_summary.
Phase 10 Post Router Timing | Checksum: 2a6a429cf

Time (s): cpu = 00:00:15 ; elapsed = 00:00:10 . Memory (MB): peak = 3437.789 ; gain = 0.000 ; free physical = 5061 ; free virtual = 68509
INFO: [Route 35-16] Router Completed Successfully

Time (s): cpu = 00:00:15 ; elapsed = 00:00:10 . Memory (MB): peak = 3437.789 ; gain = 0.000 ; free physical = 5097 ; free virtual = 68546

Routing Is Done.
INFO: [Common 17-83] Releasing license: Implementation
14 Infos, 0 Warnings, 0 Critical Warnings and 0 Errors encountered.
route_design completed successfully
route_design: Time (s): cpu = 00:00:17 ; elapsed = 00:00:11 . Memory (MB): peak = 3437.789 ; gain = 0.000 ; free physical = 5097 ; free virtual = 68546
## puts "Running post-route phys_opt_design..."
Running post-route phys_opt_design...
## phys_opt_design -post_route
ERROR: [Common 17-170] Unknown option '-post_route', please type 'phys_opt_design -help' for usage info.

    while executing
"source Scripts/implement.tcl"
    (file "Scripts/build.tcl" line 33)
INFO: [Common 17-206] Exiting Vivado at Mon Jul 27 16:16:10 2026...
