#-----------------------------------------------------------
# Vivado v2020.2 (64-bit)
# SW Build 3064766 on Wed Nov 18 09:12:47 MST 2020
# IP Build 3064653 on Wed Nov 18 14:17:31 MST 2020
# Start of session at: Mon Jul 27 16:58:28 2026
# Process ID: 2357359
# Current directory: /home/aujus_dsp_1/Documents/Learning/gigabit_ethernet
# Command line: vivado -mode batch -source Scripts/build.tcl
# Log file: /home/aujus_dsp_1/Documents/Learning/gigabit_ethernet/vivado.log
# Journal file: /home/aujus_dsp_1/Documents/Learning/gigabit_ethernet/vivado.jou
#-----------------------------------------------------------
source Scripts/build.tcl
# puts ""

# puts "========================================="
=========================================
# puts "Gigabit Ethernet Build Started"
Gigabit Ethernet Build Started
# puts "========================================="
=========================================
# puts ""

# source Scripts/variables.tcl
## set PROJECT_NAME "gigabit_ethernet"
## set PART         "xc7a100tfgg484-2"
## set TOP          "gmii_top"
## set ROOT_DIR        [pwd]
## set RTL_DIR         "$ROOT_DIR/RTL"
## set CONSTRAINTS_DIR "$ROOT_DIR/Constraints"
## set IP_DIR          "$ROOT_DIR/IP"
## set SCRIPTS_DIR     "$ROOT_DIR/Scripts"
## set OUTPUT_DIR      "$ROOT_DIR/Output"
## set BIT_DIR         "$OUTPUT_DIR/bitstream"
## set CHECKPOINT_DIR  "$OUTPUT_DIR/checkpoint"
## set REPORTS_DIR     "$OUTPUT_DIR/reports"
## foreach dir [list \
##     $OUTPUT_DIR \
##     $BIT_DIR \
##     $CHECKPOINT_DIR \
##     $REPORTS_DIR] {
## 
##     file mkdir $dir
## }
## set BIT_FILE        "$BIT_DIR/$TOP.bit"
## set DCP_FILE        "$CHECKPOINT_DIR/$TOP.dcp"
## set UTIL_REPORT     "$REPORTS_DIR/utilization.rpt"
## set TIMING_REPORT   "$REPORTS_DIR/timing_summary.rpt"
## set POWER_REPORT    "$REPORTS_DIR/power.rpt"
# create_project \
#     -in_memory \
#     -part $PART
# source Scripts/create_ips.tcl
## foreach ip_dir {clk_gen vio_mdio vio_gmii_tx vio_gmii_rx} {
## 
##     # Drop the IP from the in-memory design first, otherwise create_ip below
##     # sees the name taken and silently renames it to <ip>_1, <ip>_2, ...
##     if {[llength [get_ips -quiet $ip_dir]] > 0} {
## 
##         puts "Removing in-memory IP: $ip_dir"
## 
##         remove_files [get_files -quiet -of_objects [get_ips $ip_dir]]
##     }
## 
##     set output_dir "$IP_DIR/$ip_dir/output"
##         if {[file exists $output_dir]} {
##             foreach item [glob -nocomplain "$output_dir/*"] {
##                 file delete -force $item
##             }
##         }
## }
## puts "Existing Directories cleared"
Existing Directories cleared
## puts "Creating IPs"
Creating IPs
## puts "Generating clk_gen IP"
Generating clk_gen IP
## source "$IP_DIR/clk_gen/create_clk_gen.tcl"
### set IP_NAME clk_gen
### puts "Generating $IP_NAME IP in $IP_DIR"
Generating clk_gen IP in /home/aujus_dsp_1/Documents/Learning/gigabit_ethernet/IP
### create_ip \
###     -name clk_wiz \
###     -vendor xilinx.com \
###     -library ip \
###     -version 6.0 \
###     -module_name $IP_NAME \
###     -dir $IP_DIR/clk_gen/output
INFO: [IP_Flow 19-234] Refreshing IP repositories
INFO: [IP_Flow 19-1704] No user IP repositories specified
INFO: [IP_Flow 19-2313] Loaded Vivado IP repository '/tools/Xilinx/2020/Vivado/2020.2/data/ip'.
### set_property -dict [list \
###     CONFIG.PRIM_SOURCE                  {Differential_clock_capable_pin} \
###     CONFIG.PRIM_IN_FREQ                 {200.000} \
###     CONFIG.NUM_OUT_CLKS                 {2} \
###     CONFIG.CLKOUT1_USED                 {true} \
###     CONFIG.CLKOUT2_USED                 {true} \
###     CONFIG.CLK_OUT1_PORT                {clk_100} \
###     CONFIG.CLK_OUT2_PORT                {clk_125} \
###     CONFIG.CLKOUT2_REQUESTED_OUT_FREQ   {125.000} \
###     CONFIG.USE_RESET                    {false} \
###     CONFIG.USE_LOCKED                   {false} \
### ] [get_ips $IP_NAME]
### generate_target all [get_ips $IP_NAME]
INFO: [IP_Flow 19-1686] Generating 'Instantiation Template' target for IP 'clk_gen'...
INFO: [IP_Flow 19-1686] Generating 'Synthesis' target for IP 'clk_gen'...
INFO: [IP_Flow 19-1686] Generating 'Simulation' target for IP 'clk_gen'...
INFO: [IP_Flow 19-1686] Generating 'Implementation' target for IP 'clk_gen'...
INFO: [IP_Flow 19-1686] Generating 'Change Log' target for IP 'clk_gen'...
### synth_ip [get_ips $IP_NAME]
INFO: [IP_Flow 19-234] Refreshing IP repositories
INFO: [IP_Flow 19-1704] No user IP repositories specified
INFO: [IP_Flow 19-2313] Loaded Vivado IP repository '/tools/Xilinx/2020/Vivado/2020.2/data/ip'.
Command: synth_design -top clk_gen -part xc7a100tfgg484-2 -mode out_of_context
Starting synth_design
Attempting to get a license for feature 'Synthesis' and/or device 'xc7a100t'
INFO: [Common 17-349] Got license for feature 'Synthesis' and/or device 'xc7a100t'
INFO: [Device 21-403] Loading part xc7a100tfgg484-2
INFO: [Synth 8-7079] Multithreading enabled for synth_design using a maximum of 4 processes.
INFO: [Synth 8-7078] Launching helper process for spawning children vivado processes
INFO: [Synth 8-7075] Helper process launched with PID 2357440
---------------------------------------------------------------------------------
Starting RTL Elaboration : Time (s): cpu = 00:00:02 ; elapsed = 00:00:02 . Memory (MB): peak = 2481.891 ; gain = 0.000 ; free physical = 4237 ; free virtual = 67783
---------------------------------------------------------------------------------
INFO: [Synth 8-6157] synthesizing module 'clk_gen' [/home/aujus_dsp_1/Documents/Learning/gigabit_ethernet/IP/clk_gen/output/clk_gen/clk_gen.v:71]
INFO: [Synth 8-6157] synthesizing module 'clk_gen_clk_wiz' [/home/aujus_dsp_1/Documents/Learning/gigabit_ethernet/IP/clk_gen/output/clk_gen/clk_gen_clk_wiz.v:69]
INFO: [Synth 8-6157] synthesizing module 'IBUFDS' [/tools/Xilinx/2020/Vivado/2020.2/scripts/rt/data/unisim_comp.v:32998]
	Parameter CAPACITANCE bound to: DONT_CARE - type: string 
	Parameter DIFF_TERM bound to: FALSE - type: string 
	Parameter DQS_BIAS bound to: FALSE - type: string 
	Parameter IBUF_DELAY_VALUE bound to: 0 - type: string 
	Parameter IBUF_LOW_PWR bound to: TRUE - type: string 
	Parameter IFD_DELAY_VALUE bound to: AUTO - type: string 
	Parameter IOSTANDARD bound to: DEFAULT - type: string 
INFO: [Synth 8-6155] done synthesizing module 'IBUFDS' (1#1) [/tools/Xilinx/2020/Vivado/2020.2/scripts/rt/data/unisim_comp.v:32998]
INFO: [Synth 8-6157] synthesizing module 'MMCME2_ADV' [/tools/Xilinx/2020/Vivado/2020.2/scripts/rt/data/unisim_comp.v:39998]
	Parameter BANDWIDTH bound to: OPTIMIZED - type: string 
	Parameter CLKFBOUT_MULT_F bound to: 5.000000 - type: double 
	Parameter CLKFBOUT_PHASE bound to: 0.000000 - type: double 
	Parameter CLKFBOUT_USE_FINE_PS bound to: FALSE - type: string 
	Parameter CLKIN1_PERIOD bound to: 5.000000 - type: double 
	Parameter CLKIN2_PERIOD bound to: 0.000000 - type: double 
	Parameter CLKOUT0_DIVIDE_F bound to: 10.000000 - type: double 
	Parameter CLKOUT0_DUTY_CYCLE bound to: 0.500000 - type: double 
	Parameter CLKOUT0_PHASE bound to: 0.000000 - type: double 
	Parameter CLKOUT0_USE_FINE_PS bound to: FALSE - type: string 
	Parameter CLKOUT1_DIVIDE bound to: 8 - type: integer 
	Parameter CLKOUT1_DUTY_CYCLE bound to: 0.500000 - type: double 
	Parameter CLKOUT1_PHASE bound to: 0.000000 - type: double 
	Parameter CLKOUT1_USE_FINE_PS bound to: FALSE - type: string 
	Parameter CLKOUT2_DIVIDE bound to: 1 - type: integer 
	Parameter CLKOUT2_DUTY_CYCLE bound to: 0.500000 - type: double 
	Parameter CLKOUT2_PHASE bound to: 0.000000 - type: double 
	Parameter CLKOUT2_USE_FINE_PS bound to: FALSE - type: string 
	Parameter CLKOUT3_DIVIDE bound to: 1 - type: integer 
	Parameter CLKOUT3_DUTY_CYCLE bound to: 0.500000 - type: double 
	Parameter CLKOUT3_PHASE bound to: 0.000000 - type: double 
	Parameter CLKOUT3_USE_FINE_PS bound to: FALSE - type: string 
	Parameter CLKOUT4_CASCADE bound to: FALSE - type: string 
	Parameter CLKOUT4_DIVIDE bound to: 1 - type: integer 
	Parameter CLKOUT4_DUTY_CYCLE bound to: 0.500000 - type: double 
	Parameter CLKOUT4_PHASE bound to: 0.000000 - type: double 
	Parameter CLKOUT4_USE_FINE_PS bound to: FALSE - type: string 
	Parameter CLKOUT5_DIVIDE bound to: 1 - type: integer 
	Parameter CLKOUT5_DUTY_CYCLE bound to: 0.500000 - type: double 
	Parameter CLKOUT5_PHASE bound to: 0.000000 - type: double 
	Parameter CLKOUT5_USE_FINE_PS bound to: FALSE - type: string 
	Parameter CLKOUT6_DIVIDE bound to: 1 - type: integer 
	Parameter CLKOUT6_DUTY_CYCLE bound to: 0.500000 - type: double 
	Parameter CLKOUT6_PHASE bound to: 0.000000 - type: double 
	Parameter CLKOUT6_USE_FINE_PS bound to: FALSE - type: string 
	Parameter COMPENSATION bound to: ZHOLD - type: string 
	Parameter DIVCLK_DIVIDE bound to: 1 - type: integer 
	Parameter IS_CLKINSEL_INVERTED bound to: 1'b0 
	Parameter IS_PSEN_INVERTED bound to: 1'b0 
	Parameter IS_PSINCDEC_INVERTED bound to: 1'b0 
	Parameter IS_PWRDWN_INVERTED bound to: 1'b0 
	Parameter IS_RST_INVERTED bound to: 1'b0 
	Parameter REF_JITTER1 bound to: 0.010000 - type: double 
	Parameter REF_JITTER2 bound to: 0.010000 - type: double 
	Parameter SS_EN bound to: FALSE - type: string 
	Parameter SS_MODE bound to: CENTER_HIGH - type: string 
	Parameter SS_MOD_PERIOD bound to: 10000 - type: integer 
	Parameter STARTUP_WAIT bound to: FALSE - type: string 
INFO: [Synth 8-6155] done synthesizing module 'MMCME2_ADV' (2#1) [/tools/Xilinx/2020/Vivado/2020.2/scripts/rt/data/unisim_comp.v:39998]
INFO: [Synth 8-6157] synthesizing module 'BUFG' [/tools/Xilinx/2020/Vivado/2020.2/scripts/rt/data/unisim_comp.v:1083]
INFO: [Synth 8-6155] done synthesizing module 'BUFG' (3#1) [/tools/Xilinx/2020/Vivado/2020.2/scripts/rt/data/unisim_comp.v:1083]
INFO: [Synth 8-6155] done synthesizing module 'clk_gen_clk_wiz' (4#1) [/home/aujus_dsp_1/Documents/Learning/gigabit_ethernet/IP/clk_gen/output/clk_gen/clk_gen_clk_wiz.v:69]
INFO: [Synth 8-6155] done synthesizing module 'clk_gen' (5#1) [/home/aujus_dsp_1/Documents/Learning/gigabit_ethernet/IP/clk_gen/output/clk_gen/clk_gen.v:71]
---------------------------------------------------------------------------------
Finished RTL Elaboration : Time (s): cpu = 00:00:02 ; elapsed = 00:00:03 . Memory (MB): peak = 2481.891 ; gain = 0.000 ; free physical = 4271 ; free virtual = 67818
---------------------------------------------------------------------------------
---------------------------------------------------------------------------------
Start Handling Custom Attributes
---------------------------------------------------------------------------------
---------------------------------------------------------------------------------
Finished Handling Custom Attributes : Time (s): cpu = 00:00:03 ; elapsed = 00:00:03 . Memory (MB): peak = 2490.684 ; gain = 8.793 ; free physical = 4985 ; free virtual = 68538
---------------------------------------------------------------------------------
---------------------------------------------------------------------------------
Finished RTL Optimization Phase 1 : Time (s): cpu = 00:00:03 ; elapsed = 00:00:03 . Memory (MB): peak = 2490.684 ; gain = 8.793 ; free physical = 4983 ; free virtual = 68536
---------------------------------------------------------------------------------
Netlist sorting complete. Time (s): cpu = 00:00:00 ; elapsed = 00:00:00 . Memory (MB): peak = 2497.621 ; gain = 0.000 ; free physical = 4939 ; free virtual = 68492
INFO: [Netlist 29-17] Analyzing 2 Unisim elements for replacement
INFO: [Netlist 29-28] Unisim Transformation completed in 0 CPU seconds
INFO: [Project 1-570] Preparing netlist for logic optimization

Processing XDC Constraints
Initializing timing engine
Parsing XDC File [/home/aujus_dsp_1/Documents/Learning/gigabit_ethernet/IP/clk_gen/output/clk_gen/clk_gen_ooc.xdc] for cell 'inst'
Finished Parsing XDC File [/home/aujus_dsp_1/Documents/Learning/gigabit_ethernet/IP/clk_gen/output/clk_gen/clk_gen_ooc.xdc] for cell 'inst'
Parsing XDC File [/home/aujus_dsp_1/Documents/Learning/gigabit_ethernet/IP/clk_gen/output/clk_gen/clk_gen_board.xdc] for cell 'inst'
Finished Parsing XDC File [/home/aujus_dsp_1/Documents/Learning/gigabit_ethernet/IP/clk_gen/output/clk_gen/clk_gen_board.xdc] for cell 'inst'
Parsing XDC File [/home/aujus_dsp_1/Documents/Learning/gigabit_ethernet/IP/clk_gen/output/clk_gen/clk_gen.xdc] for cell 'inst'
Finished Parsing XDC File [/home/aujus_dsp_1/Documents/Learning/gigabit_ethernet/IP/clk_gen/output/clk_gen/clk_gen.xdc] for cell 'inst'
INFO: [Project 1-236] Implementation specific constraints were found while reading constraint file [/home/aujus_dsp_1/Documents/Learning/gigabit_ethernet/IP/clk_gen/output/clk_gen/clk_gen.xdc]. These constraints will be ignored for synthesis but will be used in implementation. Impacted constraints are listed in the file [.Xil/clk_gen_propImpl.xdc].
Resolution: To avoid this warning, move constraints listed in [.Xil/clk_gen_propImpl.xdc] to another XDC file and exclude this new file from synthesis with the used_in_synthesis property (File Properties dialog in GUI) and re-run elaboration/synthesis.
INFO: [Timing 38-2] Deriving generated clocks
Completed Processing XDC Constraints

Netlist sorting complete. Time (s): cpu = 00:00:00 ; elapsed = 00:00:00 . Memory (MB): peak = 2571.559 ; gain = 0.000 ; free physical = 4928 ; free virtual = 68481
INFO: [Project 1-111] Unisim Transformation Summary:
No Unisim elements were transformed.

Constraint Validation Runtime : Time (s): cpu = 00:00:00.01 ; elapsed = 00:00:00.01 . Memory (MB): peak = 2571.559 ; gain = 0.000 ; free physical = 4928 ; free virtual = 68481
---------------------------------------------------------------------------------
Finished Constraint Validation : Time (s): cpu = 00:00:05 ; elapsed = 00:00:06 . Memory (MB): peak = 2571.559 ; gain = 89.668 ; free physical = 5001 ; free virtual = 68565
---------------------------------------------------------------------------------
---------------------------------------------------------------------------------
Start Loading Part and Timing Information
---------------------------------------------------------------------------------
Loading part: xc7a100tfgg484-2
---------------------------------------------------------------------------------
Finished Loading Part and Timing Information : Time (s): cpu = 00:00:05 ; elapsed = 00:00:06 . Memory (MB): peak = 2571.559 ; gain = 89.668 ; free physical = 5001 ; free virtual = 68565
---------------------------------------------------------------------------------
---------------------------------------------------------------------------------
Start Applying 'set_property' XDC Constraints
---------------------------------------------------------------------------------
Applied set_property KEEP_HIERARCHY = SOFT for inst. (constraint file  auto generated constraint).
---------------------------------------------------------------------------------
Finished applying 'set_property' XDC Constraints : Time (s): cpu = 00:00:05 ; elapsed = 00:00:06 . Memory (MB): peak = 2571.559 ; gain = 89.668 ; free physical = 5001 ; free virtual = 68565
---------------------------------------------------------------------------------
---------------------------------------------------------------------------------
Finished RTL Optimization Phase 2 : Time (s): cpu = 00:00:05 ; elapsed = 00:00:06 . Memory (MB): peak = 2571.559 ; gain = 89.668 ; free physical = 5000 ; free virtual = 68565
---------------------------------------------------------------------------------
---------------------------------------------------------------------------------
Start RTL Component Statistics 
---------------------------------------------------------------------------------
Detailed RTL Component Info : 
---------------------------------------------------------------------------------
Finished RTL Component Statistics 
---------------------------------------------------------------------------------
---------------------------------------------------------------------------------
Start Part Resource Summary
---------------------------------------------------------------------------------
Part Resources:
DSPs: 240 (col length:80)
BRAMs: 270 (col length: RAMB18 80 RAMB36 40)
---------------------------------------------------------------------------------
Finished Part Resource Summary
---------------------------------------------------------------------------------
---------------------------------------------------------------------------------
Start Cross Boundary and Area Optimization
---------------------------------------------------------------------------------
---------------------------------------------------------------------------------
Finished Cross Boundary and Area Optimization : Time (s): cpu = 00:00:06 ; elapsed = 00:00:07 . Memory (MB): peak = 2571.559 ; gain = 89.668 ; free physical = 4998 ; free virtual = 68566
---------------------------------------------------------------------------------
---------------------------------------------------------------------------------
Start Applying XDC Timing Constraints
---------------------------------------------------------------------------------
---------------------------------------------------------------------------------
Finished Applying XDC Timing Constraints : Time (s): cpu = 00:00:09 ; elapsed = 00:00:10 . Memory (MB): peak = 2571.559 ; gain = 89.668 ; free physical = 4874 ; free virtual = 68442
---------------------------------------------------------------------------------
---------------------------------------------------------------------------------
Start Timing Optimization
---------------------------------------------------------------------------------
---------------------------------------------------------------------------------
Finished Timing Optimization : Time (s): cpu = 00:00:09 ; elapsed = 00:00:10 . Memory (MB): peak = 2571.559 ; gain = 89.668 ; free physical = 4875 ; free virtual = 68442
---------------------------------------------------------------------------------
---------------------------------------------------------------------------------
Start Technology Mapping
---------------------------------------------------------------------------------
---------------------------------------------------------------------------------
Finished Technology Mapping : Time (s): cpu = 00:00:09 ; elapsed = 00:00:10 . Memory (MB): peak = 2571.559 ; gain = 89.668 ; free physical = 4871 ; free virtual = 68438
---------------------------------------------------------------------------------
---------------------------------------------------------------------------------
Start IO Insertion
---------------------------------------------------------------------------------
---------------------------------------------------------------------------------
Start Flattening Before IO Insertion
---------------------------------------------------------------------------------
---------------------------------------------------------------------------------
Finished Flattening Before IO Insertion
---------------------------------------------------------------------------------
---------------------------------------------------------------------------------
Start Final Netlist Cleanup
---------------------------------------------------------------------------------
---------------------------------------------------------------------------------
Finished Final Netlist Cleanup
---------------------------------------------------------------------------------
---------------------------------------------------------------------------------
Finished IO Insertion : Time (s): cpu = 00:00:10 ; elapsed = 00:00:11 . Memory (MB): peak = 2571.559 ; gain = 89.668 ; free physical = 4873 ; free virtual = 68440
---------------------------------------------------------------------------------
---------------------------------------------------------------------------------
Start Renaming Generated Instances
---------------------------------------------------------------------------------
---------------------------------------------------------------------------------
Finished Renaming Generated Instances : Time (s): cpu = 00:00:10 ; elapsed = 00:00:11 . Memory (MB): peak = 2571.559 ; gain = 89.668 ; free physical = 4873 ; free virtual = 68440
---------------------------------------------------------------------------------
---------------------------------------------------------------------------------
Start Rebuilding User Hierarchy
---------------------------------------------------------------------------------
---------------------------------------------------------------------------------
Finished Rebuilding User Hierarchy : Time (s): cpu = 00:00:10 ; elapsed = 00:00:11 . Memory (MB): peak = 2571.559 ; gain = 89.668 ; free physical = 4873 ; free virtual = 68440
---------------------------------------------------------------------------------
---------------------------------------------------------------------------------
Start Renaming Generated Ports
---------------------------------------------------------------------------------
---------------------------------------------------------------------------------
Finished Renaming Generated Ports : Time (s): cpu = 00:00:10 ; elapsed = 00:00:11 . Memory (MB): peak = 2571.559 ; gain = 89.668 ; free physical = 4873 ; free virtual = 68440
---------------------------------------------------------------------------------
---------------------------------------------------------------------------------
Start Handling Custom Attributes
---------------------------------------------------------------------------------
---------------------------------------------------------------------------------
Finished Handling Custom Attributes : Time (s): cpu = 00:00:10 ; elapsed = 00:00:11 . Memory (MB): peak = 2571.559 ; gain = 89.668 ; free physical = 4873 ; free virtual = 68440
---------------------------------------------------------------------------------
---------------------------------------------------------------------------------
Start Renaming Generated Nets
---------------------------------------------------------------------------------
---------------------------------------------------------------------------------
Finished Renaming Generated Nets : Time (s): cpu = 00:00:10 ; elapsed = 00:00:11 . Memory (MB): peak = 2571.559 ; gain = 89.668 ; free physical = 4873 ; free virtual = 68440
---------------------------------------------------------------------------------
---------------------------------------------------------------------------------
Start Writing Synthesis Report
---------------------------------------------------------------------------------

Report BlackBoxes: 
+-+--------------+----------+
| |BlackBox name |Instances |
+-+--------------+----------+
+-+--------------+----------+

Report Cell Usage: 
+------+-----------+------+
|      |Cell       |Count |
+------+-----------+------+
|1     |BUFG       |     3|
|2     |MMCME2_ADV |     1|
|3     |IBUFDS     |     1|
+------+-----------+------+
---------------------------------------------------------------------------------
Finished Writing Synthesis Report : Time (s): cpu = 00:00:10 ; elapsed = 00:00:11 . Memory (MB): peak = 2571.559 ; gain = 89.668 ; free physical = 4873 ; free virtual = 68440
---------------------------------------------------------------------------------
Synthesis finished with 0 errors, 0 critical warnings and 0 warnings.
Synthesis Optimization Runtime : Time (s): cpu = 00:00:09 ; elapsed = 00:00:10 . Memory (MB): peak = 2571.559 ; gain = 8.793 ; free physical = 4929 ; free virtual = 68498
Synthesis Optimization Complete : Time (s): cpu = 00:00:10 ; elapsed = 00:00:11 . Memory (MB): peak = 2571.559 ; gain = 89.668 ; free physical = 4929 ; free virtual = 68498
INFO: [Project 1-571] Translating synthesized netlist
Netlist sorting complete. Time (s): cpu = 00:00:00 ; elapsed = 00:00:00 . Memory (MB): peak = 2571.559 ; gain = 0.000 ; free physical = 4922 ; free virtual = 68491
INFO: [Netlist 29-17] Analyzing 2 Unisim elements for replacement
INFO: [Netlist 29-28] Unisim Transformation completed in 0 CPU seconds
INFO: [Project 1-570] Preparing netlist for logic optimization
Parsing XDC File [/home/aujus_dsp_1/Documents/Learning/gigabit_ethernet/IP/clk_gen/output/clk_gen/clk_gen_ooc.xdc] for cell 'inst'
Finished Parsing XDC File [/home/aujus_dsp_1/Documents/Learning/gigabit_ethernet/IP/clk_gen/output/clk_gen/clk_gen_ooc.xdc] for cell 'inst'
Parsing XDC File [/home/aujus_dsp_1/Documents/Learning/gigabit_ethernet/IP/clk_gen/output/clk_gen/clk_gen_board.xdc] for cell 'inst'
Finished Parsing XDC File [/home/aujus_dsp_1/Documents/Learning/gigabit_ethernet/IP/clk_gen/output/clk_gen/clk_gen_board.xdc] for cell 'inst'
Parsing XDC File [/home/aujus_dsp_1/Documents/Learning/gigabit_ethernet/IP/clk_gen/output/clk_gen/clk_gen.xdc] for cell 'inst'
INFO: [Timing 38-35] Done setting XDC timing constraints. [/home/aujus_dsp_1/Documents/Learning/gigabit_ethernet/IP/clk_gen/output/clk_gen/clk_gen.xdc:57]
INFO: [Timing 38-2] Deriving generated clocks [/home/aujus_dsp_1/Documents/Learning/gigabit_ethernet/IP/clk_gen/output/clk_gen/clk_gen.xdc:57]
Finished Parsing XDC File [/home/aujus_dsp_1/Documents/Learning/gigabit_ethernet/IP/clk_gen/output/clk_gen/clk_gen.xdc] for cell 'inst'
INFO: [Opt 31-138] Pushed 0 inverter(s) to 0 load pin(s).
Netlist sorting complete. Time (s): cpu = 00:00:00 ; elapsed = 00:00:00 . Memory (MB): peak = 2943.453 ; gain = 0.000 ; free physical = 4637 ; free virtual = 68211
INFO: [Project 1-111] Unisim Transformation Summary:
No Unisim elements were transformed.

INFO: [Common 17-83] Releasing license: Synthesis
33 Infos, 0 Warnings, 0 Critical Warnings and 0 Errors encountered.
synth_design completed successfully
synth_design: Time (s): cpu = 00:00:16 ; elapsed = 00:00:14 . Memory (MB): peak = 2943.453 ; gain = 461.676 ; free physical = 4772 ; free virtual = 68346
INFO: [Timing 38-35] Done setting XDC timing constraints.
INFO: [Timing 38-480] Writing timing data to binary archive.
INFO: [Common 17-1381] The checkpoint '/home/aujus_dsp_1/Documents/Learning/gigabit_ethernet/IP/clk_gen/output/clk_gen/clk_gen.dcp' has been generated.
INFO: [Vivado 12-3441] generate_netlist_ip - operation complete
synth_ip: Time (s): cpu = 00:00:16 ; elapsed = 00:00:15 . Memory (MB): peak = 2983.473 ; gain = 501.695 ; free physical = 4854 ; free virtual = 68422
### puts "Clock wizard IP generation complete"
Clock wizard IP generation complete
## puts "Generating vio_mdio IP"
Generating vio_mdio IP
## source "$IP_DIR/vio_mdio/vio_mdio.tcl"
### set IP_NAME vio_mdio
### puts "Creating VIO IP: $IP_NAME"
Creating VIO IP: vio_mdio
### create_ip \
###     -name vio \
###     -vendor xilinx.com \
###     -library ip \
###     -version 3.0 \
###     -module_name $IP_NAME \
###     -dir "$IP_DIR/vio_mdio/output"
### set_property -dict [list \
###     CONFIG.C_NUM_PROBE_IN        {2} \
###     CONFIG.C_NUM_PROBE_OUT       {7} \
###     CONFIG.C_PROBE_IN0_WIDTH     {16} \
###     CONFIG.C_PROBE_IN1_WIDTH     {16} \
###     CONFIG.C_PROBE_OUT1_WIDTH    {5} \
###     CONFIG.C_PROBE_OUT1_INIT_VAL {0x1} \
###     CONFIG.C_PROBE_OUT2_WIDTH    {5} \
###     CONFIG.C_PROBE_OUT5_WIDTH    {16} \
###     CONFIG.C_PROBE_OUT5_INIT_VAL {0x1340} \
### ] [get_ips $IP_NAME]
### generate_target all [get_ips $IP_NAME]
INFO: [IP_Flow 19-1686] Generating 'Instantiation Template' target for IP 'vio_mdio'...
INFO: [IP_Flow 19-1686] Generating 'Synthesis' target for IP 'vio_mdio'...
INFO: [IP_Flow 19-1686] Generating 'Simulation' target for IP 'vio_mdio'...
INFO: [IP_Flow 19-1686] Generating 'Change Log' target for IP 'vio_mdio'...
### synth_ip [get_ips $IP_NAME]
INFO: [IP_Flow 19-234] Refreshing IP repositories
INFO: [IP_Flow 19-1704] No user IP repositories specified
INFO: [IP_Flow 19-2313] Loaded Vivado IP repository '/tools/Xilinx/2020/Vivado/2020.2/data/ip'.
Command: synth_design -top vio_mdio -part xc7a100tfgg484-2 -mode out_of_context
Starting synth_design
Attempting to get a license for feature 'Synthesis' and/or device 'xc7a100t'
INFO: [Common 17-349] Got license for feature 'Synthesis' and/or device 'xc7a100t'
INFO: [Synth 8-7079] Multithreading enabled for synth_design using a maximum of 4 processes.
---------------------------------------------------------------------------------
Starting RTL Elaboration : Time (s): cpu = 00:00:02 ; elapsed = 00:00:02 . Memory (MB): peak = 2983.473 ; gain = 0.000 ; free physical = 3817 ; free virtual = 67382
---------------------------------------------------------------------------------
INFO: [Synth 8-6157] synthesizing module 'vio_mdio' [/home/aujus_dsp_1/Documents/Learning/gigabit_ethernet/IP/vio_mdio/output/vio_mdio/synth/vio_mdio.v:59]
INFO: [Synth 8-6155] done synthesizing module 'vio_mdio' (8#1) [/home/aujus_dsp_1/Documents/Learning/gigabit_ethernet/IP/vio_mdio/output/vio_mdio/synth/vio_mdio.v:59]
---------------------------------------------------------------------------------
Finished RTL Elaboration : Time (s): cpu = 00:00:03 ; elapsed = 00:00:03 . Memory (MB): peak = 2983.473 ; gain = 0.000 ; free physical = 4543 ; free virtual = 68108
---------------------------------------------------------------------------------
---------------------------------------------------------------------------------
Start Handling Custom Attributes
---------------------------------------------------------------------------------
---------------------------------------------------------------------------------
Finished Handling Custom Attributes : Time (s): cpu = 00:00:03 ; elapsed = 00:00:03 . Memory (MB): peak = 2983.473 ; gain = 0.000 ; free physical = 4608 ; free virtual = 68167
---------------------------------------------------------------------------------
---------------------------------------------------------------------------------
Finished RTL Optimization Phase 1 : Time (s): cpu = 00:00:03 ; elapsed = 00:00:03 . Memory (MB): peak = 2983.473 ; gain = 0.000 ; free physical = 4608 ; free virtual = 68167
---------------------------------------------------------------------------------
Netlist sorting complete. Time (s): cpu = 00:00:00.01 ; elapsed = 00:00:00.01 . Memory (MB): peak = 2983.473 ; gain = 0.000 ; free physical = 4601 ; free virtual = 68161
INFO: [Project 1-570] Preparing netlist for logic optimization

Processing XDC Constraints
Initializing timing engine
Parsing XDC File [/home/aujus_dsp_1/Documents/Learning/gigabit_ethernet/IP/vio_mdio/output/vio_mdio/vio_mdio_ooc.xdc]
Finished Parsing XDC File [/home/aujus_dsp_1/Documents/Learning/gigabit_ethernet/IP/vio_mdio/output/vio_mdio/vio_mdio_ooc.xdc]
Parsing XDC File [/home/aujus_dsp_1/Documents/Learning/gigabit_ethernet/IP/vio_mdio/output/vio_mdio/vio_mdio.xdc]
Finished Parsing XDC File [/home/aujus_dsp_1/Documents/Learning/gigabit_ethernet/IP/vio_mdio/output/vio_mdio/vio_mdio.xdc]
Completed Processing XDC Constraints

Netlist sorting complete. Time (s): cpu = 00:00:00 ; elapsed = 00:00:00.01 . Memory (MB): peak = 3089.047 ; gain = 0.000 ; free physical = 4531 ; free virtual = 68089
INFO: [Project 1-111] Unisim Transformation Summary:
No Unisim elements were transformed.

Constraint Validation Runtime : Time (s): cpu = 00:00:00.02 ; elapsed = 00:00:00.01 . Memory (MB): peak = 3089.047 ; gain = 0.000 ; free physical = 4531 ; free virtual = 68089
---------------------------------------------------------------------------------
Finished Constraint Validation : Time (s): cpu = 00:00:05 ; elapsed = 00:00:06 . Memory (MB): peak = 3089.047 ; gain = 105.574 ; free physical = 4596 ; free virtual = 68154
---------------------------------------------------------------------------------
---------------------------------------------------------------------------------
Start Loading Part and Timing Information
---------------------------------------------------------------------------------
Loading part: xc7a100tfgg484-2
---------------------------------------------------------------------------------
Finished Loading Part and Timing Information : Time (s): cpu = 00:00:05 ; elapsed = 00:00:06 . Memory (MB): peak = 3089.047 ; gain = 105.574 ; free physical = 4596 ; free virtual = 68154
---------------------------------------------------------------------------------
---------------------------------------------------------------------------------
Start Applying 'set_property' XDC Constraints
---------------------------------------------------------------------------------
---------------------------------------------------------------------------------
Finished applying 'set_property' XDC Constraints : Time (s): cpu = 00:00:05 ; elapsed = 00:00:06 . Memory (MB): peak = 3089.047 ; gain = 105.574 ; free physical = 4596 ; free virtual = 68154
---------------------------------------------------------------------------------
---------------------------------------------------------------------------------
Finished RTL Optimization Phase 2 : Time (s): cpu = 00:00:06 ; elapsed = 00:00:07 . Memory (MB): peak = 3089.047 ; gain = 105.574 ; free physical = 4588 ; free virtual = 68147
---------------------------------------------------------------------------------
---------------------------------------------------------------------------------
Start RTL Component Statistics 
---------------------------------------------------------------------------------
Detailed RTL Component Info : 
+---Adders : 
	   2 Input    4 Bit       Adders := 1     
	   2 Input    2 Bit       Adders := 1     
+---Registers : 
	              128 Bit    Registers := 1     
	               32 Bit    Registers := 5     
	               16 Bit    Registers := 15    
	               12 Bit    Registers := 1     
	                7 Bit    Registers := 1     
	                5 Bit    Registers := 3     
	                4 Bit    Registers := 1     
	                3 Bit    Registers := 3     
	                2 Bit    Registers := 1     
	                1 Bit    Registers := 25    
+---Muxes : 
	   2 Input   16 Bit        Muxes := 2     
	   4 Input   12 Bit        Muxes := 1     
	   2 Input    1 Bit        Muxes := 12    
---------------------------------------------------------------------------------
Finished RTL Component Statistics 
---------------------------------------------------------------------------------
---------------------------------------------------------------------------------
Start Part Resource Summary
---------------------------------------------------------------------------------
Part Resources:
DSPs: 240 (col length:80)
BRAMs: 270 (col length: RAMB18 80 RAMB36 40)
---------------------------------------------------------------------------------
Finished Part Resource Summary
---------------------------------------------------------------------------------
---------------------------------------------------------------------------------
Start Cross Boundary and Area Optimization
---------------------------------------------------------------------------------
---------------------------------------------------------------------------------
Finished Cross Boundary and Area Optimization : Time (s): cpu = 00:00:07 ; elapsed = 00:00:08 . Memory (MB): peak = 3089.047 ; gain = 105.574 ; free physical = 4573 ; free virtual = 68133
---------------------------------------------------------------------------------
---------------------------------------------------------------------------------
Start Applying XDC Timing Constraints
---------------------------------------------------------------------------------
---------------------------------------------------------------------------------
Finished Applying XDC Timing Constraints : Time (s): cpu = 00:00:07 ; elapsed = 00:00:08 . Memory (MB): peak = 3089.047 ; gain = 105.574 ; free physical = 4521 ; free virtual = 68081
---------------------------------------------------------------------------------
---------------------------------------------------------------------------------
Start Timing Optimization
---------------------------------------------------------------------------------
---------------------------------------------------------------------------------
Finished Timing Optimization : Time (s): cpu = 00:00:07 ; elapsed = 00:00:08 . Memory (MB): peak = 3089.047 ; gain = 105.574 ; free physical = 4521 ; free virtual = 68081
---------------------------------------------------------------------------------
---------------------------------------------------------------------------------
Start Technology Mapping
---------------------------------------------------------------------------------
---------------------------------------------------------------------------------
Finished Technology Mapping : Time (s): cpu = 00:00:07 ; elapsed = 00:00:08 . Memory (MB): peak = 3089.047 ; gain = 105.574 ; free physical = 4515 ; free virtual = 68074
---------------------------------------------------------------------------------
---------------------------------------------------------------------------------
Start IO Insertion
---------------------------------------------------------------------------------
---------------------------------------------------------------------------------
Start Flattening Before IO Insertion
---------------------------------------------------------------------------------
---------------------------------------------------------------------------------
Finished Flattening Before IO Insertion
---------------------------------------------------------------------------------
---------------------------------------------------------------------------------
Start Final Netlist Cleanup
---------------------------------------------------------------------------------
---------------------------------------------------------------------------------
Finished Final Netlist Cleanup
---------------------------------------------------------------------------------
WARNING: [Synth 8-3295] tying undriven pin inst:sl_iport0[36] to constant 0
WARNING: [Synth 8-3295] tying undriven pin inst:sl_iport0[35] to constant 0
WARNING: [Synth 8-3295] tying undriven pin inst:sl_iport0[34] to constant 0
WARNING: [Synth 8-3295] tying undriven pin inst:sl_iport0[33] to constant 0
WARNING: [Synth 8-3295] tying undriven pin inst:sl_iport0[32] to constant 0
WARNING: [Synth 8-3295] tying undriven pin inst:sl_iport0[31] to constant 0
WARNING: [Synth 8-3295] tying undriven pin inst:sl_iport0[30] to constant 0
WARNING: [Synth 8-3295] tying undriven pin inst:sl_iport0[29] to constant 0
WARNING: [Synth 8-3295] tying undriven pin inst:sl_iport0[28] to constant 0
WARNING: [Synth 8-3295] tying undriven pin inst:sl_iport0[27] to constant 0
WARNING: [Synth 8-3295] tying undriven pin inst:sl_iport0[26] to constant 0
WARNING: [Synth 8-3295] tying undriven pin inst:sl_iport0[25] to constant 0
WARNING: [Synth 8-3295] tying undriven pin inst:sl_iport0[24] to constant 0
WARNING: [Synth 8-3295] tying undriven pin inst:sl_iport0[23] to constant 0
WARNING: [Synth 8-3295] tying undriven pin inst:sl_iport0[22] to constant 0
WARNING: [Synth 8-3295] tying undriven pin inst:sl_iport0[21] to constant 0
WARNING: [Synth 8-3295] tying undriven pin inst:sl_iport0[20] to constant 0
WARNING: [Synth 8-3295] tying undriven pin inst:sl_iport0[19] to constant 0
WARNING: [Synth 8-3295] tying undriven pin inst:sl_iport0[18] to constant 0
WARNING: [Synth 8-3295] tying undriven pin inst:sl_iport0[17] to constant 0
WARNING: [Synth 8-3295] tying undriven pin inst:sl_iport0[16] to constant 0
WARNING: [Synth 8-3295] tying undriven pin inst:sl_iport0[15] to constant 0
WARNING: [Synth 8-3295] tying undriven pin inst:sl_iport0[14] to constant 0
WARNING: [Synth 8-3295] tying undriven pin inst:sl_iport0[13] to constant 0
WARNING: [Synth 8-3295] tying undriven pin inst:sl_iport0[12] to constant 0
WARNING: [Synth 8-3295] tying undriven pin inst:sl_iport0[11] to constant 0
WARNING: [Synth 8-3295] tying undriven pin inst:sl_iport0[10] to constant 0
WARNING: [Synth 8-3295] tying undriven pin inst:sl_iport0[9] to constant 0
WARNING: [Synth 8-3295] tying undriven pin inst:sl_iport0[8] to constant 0
WARNING: [Synth 8-3295] tying undriven pin inst:sl_iport0[7] to constant 0
WARNING: [Synth 8-3295] tying undriven pin inst:sl_iport0[6] to constant 0
WARNING: [Synth 8-3295] tying undriven pin inst:sl_iport0[5] to constant 0
WARNING: [Synth 8-3295] tying undriven pin inst:sl_iport0[4] to constant 0
WARNING: [Synth 8-3295] tying undriven pin inst:sl_iport0[3] to constant 0
WARNING: [Synth 8-3295] tying undriven pin inst:sl_iport0[2] to constant 0
WARNING: [Synth 8-3295] tying undriven pin inst:sl_iport0[1] to constant 0
WARNING: [Synth 8-3295] tying undriven pin inst:sl_iport0[0] to constant 0
---------------------------------------------------------------------------------
Finished IO Insertion : Time (s): cpu = 00:00:09 ; elapsed = 00:00:10 . Memory (MB): peak = 3089.047 ; gain = 105.574 ; free physical = 4509 ; free virtual = 68069
---------------------------------------------------------------------------------
---------------------------------------------------------------------------------
Start Renaming Generated Instances
---------------------------------------------------------------------------------
---------------------------------------------------------------------------------
Finished Renaming Generated Instances : Time (s): cpu = 00:00:09 ; elapsed = 00:00:10 . Memory (MB): peak = 3089.047 ; gain = 105.574 ; free physical = 4509 ; free virtual = 68069
---------------------------------------------------------------------------------
---------------------------------------------------------------------------------
Start Rebuilding User Hierarchy
---------------------------------------------------------------------------------
---------------------------------------------------------------------------------
Finished Rebuilding User Hierarchy : Time (s): cpu = 00:00:09 ; elapsed = 00:00:10 . Memory (MB): peak = 3089.047 ; gain = 105.574 ; free physical = 4509 ; free virtual = 68069
---------------------------------------------------------------------------------
---------------------------------------------------------------------------------
Start Renaming Generated Ports
---------------------------------------------------------------------------------
---------------------------------------------------------------------------------
Finished Renaming Generated Ports : Time (s): cpu = 00:00:09 ; elapsed = 00:00:10 . Memory (MB): peak = 3089.047 ; gain = 105.574 ; free physical = 4509 ; free virtual = 68069
---------------------------------------------------------------------------------
---------------------------------------------------------------------------------
Start Handling Custom Attributes
---------------------------------------------------------------------------------
---------------------------------------------------------------------------------
Finished Handling Custom Attributes : Time (s): cpu = 00:00:09 ; elapsed = 00:00:10 . Memory (MB): peak = 3089.047 ; gain = 105.574 ; free physical = 4509 ; free virtual = 68069
---------------------------------------------------------------------------------
---------------------------------------------------------------------------------
Start Renaming Generated Nets
---------------------------------------------------------------------------------
---------------------------------------------------------------------------------
Finished Renaming Generated Nets : Time (s): cpu = 00:00:09 ; elapsed = 00:00:10 . Memory (MB): peak = 3089.047 ; gain = 105.574 ; free physical = 4509 ; free virtual = 68069
---------------------------------------------------------------------------------
---------------------------------------------------------------------------------
Start Writing Synthesis Report
---------------------------------------------------------------------------------

Report BlackBoxes: 
+-+--------------+----------+
| |BlackBox name |Instances |
+-+--------------+----------+
+-+--------------+----------+

Report Cell Usage: 
+------+------+------+
|      |Cell  |Count |
+------+------+------+
|1     |LUT1  |     3|
|2     |LUT2  |    12|
|3     |LUT3  |    29|
|4     |LUT4  |    82|
|5     |LUT5  |    38|
|6     |LUT6  |    97|
|7     |MUXF7 |     1|
|8     |FDRE  |   489|
|9     |FDSE  |    10|
+------+------+------+
---------------------------------------------------------------------------------
Finished Writing Synthesis Report : Time (s): cpu = 00:00:09 ; elapsed = 00:00:10 . Memory (MB): peak = 3089.047 ; gain = 105.574 ; free physical = 4509 ; free virtual = 68069
---------------------------------------------------------------------------------
Synthesis finished with 0 errors, 0 critical warnings and 37 warnings.
Synthesis Optimization Runtime : Time (s): cpu = 00:00:08 ; elapsed = 00:00:09 . Memory (MB): peak = 3089.047 ; gain = 0.000 ; free physical = 4563 ; free virtual = 68122
Synthesis Optimization Complete : Time (s): cpu = 00:00:09 ; elapsed = 00:00:10 . Memory (MB): peak = 3089.047 ; gain = 105.574 ; free physical = 4563 ; free virtual = 68122
INFO: [Project 1-571] Translating synthesized netlist
Netlist sorting complete. Time (s): cpu = 00:00:00 ; elapsed = 00:00:00.01 . Memory (MB): peak = 3089.047 ; gain = 0.000 ; free physical = 4649 ; free virtual = 68209
INFO: [Netlist 29-17] Analyzing 1 Unisim elements for replacement
INFO: [Netlist 29-28] Unisim Transformation completed in 0 CPU seconds
INFO: [Project 1-570] Preparing netlist for logic optimization
Parsing XDC File [/home/aujus_dsp_1/Documents/Learning/gigabit_ethernet/IP/vio_mdio/output/vio_mdio/vio_mdio_ooc.xdc]
Finished Parsing XDC File [/home/aujus_dsp_1/Documents/Learning/gigabit_ethernet/IP/vio_mdio/output/vio_mdio/vio_mdio_ooc.xdc]
Parsing XDC File [/home/aujus_dsp_1/Documents/Learning/gigabit_ethernet/IP/vio_mdio/output/vio_mdio/vio_mdio.xdc]
Finished Parsing XDC File [/home/aujus_dsp_1/Documents/Learning/gigabit_ethernet/IP/vio_mdio/output/vio_mdio/vio_mdio.xdc]
INFO: [Opt 31-138] Pushed 0 inverter(s) to 0 load pin(s).
Netlist sorting complete. Time (s): cpu = 00:00:00 ; elapsed = 00:00:00 . Memory (MB): peak = 3089.047 ; gain = 0.000 ; free physical = 4590 ; free virtual = 68150
INFO: [Project 1-111] Unisim Transformation Summary:
No Unisim elements were transformed.

INFO: [Common 17-83] Releasing license: Synthesis
16 Infos, 37 Warnings, 0 Critical Warnings and 0 Errors encountered.
synth_design completed successfully
synth_design: Time (s): cpu = 00:00:12 ; elapsed = 00:00:10 . Memory (MB): peak = 3089.047 ; gain = 105.574 ; free physical = 4733 ; free virtual = 68292
INFO: [Coretcl 2-1174] Renamed 13 cell refs.
INFO: [Timing 38-480] Writing timing data to binary archive.
INFO: [Common 17-1381] The checkpoint '/home/aujus_dsp_1/Documents/Learning/gigabit_ethernet/IP/vio_mdio/output/vio_mdio/vio_mdio.dcp' has been generated.
INFO: [Vivado 12-3441] generate_netlist_ip - operation complete
synth_ip: Time (s): cpu = 00:00:13 ; elapsed = 00:00:11 . Memory (MB): peak = 3129.066 ; gain = 145.594 ; free physical = 4821 ; free virtual = 68377
### puts "VIO MDIO created successfully."
VIO MDIO created successfully.
## puts "Generating vio_gmii_tx IP"
Generating vio_gmii_tx IP
## source "$IP_DIR/vio_gmii_tx/vio_gmii_tx.tcl"
### set IP_NAME vio_gmii_tx
### puts "Creating VIO IP: $IP_NAME"
Creating VIO IP: vio_gmii_tx
### create_ip \
###     -name vio \
###     -vendor xilinx.com \
###     -library ip \
###     -version 3.0 \
###     -module_name $IP_NAME \
###     -dir "$IP_DIR/vio_gmii_tx/output"
### set_property -dict [list \
###     CONFIG.C_NUM_PROBE_IN      {1} \
###     CONFIG.C_NUM_PROBE_OUT     {6} \
###     CONFIG.C_PROBE_IN0_WIDTH   {1} \
###     CONFIG.C_PROBE_OUT0_WIDTH  {1} \
###     CONFIG.C_PROBE_OUT1_WIDTH  {48} \
###     CONFIG.C_PROBE_OUT2_WIDTH  {48} \
###     CONFIG.C_PROBE_OUT3_WIDTH  {16} \
###     CONFIG.C_PROBE_OUT4_WIDTH  {32} \
###     CONFIG.C_PROBE_OUT5_WIDTH  {1} \
###     CONFIG.C_PROBE_OUT0_INIT_VAL {0x0} \
###     CONFIG.C_PROBE_OUT1_INIT_VAL {0x000000FFFFFF} \
###     CONFIG.C_PROBE_OUT2_INIT_VAL {0x02123456789A} \
###     CONFIG.C_PROBE_OUT3_INIT_VAL {0x88B5} \
###     CONFIG.C_PROBE_OUT4_INIT_VAL {0x83E8CCEE} \
###     CONFIG.C_PROBE_OUT5_INIT_VAL {0x0} \
### ] [get_ips $IP_NAME]
### generate_target all [get_ips $IP_NAME]
INFO: [IP_Flow 19-1686] Generating 'Instantiation Template' target for IP 'vio_gmii_tx'...
INFO: [IP_Flow 19-1686] Generating 'Synthesis' target for IP 'vio_gmii_tx'...
INFO: [IP_Flow 19-1686] Generating 'Simulation' target for IP 'vio_gmii_tx'...
INFO: [IP_Flow 19-1686] Generating 'Change Log' target for IP 'vio_gmii_tx'...
### synth_ip [get_ips $IP_NAME]
INFO: [IP_Flow 19-234] Refreshing IP repositories
INFO: [IP_Flow 19-1704] No user IP repositories specified
INFO: [IP_Flow 19-2313] Loaded Vivado IP repository '/tools/Xilinx/2020/Vivado/2020.2/data/ip'.
Command: synth_design -top vio_gmii_tx -part xc7a100tfgg484-2 -mode out_of_context
Starting synth_design
Attempting to get a license for feature 'Synthesis' and/or device 'xc7a100t'
INFO: [Common 17-349] Got license for feature 'Synthesis' and/or device 'xc7a100t'
INFO: [Synth 8-7079] Multithreading enabled for synth_design using a maximum of 4 processes.
---------------------------------------------------------------------------------
Starting RTL Elaboration : Time (s): cpu = 00:00:02 ; elapsed = 00:00:02 . Memory (MB): peak = 3129.066 ; gain = 0.000 ; free physical = 3802 ; free virtual = 67361
---------------------------------------------------------------------------------
INFO: [Synth 8-6157] synthesizing module 'vio_gmii_tx' [/home/aujus_dsp_1/Documents/Learning/gigabit_ethernet/IP/vio_gmii_tx/output/vio_gmii_tx/synth/vio_gmii_tx.v:59]
INFO: [Synth 8-6155] done synthesizing module 'vio_gmii_tx' (8#1) [/home/aujus_dsp_1/Documents/Learning/gigabit_ethernet/IP/vio_gmii_tx/output/vio_gmii_tx/synth/vio_gmii_tx.v:59]
---------------------------------------------------------------------------------
Finished RTL Elaboration : Time (s): cpu = 00:00:03 ; elapsed = 00:00:03 . Memory (MB): peak = 3129.066 ; gain = 0.000 ; free physical = 4521 ; free virtual = 68079
---------------------------------------------------------------------------------
---------------------------------------------------------------------------------
Start Handling Custom Attributes
---------------------------------------------------------------------------------
---------------------------------------------------------------------------------
Finished Handling Custom Attributes : Time (s): cpu = 00:00:03 ; elapsed = 00:00:03 . Memory (MB): peak = 3129.066 ; gain = 0.000 ; free physical = 4527 ; free virtual = 68085
---------------------------------------------------------------------------------
---------------------------------------------------------------------------------
Finished RTL Optimization Phase 1 : Time (s): cpu = 00:00:03 ; elapsed = 00:00:03 . Memory (MB): peak = 3129.066 ; gain = 0.000 ; free physical = 4526 ; free virtual = 68084
---------------------------------------------------------------------------------
Netlist sorting complete. Time (s): cpu = 00:00:00.01 ; elapsed = 00:00:00 . Memory (MB): peak = 3129.066 ; gain = 0.000 ; free physical = 4516 ; free virtual = 68074
INFO: [Project 1-570] Preparing netlist for logic optimization

Processing XDC Constraints
Initializing timing engine
Parsing XDC File [/home/aujus_dsp_1/Documents/Learning/gigabit_ethernet/IP/vio_gmii_tx/output/vio_gmii_tx/vio_gmii_tx_ooc.xdc]
Finished Parsing XDC File [/home/aujus_dsp_1/Documents/Learning/gigabit_ethernet/IP/vio_gmii_tx/output/vio_gmii_tx/vio_gmii_tx_ooc.xdc]
Parsing XDC File [/home/aujus_dsp_1/Documents/Learning/gigabit_ethernet/IP/vio_gmii_tx/output/vio_gmii_tx/vio_gmii_tx.xdc]
Finished Parsing XDC File [/home/aujus_dsp_1/Documents/Learning/gigabit_ethernet/IP/vio_gmii_tx/output/vio_gmii_tx/vio_gmii_tx.xdc]
Completed Processing XDC Constraints

Netlist sorting complete. Time (s): cpu = 00:00:00 ; elapsed = 00:00:00 . Memory (MB): peak = 3188.891 ; gain = 0.000 ; free physical = 4516 ; free virtual = 68074
INFO: [Project 1-111] Unisim Transformation Summary:
No Unisim elements were transformed.

Constraint Validation Runtime : Time (s): cpu = 00:00:00.01 ; elapsed = 00:00:00.01 . Memory (MB): peak = 3188.891 ; gain = 0.000 ; free physical = 4516 ; free virtual = 68074
---------------------------------------------------------------------------------
Finished Constraint Validation : Time (s): cpu = 00:00:06 ; elapsed = 00:00:06 . Memory (MB): peak = 3188.891 ; gain = 59.824 ; free physical = 4568 ; free virtual = 68134
---------------------------------------------------------------------------------
---------------------------------------------------------------------------------
Start Loading Part and Timing Information
---------------------------------------------------------------------------------
Loading part: xc7a100tfgg484-2
---------------------------------------------------------------------------------
Finished Loading Part and Timing Information : Time (s): cpu = 00:00:06 ; elapsed = 00:00:06 . Memory (MB): peak = 3188.891 ; gain = 59.824 ; free physical = 4568 ; free virtual = 68134
---------------------------------------------------------------------------------
---------------------------------------------------------------------------------
Start Applying 'set_property' XDC Constraints
---------------------------------------------------------------------------------
---------------------------------------------------------------------------------
Finished applying 'set_property' XDC Constraints : Time (s): cpu = 00:00:06 ; elapsed = 00:00:06 . Memory (MB): peak = 3188.891 ; gain = 59.824 ; free physical = 4567 ; free virtual = 68134
---------------------------------------------------------------------------------
---------------------------------------------------------------------------------
Finished RTL Optimization Phase 2 : Time (s): cpu = 00:00:06 ; elapsed = 00:00:07 . Memory (MB): peak = 3188.891 ; gain = 59.824 ; free physical = 4565 ; free virtual = 68132
---------------------------------------------------------------------------------
---------------------------------------------------------------------------------
Start RTL Component Statistics 
---------------------------------------------------------------------------------
Detailed RTL Component Info : 
+---Adders : 
	   2 Input    2 Bit       Adders := 4     
+---Registers : 
	              128 Bit    Registers := 1     
	               48 Bit    Registers := 2     
	               32 Bit    Registers := 1     
	               16 Bit    Registers := 21    
	               14 Bit    Registers := 1     
	                7 Bit    Registers := 1     
	                5 Bit    Registers := 1     
	                3 Bit    Registers := 4     
	                2 Bit    Registers := 4     
	                1 Bit    Registers := 27    
+---Muxes : 
	   3 Input   16 Bit        Muxes := 2     
	   2 Input   16 Bit        Muxes := 3     
	   3 Input   14 Bit        Muxes := 1     
	   2 Input    1 Bit        Muxes := 9     
---------------------------------------------------------------------------------
Finished RTL Component Statistics 
---------------------------------------------------------------------------------
---------------------------------------------------------------------------------
Start Part Resource Summary
---------------------------------------------------------------------------------
Part Resources:
DSPs: 240 (col length:80)
BRAMs: 270 (col length: RAMB18 80 RAMB36 40)
---------------------------------------------------------------------------------
Finished Part Resource Summary
---------------------------------------------------------------------------------
---------------------------------------------------------------------------------
Start Cross Boundary and Area Optimization
---------------------------------------------------------------------------------
---------------------------------------------------------------------------------
Finished Cross Boundary and Area Optimization : Time (s): cpu = 00:00:07 ; elapsed = 00:00:08 . Memory (MB): peak = 3188.891 ; gain = 59.824 ; free physical = 4553 ; free virtual = 68126
---------------------------------------------------------------------------------
---------------------------------------------------------------------------------
Start Applying XDC Timing Constraints
---------------------------------------------------------------------------------
---------------------------------------------------------------------------------
Finished Applying XDC Timing Constraints : Time (s): cpu = 00:00:07 ; elapsed = 00:00:08 . Memory (MB): peak = 3188.891 ; gain = 59.824 ; free physical = 4478 ; free virtual = 68067
---------------------------------------------------------------------------------
---------------------------------------------------------------------------------
Start Timing Optimization
---------------------------------------------------------------------------------
---------------------------------------------------------------------------------
Finished Timing Optimization : Time (s): cpu = 00:00:07 ; elapsed = 00:00:09 . Memory (MB): peak = 3188.891 ; gain = 59.824 ; free physical = 4471 ; free virtual = 68065
---------------------------------------------------------------------------------
---------------------------------------------------------------------------------
Start Technology Mapping
---------------------------------------------------------------------------------
---------------------------------------------------------------------------------
Finished Technology Mapping : Time (s): cpu = 00:00:08 ; elapsed = 00:00:09 . Memory (MB): peak = 3188.891 ; gain = 59.824 ; free physical = 4453 ; free virtual = 68052
---------------------------------------------------------------------------------
---------------------------------------------------------------------------------
Start IO Insertion
---------------------------------------------------------------------------------
---------------------------------------------------------------------------------
Start Flattening Before IO Insertion
---------------------------------------------------------------------------------
---------------------------------------------------------------------------------
Finished Flattening Before IO Insertion
---------------------------------------------------------------------------------
---------------------------------------------------------------------------------
Start Final Netlist Cleanup
---------------------------------------------------------------------------------
---------------------------------------------------------------------------------
Finished Final Netlist Cleanup
---------------------------------------------------------------------------------
WARNING: [Synth 8-3295] tying undriven pin inst:sl_iport0[36] to constant 0
WARNING: [Synth 8-3295] tying undriven pin inst:sl_iport0[35] to constant 0
WARNING: [Synth 8-3295] tying undriven pin inst:sl_iport0[34] to constant 0
WARNING: [Synth 8-3295] tying undriven pin inst:sl_iport0[33] to constant 0
WARNING: [Synth 8-3295] tying undriven pin inst:sl_iport0[32] to constant 0
WARNING: [Synth 8-3295] tying undriven pin inst:sl_iport0[31] to constant 0
WARNING: [Synth 8-3295] tying undriven pin inst:sl_iport0[30] to constant 0
WARNING: [Synth 8-3295] tying undriven pin inst:sl_iport0[29] to constant 0
WARNING: [Synth 8-3295] tying undriven pin inst:sl_iport0[28] to constant 0
WARNING: [Synth 8-3295] tying undriven pin inst:sl_iport0[27] to constant 0
WARNING: [Synth 8-3295] tying undriven pin inst:sl_iport0[26] to constant 0
WARNING: [Synth 8-3295] tying undriven pin inst:sl_iport0[25] to constant 0
WARNING: [Synth 8-3295] tying undriven pin inst:sl_iport0[24] to constant 0
WARNING: [Synth 8-3295] tying undriven pin inst:sl_iport0[23] to constant 0
WARNING: [Synth 8-3295] tying undriven pin inst:sl_iport0[22] to constant 0
WARNING: [Synth 8-3295] tying undriven pin inst:sl_iport0[21] to constant 0
WARNING: [Synth 8-3295] tying undriven pin inst:sl_iport0[20] to constant 0
WARNING: [Synth 8-3295] tying undriven pin inst:sl_iport0[19] to constant 0
WARNING: [Synth 8-3295] tying undriven pin inst:sl_iport0[18] to constant 0
WARNING: [Synth 8-3295] tying undriven pin inst:sl_iport0[17] to constant 0
WARNING: [Synth 8-3295] tying undriven pin inst:sl_iport0[16] to constant 0
WARNING: [Synth 8-3295] tying undriven pin inst:sl_iport0[15] to constant 0
WARNING: [Synth 8-3295] tying undriven pin inst:sl_iport0[14] to constant 0
WARNING: [Synth 8-3295] tying undriven pin inst:sl_iport0[13] to constant 0
WARNING: [Synth 8-3295] tying undriven pin inst:sl_iport0[12] to constant 0
WARNING: [Synth 8-3295] tying undriven pin inst:sl_iport0[11] to constant 0
WARNING: [Synth 8-3295] tying undriven pin inst:sl_iport0[10] to constant 0
WARNING: [Synth 8-3295] tying undriven pin inst:sl_iport0[9] to constant 0
WARNING: [Synth 8-3295] tying undriven pin inst:sl_iport0[8] to constant 0
WARNING: [Synth 8-3295] tying undriven pin inst:sl_iport0[7] to constant 0
WARNING: [Synth 8-3295] tying undriven pin inst:sl_iport0[6] to constant 0
WARNING: [Synth 8-3295] tying undriven pin inst:sl_iport0[5] to constant 0
WARNING: [Synth 8-3295] tying undriven pin inst:sl_iport0[4] to constant 0
WARNING: [Synth 8-3295] tying undriven pin inst:sl_iport0[3] to constant 0
WARNING: [Synth 8-3295] tying undriven pin inst:sl_iport0[2] to constant 0
WARNING: [Synth 8-3295] tying undriven pin inst:sl_iport0[1] to constant 0
WARNING: [Synth 8-3295] tying undriven pin inst:sl_iport0[0] to constant 0
---------------------------------------------------------------------------------
Finished IO Insertion : Time (s): cpu = 00:00:09 ; elapsed = 00:00:10 . Memory (MB): peak = 3188.891 ; gain = 59.824 ; free physical = 4456 ; free virtual = 68055
---------------------------------------------------------------------------------
---------------------------------------------------------------------------------
Start Renaming Generated Instances
---------------------------------------------------------------------------------
---------------------------------------------------------------------------------
Finished Renaming Generated Instances : Time (s): cpu = 00:00:09 ; elapsed = 00:00:10 . Memory (MB): peak = 3188.891 ; gain = 59.824 ; free physical = 4456 ; free virtual = 68055
---------------------------------------------------------------------------------
---------------------------------------------------------------------------------
Start Rebuilding User Hierarchy
---------------------------------------------------------------------------------
---------------------------------------------------------------------------------
Finished Rebuilding User Hierarchy : Time (s): cpu = 00:00:09 ; elapsed = 00:00:10 . Memory (MB): peak = 3188.891 ; gain = 59.824 ; free physical = 4456 ; free virtual = 68055
---------------------------------------------------------------------------------
---------------------------------------------------------------------------------
Start Renaming Generated Ports
---------------------------------------------------------------------------------
---------------------------------------------------------------------------------
Finished Renaming Generated Ports : Time (s): cpu = 00:00:09 ; elapsed = 00:00:10 . Memory (MB): peak = 3188.891 ; gain = 59.824 ; free physical = 4456 ; free virtual = 68055
---------------------------------------------------------------------------------
---------------------------------------------------------------------------------
Start Handling Custom Attributes
---------------------------------------------------------------------------------
---------------------------------------------------------------------------------
Finished Handling Custom Attributes : Time (s): cpu = 00:00:09 ; elapsed = 00:00:10 . Memory (MB): peak = 3188.891 ; gain = 59.824 ; free physical = 4456 ; free virtual = 68055
---------------------------------------------------------------------------------
---------------------------------------------------------------------------------
Start Renaming Generated Nets
---------------------------------------------------------------------------------
---------------------------------------------------------------------------------
Finished Renaming Generated Nets : Time (s): cpu = 00:00:09 ; elapsed = 00:00:10 . Memory (MB): peak = 3188.891 ; gain = 59.824 ; free physical = 4456 ; free virtual = 68055
---------------------------------------------------------------------------------
---------------------------------------------------------------------------------
Start Writing Synthesis Report
---------------------------------------------------------------------------------

Report BlackBoxes: 
+-+--------------+----------+
| |BlackBox name |Instances |
+-+--------------+----------+
+-+--------------+----------+

Report Cell Usage: 
+------+-----+------+
|      |Cell |Count |
+------+-----+------+
|1     |LUT1 |     2|
|2     |LUT2 |     8|
|3     |LUT3 |    46|
|4     |LUT4 |    28|
|5     |LUT5 |    76|
|6     |LUT6 |    83|
|7     |FDRE |   482|
|8     |FDSE |   132|
+------+-----+------+
---------------------------------------------------------------------------------
Finished Writing Synthesis Report : Time (s): cpu = 00:00:09 ; elapsed = 00:00:10 . Memory (MB): peak = 3188.891 ; gain = 59.824 ; free physical = 4456 ; free virtual = 68055
---------------------------------------------------------------------------------
Synthesis finished with 0 errors, 0 critical warnings and 37 warnings.
Synthesis Optimization Runtime : Time (s): cpu = 00:00:08 ; elapsed = 00:00:10 . Memory (MB): peak = 3188.891 ; gain = 0.000 ; free physical = 4507 ; free virtual = 68107
Synthesis Optimization Complete : Time (s): cpu = 00:00:09 ; elapsed = 00:00:10 . Memory (MB): peak = 3188.891 ; gain = 59.824 ; free physical = 4508 ; free virtual = 68107
INFO: [Project 1-571] Translating synthesized netlist
Netlist sorting complete. Time (s): cpu = 00:00:00 ; elapsed = 00:00:00 . Memory (MB): peak = 3188.891 ; gain = 0.000 ; free physical = 4598 ; free virtual = 68197
INFO: [Project 1-570] Preparing netlist for logic optimization
Parsing XDC File [/home/aujus_dsp_1/Documents/Learning/gigabit_ethernet/IP/vio_gmii_tx/output/vio_gmii_tx/vio_gmii_tx_ooc.xdc]
Finished Parsing XDC File [/home/aujus_dsp_1/Documents/Learning/gigabit_ethernet/IP/vio_gmii_tx/output/vio_gmii_tx/vio_gmii_tx_ooc.xdc]
Parsing XDC File [/home/aujus_dsp_1/Documents/Learning/gigabit_ethernet/IP/vio_gmii_tx/output/vio_gmii_tx/vio_gmii_tx.xdc]
Finished Parsing XDC File [/home/aujus_dsp_1/Documents/Learning/gigabit_ethernet/IP/vio_gmii_tx/output/vio_gmii_tx/vio_gmii_tx.xdc]
INFO: [Opt 31-138] Pushed 0 inverter(s) to 0 load pin(s).
Netlist sorting complete. Time (s): cpu = 00:00:00 ; elapsed = 00:00:00 . Memory (MB): peak = 3188.891 ; gain = 0.000 ; free physical = 4537 ; free virtual = 68136
INFO: [Project 1-111] Unisim Transformation Summary:
No Unisim elements were transformed.

INFO: [Common 17-83] Releasing license: Synthesis
14 Infos, 37 Warnings, 0 Critical Warnings and 0 Errors encountered.
synth_design completed successfully
synth_design: Time (s): cpu = 00:00:13 ; elapsed = 00:00:11 . Memory (MB): peak = 3188.891 ; gain = 59.824 ; free physical = 4667 ; free virtual = 68266
INFO: [Coretcl 2-1174] Renamed 12 cell refs.
INFO: [Timing 38-480] Writing timing data to binary archive.
INFO: [Common 17-1381] The checkpoint '/home/aujus_dsp_1/Documents/Learning/gigabit_ethernet/IP/vio_gmii_tx/output/vio_gmii_tx/vio_gmii_tx.dcp' has been generated.
INFO: [Vivado 12-3441] generate_netlist_ip - operation complete
synth_ip: Time (s): cpu = 00:00:14 ; elapsed = 00:00:12 . Memory (MB): peak = 3188.891 ; gain = 59.824 ; free physical = 4743 ; free virtual = 68339
### puts "VIO GMII_Tx created successfully."
VIO GMII_Tx created successfully.
## puts "Generating vio_gmii_rx IP"
Generating vio_gmii_rx IP
## source "$IP_DIR/vio_gmii_rx/vio_gmii_rx.tcl"
### set IP_NAME vio_gmii_rx
### puts "Creating VIO IP: $IP_NAME"
Creating VIO IP: vio_gmii_rx
### create_ip \
###     -name vio \
###     -vendor xilinx.com \
###     -library ip \
###     -version 3.0 \
###     -module_name $IP_NAME \
###     -dir "$IP_DIR/vio_gmii_rx/output"
### set_property -dict [list \
###     CONFIG.C_NUM_PROBE_IN      {0} \
###     CONFIG.C_NUM_PROBE_OUT     {1} \
###     CONFIG.C_PROBE_OUT0_WIDTH  {1} \
###     CONFIG.C_PROBE_OUT0_INIT_VAL {0x0} \
### ] [get_ips $IP_NAME]
### generate_target all [get_ips $IP_NAME]
INFO: [IP_Flow 19-1686] Generating 'Instantiation Template' target for IP 'vio_gmii_rx'...
INFO: [IP_Flow 19-1686] Generating 'Synthesis' target for IP 'vio_gmii_rx'...
INFO: [IP_Flow 19-1686] Generating 'Simulation' target for IP 'vio_gmii_rx'...
INFO: [IP_Flow 19-1686] Generating 'Change Log' target for IP 'vio_gmii_rx'...
### synth_ip [get_ips $IP_NAME]
INFO: [IP_Flow 19-234] Refreshing IP repositories
INFO: [IP_Flow 19-1704] No user IP repositories specified
INFO: [IP_Flow 19-2313] Loaded Vivado IP repository '/tools/Xilinx/2020/Vivado/2020.2/data/ip'.
Command: synth_design -top vio_gmii_rx -part xc7a100tfgg484-2 -mode out_of_context
Starting synth_design
Attempting to get a license for feature 'Synthesis' and/or device 'xc7a100t'
INFO: [Common 17-349] Got license for feature 'Synthesis' and/or device 'xc7a100t'
INFO: [Synth 8-7079] Multithreading enabled for synth_design using a maximum of 4 processes.
---------------------------------------------------------------------------------
Starting RTL Elaboration : Time (s): cpu = 00:00:02 ; elapsed = 00:00:02 . Memory (MB): peak = 3188.891 ; gain = 0.000 ; free physical = 3795 ; free virtual = 67357
---------------------------------------------------------------------------------
INFO: [Synth 8-6157] synthesizing module 'vio_gmii_rx' [/home/aujus_dsp_1/Documents/Learning/gigabit_ethernet/IP/vio_gmii_rx/output/vio_gmii_rx/synth/vio_gmii_rx.v:59]
INFO: [Synth 8-6155] done synthesizing module 'vio_gmii_rx' (6#1) [/home/aujus_dsp_1/Documents/Learning/gigabit_ethernet/IP/vio_gmii_rx/output/vio_gmii_rx/synth/vio_gmii_rx.v:59]
---------------------------------------------------------------------------------
Finished RTL Elaboration : Time (s): cpu = 00:00:03 ; elapsed = 00:00:03 . Memory (MB): peak = 3188.891 ; gain = 0.000 ; free physical = 4518 ; free virtual = 68074
---------------------------------------------------------------------------------
---------------------------------------------------------------------------------
Start Handling Custom Attributes
---------------------------------------------------------------------------------
---------------------------------------------------------------------------------
Finished Handling Custom Attributes : Time (s): cpu = 00:00:03 ; elapsed = 00:00:03 . Memory (MB): peak = 3188.891 ; gain = 0.000 ; free physical = 4577 ; free virtual = 68134
---------------------------------------------------------------------------------
---------------------------------------------------------------------------------
Finished RTL Optimization Phase 1 : Time (s): cpu = 00:00:03 ; elapsed = 00:00:03 . Memory (MB): peak = 3188.891 ; gain = 0.000 ; free physical = 4577 ; free virtual = 68134
---------------------------------------------------------------------------------
Netlist sorting complete. Time (s): cpu = 00:00:00 ; elapsed = 00:00:00 . Memory (MB): peak = 3188.891 ; gain = 0.000 ; free physical = 4572 ; free virtual = 68128
INFO: [Project 1-570] Preparing netlist for logic optimization

Processing XDC Constraints
Initializing timing engine
Parsing XDC File [/home/aujus_dsp_1/Documents/Learning/gigabit_ethernet/IP/vio_gmii_rx/output/vio_gmii_rx/vio_gmii_rx_ooc.xdc]
Finished Parsing XDC File [/home/aujus_dsp_1/Documents/Learning/gigabit_ethernet/IP/vio_gmii_rx/output/vio_gmii_rx/vio_gmii_rx_ooc.xdc]
Parsing XDC File [/home/aujus_dsp_1/Documents/Learning/gigabit_ethernet/IP/vio_gmii_rx/output/vio_gmii_rx/vio_gmii_rx.xdc]
Finished Parsing XDC File [/home/aujus_dsp_1/Documents/Learning/gigabit_ethernet/IP/vio_gmii_rx/output/vio_gmii_rx/vio_gmii_rx.xdc]
Completed Processing XDC Constraints

Netlist sorting complete. Time (s): cpu = 00:00:00 ; elapsed = 00:00:00 . Memory (MB): peak = 3196.895 ; gain = 0.000 ; free physical = 4507 ; free virtual = 68064
INFO: [Project 1-111] Unisim Transformation Summary:
No Unisim elements were transformed.

Constraint Validation Runtime : Time (s): cpu = 00:00:00.01 ; elapsed = 00:00:00.01 . Memory (MB): peak = 3196.895 ; gain = 0.000 ; free physical = 4507 ; free virtual = 68064
---------------------------------------------------------------------------------
Finished Constraint Validation : Time (s): cpu = 00:00:05 ; elapsed = 00:00:06 . Memory (MB): peak = 3196.895 ; gain = 8.004 ; free physical = 4553 ; free virtual = 68109
---------------------------------------------------------------------------------
---------------------------------------------------------------------------------
Start Loading Part and Timing Information
---------------------------------------------------------------------------------
Loading part: xc7a100tfgg484-2
---------------------------------------------------------------------------------
Finished Loading Part and Timing Information : Time (s): cpu = 00:00:05 ; elapsed = 00:00:06 . Memory (MB): peak = 3196.895 ; gain = 8.004 ; free physical = 4553 ; free virtual = 68109
---------------------------------------------------------------------------------
---------------------------------------------------------------------------------
Start Applying 'set_property' XDC Constraints
---------------------------------------------------------------------------------
---------------------------------------------------------------------------------
Finished applying 'set_property' XDC Constraints : Time (s): cpu = 00:00:05 ; elapsed = 00:00:06 . Memory (MB): peak = 3196.895 ; gain = 8.004 ; free physical = 4553 ; free virtual = 68109
---------------------------------------------------------------------------------
---------------------------------------------------------------------------------
Finished RTL Optimization Phase 2 : Time (s): cpu = 00:00:06 ; elapsed = 00:00:06 . Memory (MB): peak = 3196.895 ; gain = 8.004 ; free physical = 4550 ; free virtual = 68106
---------------------------------------------------------------------------------
---------------------------------------------------------------------------------
Start RTL Component Statistics 
---------------------------------------------------------------------------------
Detailed RTL Component Info : 
+---Registers : 
	              128 Bit    Registers := 1     
	               16 Bit    Registers := 7     
	                7 Bit    Registers := 1     
	                5 Bit    Registers := 1     
	                3 Bit    Registers := 2     
	                1 Bit    Registers := 14    
+---Muxes : 
	   2 Input   16 Bit        Muxes := 2     
	   2 Input    1 Bit        Muxes := 7     
---------------------------------------------------------------------------------
Finished RTL Component Statistics 
---------------------------------------------------------------------------------
---------------------------------------------------------------------------------
Start Part Resource Summary
---------------------------------------------------------------------------------
Part Resources:
DSPs: 240 (col length:80)
BRAMs: 270 (col length: RAMB18 80 RAMB36 40)
---------------------------------------------------------------------------------
Finished Part Resource Summary
---------------------------------------------------------------------------------
---------------------------------------------------------------------------------
Start Cross Boundary and Area Optimization
---------------------------------------------------------------------------------
---------------------------------------------------------------------------------
Finished Cross Boundary and Area Optimization : Time (s): cpu = 00:00:06 ; elapsed = 00:00:07 . Memory (MB): peak = 3196.895 ; gain = 8.004 ; free physical = 4549 ; free virtual = 68109
---------------------------------------------------------------------------------
---------------------------------------------------------------------------------
Start Applying XDC Timing Constraints
---------------------------------------------------------------------------------
---------------------------------------------------------------------------------
Finished Applying XDC Timing Constraints : Time (s): cpu = 00:00:06 ; elapsed = 00:00:07 . Memory (MB): peak = 3196.895 ; gain = 8.004 ; free physical = 4504 ; free virtual = 68064
---------------------------------------------------------------------------------
---------------------------------------------------------------------------------
Start Timing Optimization
---------------------------------------------------------------------------------
---------------------------------------------------------------------------------
Finished Timing Optimization : Time (s): cpu = 00:00:06 ; elapsed = 00:00:07 . Memory (MB): peak = 3196.895 ; gain = 8.004 ; free physical = 4503 ; free virtual = 68064
---------------------------------------------------------------------------------
---------------------------------------------------------------------------------
Start Technology Mapping
---------------------------------------------------------------------------------
---------------------------------------------------------------------------------
Finished Technology Mapping : Time (s): cpu = 00:00:07 ; elapsed = 00:00:08 . Memory (MB): peak = 3196.895 ; gain = 8.004 ; free physical = 4501 ; free virtual = 68062
---------------------------------------------------------------------------------
---------------------------------------------------------------------------------
Start IO Insertion
---------------------------------------------------------------------------------
---------------------------------------------------------------------------------
Start Flattening Before IO Insertion
---------------------------------------------------------------------------------
---------------------------------------------------------------------------------
Finished Flattening Before IO Insertion
---------------------------------------------------------------------------------
---------------------------------------------------------------------------------
Start Final Netlist Cleanup
---------------------------------------------------------------------------------
---------------------------------------------------------------------------------
Finished Final Netlist Cleanup
---------------------------------------------------------------------------------
WARNING: [Synth 8-3295] tying undriven pin inst:sl_iport0[36] to constant 0
WARNING: [Synth 8-3295] tying undriven pin inst:sl_iport0[35] to constant 0
WARNING: [Synth 8-3295] tying undriven pin inst:sl_iport0[34] to constant 0
WARNING: [Synth 8-3295] tying undriven pin inst:sl_iport0[33] to constant 0
WARNING: [Synth 8-3295] tying undriven pin inst:sl_iport0[32] to constant 0
WARNING: [Synth 8-3295] tying undriven pin inst:sl_iport0[31] to constant 0
WARNING: [Synth 8-3295] tying undriven pin inst:sl_iport0[30] to constant 0
WARNING: [Synth 8-3295] tying undriven pin inst:sl_iport0[29] to constant 0
WARNING: [Synth 8-3295] tying undriven pin inst:sl_iport0[28] to constant 0
WARNING: [Synth 8-3295] tying undriven pin inst:sl_iport0[27] to constant 0
WARNING: [Synth 8-3295] tying undriven pin inst:sl_iport0[26] to constant 0
WARNING: [Synth 8-3295] tying undriven pin inst:sl_iport0[25] to constant 0
WARNING: [Synth 8-3295] tying undriven pin inst:sl_iport0[24] to constant 0
WARNING: [Synth 8-3295] tying undriven pin inst:sl_iport0[23] to constant 0
WARNING: [Synth 8-3295] tying undriven pin inst:sl_iport0[22] to constant 0
WARNING: [Synth 8-3295] tying undriven pin inst:sl_iport0[21] to constant 0
WARNING: [Synth 8-3295] tying undriven pin inst:sl_iport0[20] to constant 0
WARNING: [Synth 8-3295] tying undriven pin inst:sl_iport0[19] to constant 0
WARNING: [Synth 8-3295] tying undriven pin inst:sl_iport0[18] to constant 0
WARNING: [Synth 8-3295] tying undriven pin inst:sl_iport0[17] to constant 0
WARNING: [Synth 8-3295] tying undriven pin inst:sl_iport0[16] to constant 0
WARNING: [Synth 8-3295] tying undriven pin inst:sl_iport0[15] to constant 0
WARNING: [Synth 8-3295] tying undriven pin inst:sl_iport0[14] to constant 0
WARNING: [Synth 8-3295] tying undriven pin inst:sl_iport0[13] to constant 0
WARNING: [Synth 8-3295] tying undriven pin inst:sl_iport0[12] to constant 0
WARNING: [Synth 8-3295] tying undriven pin inst:sl_iport0[11] to constant 0
WARNING: [Synth 8-3295] tying undriven pin inst:sl_iport0[10] to constant 0
WARNING: [Synth 8-3295] tying undriven pin inst:sl_iport0[9] to constant 0
WARNING: [Synth 8-3295] tying undriven pin inst:sl_iport0[8] to constant 0
WARNING: [Synth 8-3295] tying undriven pin inst:sl_iport0[7] to constant 0
WARNING: [Synth 8-3295] tying undriven pin inst:sl_iport0[6] to constant 0
WARNING: [Synth 8-3295] tying undriven pin inst:sl_iport0[5] to constant 0
WARNING: [Synth 8-3295] tying undriven pin inst:sl_iport0[4] to constant 0
WARNING: [Synth 8-3295] tying undriven pin inst:sl_iport0[3] to constant 0
WARNING: [Synth 8-3295] tying undriven pin inst:sl_iport0[2] to constant 0
WARNING: [Synth 8-3295] tying undriven pin inst:sl_iport0[1] to constant 0
WARNING: [Synth 8-3295] tying undriven pin inst:sl_iport0[0] to constant 0
---------------------------------------------------------------------------------
Finished IO Insertion : Time (s): cpu = 00:00:08 ; elapsed = 00:00:09 . Memory (MB): peak = 3196.895 ; gain = 8.004 ; free physical = 4491 ; free virtual = 68051
---------------------------------------------------------------------------------
---------------------------------------------------------------------------------
Start Renaming Generated Instances
---------------------------------------------------------------------------------
---------------------------------------------------------------------------------
Finished Renaming Generated Instances : Time (s): cpu = 00:00:08 ; elapsed = 00:00:09 . Memory (MB): peak = 3196.895 ; gain = 8.004 ; free physical = 4491 ; free virtual = 68051
---------------------------------------------------------------------------------
---------------------------------------------------------------------------------
Start Rebuilding User Hierarchy
---------------------------------------------------------------------------------
---------------------------------------------------------------------------------
Finished Rebuilding User Hierarchy : Time (s): cpu = 00:00:08 ; elapsed = 00:00:09 . Memory (MB): peak = 3196.895 ; gain = 8.004 ; free physical = 4491 ; free virtual = 68051
---------------------------------------------------------------------------------
---------------------------------------------------------------------------------
Start Renaming Generated Ports
---------------------------------------------------------------------------------
---------------------------------------------------------------------------------
Finished Renaming Generated Ports : Time (s): cpu = 00:00:08 ; elapsed = 00:00:09 . Memory (MB): peak = 3196.895 ; gain = 8.004 ; free physical = 4491 ; free virtual = 68051
---------------------------------------------------------------------------------
---------------------------------------------------------------------------------
Start Handling Custom Attributes
---------------------------------------------------------------------------------
---------------------------------------------------------------------------------
Finished Handling Custom Attributes : Time (s): cpu = 00:00:08 ; elapsed = 00:00:09 . Memory (MB): peak = 3196.895 ; gain = 8.004 ; free physical = 4491 ; free virtual = 68051
---------------------------------------------------------------------------------
---------------------------------------------------------------------------------
Start Renaming Generated Nets
---------------------------------------------------------------------------------
---------------------------------------------------------------------------------
Finished Renaming Generated Nets : Time (s): cpu = 00:00:08 ; elapsed = 00:00:09 . Memory (MB): peak = 3196.895 ; gain = 8.004 ; free physical = 4491 ; free virtual = 68051
---------------------------------------------------------------------------------
---------------------------------------------------------------------------------
Start Writing Synthesis Report
---------------------------------------------------------------------------------

Report BlackBoxes: 
+-+--------------+----------+
| |BlackBox name |Instances |
+-+--------------+----------+
+-+--------------+----------+

Report Cell Usage: 
+------+-----+------+
|      |Cell |Count |
+------+-----+------+
|1     |LUT2 |     3|
|2     |LUT3 |    24|
|3     |LUT4 |    21|
|4     |LUT5 |    13|
|5     |LUT6 |    60|
|6     |FDRE |   231|
+------+-----+------+
---------------------------------------------------------------------------------
Finished Writing Synthesis Report : Time (s): cpu = 00:00:08 ; elapsed = 00:00:09 . Memory (MB): peak = 3196.895 ; gain = 8.004 ; free physical = 4491 ; free virtual = 68051
---------------------------------------------------------------------------------
Synthesis finished with 0 errors, 0 critical warnings and 37 warnings.
Synthesis Optimization Runtime : Time (s): cpu = 00:00:07 ; elapsed = 00:00:08 . Memory (MB): peak = 3196.895 ; gain = 0.000 ; free physical = 4536 ; free virtual = 68096
Synthesis Optimization Complete : Time (s): cpu = 00:00:08 ; elapsed = 00:00:09 . Memory (MB): peak = 3196.895 ; gain = 8.004 ; free physical = 4536 ; free virtual = 68096
INFO: [Project 1-571] Translating synthesized netlist
Netlist sorting complete. Time (s): cpu = 00:00:00.01 ; elapsed = 00:00:00 . Memory (MB): peak = 3196.895 ; gain = 0.000 ; free physical = 4627 ; free virtual = 68187
INFO: [Project 1-570] Preparing netlist for logic optimization
Parsing XDC File [/home/aujus_dsp_1/Documents/Learning/gigabit_ethernet/IP/vio_gmii_rx/output/vio_gmii_rx/vio_gmii_rx_ooc.xdc]
Finished Parsing XDC File [/home/aujus_dsp_1/Documents/Learning/gigabit_ethernet/IP/vio_gmii_rx/output/vio_gmii_rx/vio_gmii_rx_ooc.xdc]
Parsing XDC File [/home/aujus_dsp_1/Documents/Learning/gigabit_ethernet/IP/vio_gmii_rx/output/vio_gmii_rx/vio_gmii_rx.xdc]
Finished Parsing XDC File [/home/aujus_dsp_1/Documents/Learning/gigabit_ethernet/IP/vio_gmii_rx/output/vio_gmii_rx/vio_gmii_rx.xdc]
INFO: [Opt 31-138] Pushed 0 inverter(s) to 0 load pin(s).
Netlist sorting complete. Time (s): cpu = 00:00:00 ; elapsed = 00:00:00 . Memory (MB): peak = 3196.895 ; gain = 0.000 ; free physical = 4569 ; free virtual = 68129
INFO: [Project 1-111] Unisim Transformation Summary:
No Unisim elements were transformed.

INFO: [Common 17-83] Releasing license: Synthesis
14 Infos, 37 Warnings, 0 Critical Warnings and 0 Errors encountered.
synth_design completed successfully
synth_design: Time (s): cpu = 00:00:12 ; elapsed = 00:00:10 . Memory (MB): peak = 3196.895 ; gain = 8.004 ; free physical = 4693 ; free virtual = 68254
INFO: [Coretcl 2-1174] Renamed 5 cell refs.
INFO: [Timing 38-480] Writing timing data to binary archive.
INFO: [Common 17-1381] The checkpoint '/home/aujus_dsp_1/Documents/Learning/gigabit_ethernet/IP/vio_gmii_rx/output/vio_gmii_rx/vio_gmii_rx.dcp' has been generated.
INFO: [Vivado 12-3441] generate_netlist_ip - operation complete
synth_ip: Time (s): cpu = 00:00:12 ; elapsed = 00:00:10 . Memory (MB): peak = 3196.895 ; gain = 8.004 ; free physical = 4766 ; free virtual = 68323
### puts "VIO GMII_Rx created successfully."
VIO GMII_Rx created successfully.
## puts "Done creating IPs"
Done creating IPs
# source Scripts/read_rtl.tcl
## puts "Reading RTL Sources"
Reading RTL Sources
## puts "-> GMII_TX"
-> GMII_TX
## source "$RTL_DIR/GMII_Tx/files.tcl"
### puts "Reading GMII Tx"
Reading GMII Tx
### read_verilog "$RTL_DIR/GMII_Tx/gmii_tx.v"
## puts "-> GMII_RX"
-> GMII_RX
## source "$RTL_DIR/GMII_Rx/files.tcl"
### puts "Reading GMII Rx"
Reading GMII Rx
### read_verilog "$RTL_DIR/GMII_Rx/gmii_rx.v"
## puts "-> MDIO"
-> MDIO
## source "$RTL_DIR/MDIO/files.tcl"
### puts "Reading MDIO"
Reading MDIO
### read_verilog "$RTL_DIR/MDIO/mdio.v"
## puts "-> TOP"
-> TOP
## source "$RTL_DIR/TOP/files.tcl"
### puts "Reading Top"
Reading Top
### read_verilog "$RTL_DIR/TOP/gmii_top.v"
## puts "Done reading RTL Sources" 
Done reading RTL Sources
# source Scripts/read_constraints.tcl
## puts ""

## puts "========================================="
=========================================
## puts "Reading Constraints..."
Reading Constraints...
## puts "========================================="
=========================================
## read_xdc "$CONSTRAINTS_DIR/top.xdc"
## puts ""

## puts "Constraints Read Successfully."
Constraints Read Successfully.
## puts ""

# source Scripts/synthesize.tcl
## puts ""

## puts "========================================="
=========================================
## puts "Running Synthesis..."
Running Synthesis...
## puts "========================================="
=========================================
## synth_design \
##     -top $TOP \
##     -part $PART
Command: synth_design -top gmii_top -part xc7a100tfgg484-2
Starting synth_design
Attempting to get a license for feature 'Synthesis' and/or device 'xc7a100t'
INFO: [Common 17-349] Got license for feature 'Synthesis' and/or device 'xc7a100t'
INFO: [Synth 8-7079] Multithreading enabled for synth_design using a maximum of 4 processes.
---------------------------------------------------------------------------------
Starting RTL Elaboration : Time (s): cpu = 00:00:02 ; elapsed = 00:00:02 . Memory (MB): peak = 3196.895 ; gain = 0.000 ; free physical = 3781 ; free virtual = 67344
---------------------------------------------------------------------------------
INFO: [Synth 8-6157] synthesizing module 'gmii_top' [/home/aujus_dsp_1/Documents/Learning/gigabit_ethernet/RTL/TOP/gmii_top.v:3]
INFO: [Synth 8-6157] synthesizing module 'clk_gen' [/home/aujus_dsp_1/Documents/Learning/gigabit_ethernet/.Xil/Vivado-2357359-aujusDSP1/realtime/clk_gen_stub.v:5]
INFO: [Synth 8-6155] done synthesizing module 'clk_gen' (1#1) [/home/aujus_dsp_1/Documents/Learning/gigabit_ethernet/.Xil/Vivado-2357359-aujusDSP1/realtime/clk_gen_stub.v:5]
INFO: [Synth 8-6157] synthesizing module 'vio_mdio' [/home/aujus_dsp_1/Documents/Learning/gigabit_ethernet/.Xil/Vivado-2357359-aujusDSP1/realtime/vio_mdio_stub.v:6]
INFO: [Synth 8-6155] done synthesizing module 'vio_mdio' (2#1) [/home/aujus_dsp_1/Documents/Learning/gigabit_ethernet/.Xil/Vivado-2357359-aujusDSP1/realtime/vio_mdio_stub.v:6]
INFO: [Synth 8-6157] synthesizing module 'mdio' [/home/aujus_dsp_1/Documents/Learning/gigabit_ethernet/RTL/MDIO/mdio.v:3]
	Parameter MDC_CLK_COUNT bound to: 40 - type: integer 
	Parameter PREAMBLE_BITS bound to: 32'b11111111111111111111111111111111 
	Parameter START_BITS bound to: 2'b01 
	Parameter WR_OP_BITS bound to: 2'b01 
	Parameter RD_OP_BITS bound to: 2'b10 
	Parameter TA_BITS bound to: 2'b10 
	Parameter TOTAL_BITS bound to: 64 - type: integer 
	Parameter TX_READ_BITS bound to: 46 - type: integer 
	Parameter S_IDLE bound to: 0 - type: integer 
	Parameter S_WRITE bound to: 1 - type: integer 
	Parameter S_READ bound to: 2 - type: integer 
INFO: [Synth 8-6155] done synthesizing module 'mdio' (3#1) [/home/aujus_dsp_1/Documents/Learning/gigabit_ethernet/RTL/MDIO/mdio.v:3]
INFO: [Synth 8-6157] synthesizing module 'vio_gmii_tx' [/home/aujus_dsp_1/Documents/Learning/gigabit_ethernet/.Xil/Vivado-2357359-aujusDSP1/realtime/vio_gmii_tx_stub.v:6]
INFO: [Synth 8-6155] done synthesizing module 'vio_gmii_tx' (4#1) [/home/aujus_dsp_1/Documents/Learning/gigabit_ethernet/.Xil/Vivado-2357359-aujusDSP1/realtime/vio_gmii_tx_stub.v:6]
INFO: [Synth 8-6157] synthesizing module 'gmii_tx' [/home/aujus_dsp_1/Documents/Learning/gigabit_ethernet/RTL/GMII_Tx/gmii_tx.v:3]
	Parameter FRAME_BYTES bound to: 72 - type: integer 
	Parameter S_IDLE bound to: 0 - type: integer 
	Parameter S_CREATE_PACKET bound to: 1 - type: integer 
	Parameter S_SEND_PACKET bound to: 2 - type: integer 
INFO: [Synth 8-6155] done synthesizing module 'gmii_tx' (5#1) [/home/aujus_dsp_1/Documents/Learning/gigabit_ethernet/RTL/GMII_Tx/gmii_tx.v:3]
INFO: [Synth 8-6157] synthesizing module 'IBUF' [/tools/Xilinx/2020/Vivado/2020.2/scripts/rt/data/unisim_comp.v:32983]
	Parameter CAPACITANCE bound to: DONT_CARE - type: string 
	Parameter IBUF_DELAY_VALUE bound to: 0 - type: string 
	Parameter IBUF_LOW_PWR bound to: TRUE - type: string 
	Parameter IFD_DELAY_VALUE bound to: AUTO - type: string 
	Parameter IOSTANDARD bound to: DEFAULT - type: string 
INFO: [Synth 8-6155] done synthesizing module 'IBUF' (6#1) [/tools/Xilinx/2020/Vivado/2020.2/scripts/rt/data/unisim_comp.v:32983]
INFO: [Synth 8-6157] synthesizing module 'vio_gmii_rx' [/home/aujus_dsp_1/Documents/Learning/gigabit_ethernet/.Xil/Vivado-2357359-aujusDSP1/realtime/vio_gmii_rx_stub.v:6]
INFO: [Synth 8-6155] done synthesizing module 'vio_gmii_rx' (7#1) [/home/aujus_dsp_1/Documents/Learning/gigabit_ethernet/.Xil/Vivado-2357359-aujusDSP1/realtime/vio_gmii_rx_stub.v:6]
WARNING: [Synth 8-4446] all outputs are unconnected for this instance and logic may be removed [/home/aujus_dsp_1/Documents/Learning/gigabit_ethernet/RTL/TOP/gmii_top.v:160]
INFO: [Synth 8-6157] synthesizing module 'gmii_rx' [/home/aujus_dsp_1/Documents/Learning/gigabit_ethernet/RTL/GMII_Rx/gmii_rx.v:1]
	Parameter IDLE bound to: 3'b000 
	Parameter PREAMBLE bound to: 3'b001 
	Parameter SFD bound to: 3'b010 
	Parameter DATA bound to: 3'b011 
	Parameter FCS bound to: 3'b100 
	Parameter DONE bound to: 3'b101 
INFO: [Synth 8-6155] done synthesizing module 'gmii_rx' (8#1) [/home/aujus_dsp_1/Documents/Learning/gigabit_ethernet/RTL/GMII_Rx/gmii_rx.v:1]
INFO: [Synth 8-6071] Mark debug on the nets applies keep_hierarchy on instance 'u_vio_mdio'. This will prevent further optimization [/home/aujus_dsp_1/Documents/Learning/gigabit_ethernet/RTL/TOP/gmii_top.v:61]
INFO: [Synth 8-6071] Mark debug on the nets applies keep_hierarchy on instance 'u_mdio_inst_1'. This will prevent further optimization [/home/aujus_dsp_1/Documents/Learning/gigabit_ethernet/RTL/TOP/gmii_top.v:94]
INFO: [Synth 8-6071] Mark debug on the nets applies keep_hierarchy on instance 'u_mdio_inst_0'. This will prevent further optimization [/home/aujus_dsp_1/Documents/Learning/gigabit_ethernet/RTL/TOP/gmii_top.v:79]
INFO: [Synth 8-6071] Mark debug on the nets applies keep_hierarchy on instance 'u_vio_tx_gmii'. This will prevent further optimization [/home/aujus_dsp_1/Documents/Learning/gigabit_ethernet/RTL/TOP/gmii_top.v:120]
INFO: [Synth 8-6071] Mark debug on the nets applies keep_hierarchy on instance 'u_gmii_inst'. This will prevent further optimization [/home/aujus_dsp_1/Documents/Learning/gigabit_ethernet/RTL/TOP/gmii_top.v:131]
INFO: [Synth 8-6071] Mark debug on the nets applies keep_hierarchy on instance 'u_vio_rx'. This will prevent further optimization [/home/aujus_dsp_1/Documents/Learning/gigabit_ethernet/RTL/TOP/gmii_top.v:156]
INFO: [Synth 8-6155] done synthesizing module 'gmii_top' (9#1) [/home/aujus_dsp_1/Documents/Learning/gigabit_ethernet/RTL/TOP/gmii_top.v:3]
---------------------------------------------------------------------------------
Finished RTL Elaboration : Time (s): cpu = 00:00:03 ; elapsed = 00:00:03 . Memory (MB): peak = 3196.895 ; gain = 0.000 ; free physical = 3800 ; free virtual = 67362
---------------------------------------------------------------------------------
---------------------------------------------------------------------------------
Start Handling Custom Attributes
---------------------------------------------------------------------------------
---------------------------------------------------------------------------------
Finished Handling Custom Attributes : Time (s): cpu = 00:00:03 ; elapsed = 00:00:03 . Memory (MB): peak = 3196.895 ; gain = 0.000 ; free physical = 4490 ; free virtual = 68053
---------------------------------------------------------------------------------
---------------------------------------------------------------------------------
Finished RTL Optimization Phase 1 : Time (s): cpu = 00:00:03 ; elapsed = 00:00:03 . Memory (MB): peak = 3196.895 ; gain = 0.000 ; free physical = 4490 ; free virtual = 68053
---------------------------------------------------------------------------------
Netlist sorting complete. Time (s): cpu = 00:00:00.01 ; elapsed = 00:00:00.01 . Memory (MB): peak = 3196.895 ; gain = 0.000 ; free physical = 4514 ; free virtual = 68077
INFO: [Project 1-570] Preparing netlist for logic optimization

Processing XDC Constraints
Initializing timing engine
Parsing XDC File [/home/aujus_dsp_1/Documents/Learning/gigabit_ethernet/IP/clk_gen/output/clk_gen/clk_gen/clk_gen_in_context.xdc] for cell 'u_clk_gen'
Finished Parsing XDC File [/home/aujus_dsp_1/Documents/Learning/gigabit_ethernet/IP/clk_gen/output/clk_gen/clk_gen/clk_gen_in_context.xdc] for cell 'u_clk_gen'
Parsing XDC File [/home/aujus_dsp_1/Documents/Learning/gigabit_ethernet/IP/vio_mdio/output/vio_mdio/vio_mdio/vio_mdio_in_context.xdc] for cell 'u_vio_mdio'
Finished Parsing XDC File [/home/aujus_dsp_1/Documents/Learning/gigabit_ethernet/IP/vio_mdio/output/vio_mdio/vio_mdio/vio_mdio_in_context.xdc] for cell 'u_vio_mdio'
Parsing XDC File [/home/aujus_dsp_1/Documents/Learning/gigabit_ethernet/IP/vio_gmii_tx/output/vio_gmii_tx/vio_gmii_tx/vio_gmii_tx_in_context.xdc] for cell 'u_vio_tx_gmii'
Finished Parsing XDC File [/home/aujus_dsp_1/Documents/Learning/gigabit_ethernet/IP/vio_gmii_tx/output/vio_gmii_tx/vio_gmii_tx/vio_gmii_tx_in_context.xdc] for cell 'u_vio_tx_gmii'
Parsing XDC File [/home/aujus_dsp_1/Documents/Learning/gigabit_ethernet/IP/vio_gmii_rx/output/vio_gmii_rx/vio_gmii_rx/vio_gmii_rx_in_context.xdc] for cell 'u_vio_rx'
Finished Parsing XDC File [/home/aujus_dsp_1/Documents/Learning/gigabit_ethernet/IP/vio_gmii_rx/output/vio_gmii_rx/vio_gmii_rx/vio_gmii_rx_in_context.xdc] for cell 'u_vio_rx'
Parsing XDC File [/home/aujus_dsp_1/Documents/Learning/gigabit_ethernet/Constraints/top.xdc]
Finished Parsing XDC File [/home/aujus_dsp_1/Documents/Learning/gigabit_ethernet/Constraints/top.xdc]
INFO: [Project 1-236] Implementation specific constraints were found while reading constraint file [/home/aujus_dsp_1/Documents/Learning/gigabit_ethernet/Constraints/top.xdc]. These constraints will be ignored for synthesis but will be used in implementation. Impacted constraints are listed in the file [.Xil/gmii_top_propImpl.xdc].
Resolution: To avoid this warning, move constraints listed in [.Xil/gmii_top_propImpl.xdc] to another XDC file and exclude this new file from synthesis with the used_in_synthesis property (File Properties dialog in GUI) and re-run elaboration/synthesis.
Completed Processing XDC Constraints

Netlist sorting complete. Time (s): cpu = 00:00:00 ; elapsed = 00:00:00 . Memory (MB): peak = 3223.742 ; gain = 0.000 ; free physical = 4485 ; free virtual = 68047
INFO: [Project 1-111] Unisim Transformation Summary:
No Unisim elements were transformed.

Constraint Validation Runtime : Time (s): cpu = 00:00:00 ; elapsed = 00:00:00.01 . Memory (MB): peak = 3223.742 ; gain = 0.000 ; free physical = 4485 ; free virtual = 68047
WARNING: [Timing 38-316] Clock period '10.000' specified during out-of-context synthesis of instance 'u_vio_rx' at clock pin 'clk' is different from the actual clock period '8.000', this can lead to different synthesis results.
WARNING: [Timing 38-316] Clock period '10.000' specified during out-of-context synthesis of instance 'u_vio_tx_gmii' at clock pin 'clk' is different from the actual clock period '8.000', this can lead to different synthesis results.
---------------------------------------------------------------------------------
Finished Constraint Validation : Time (s): cpu = 00:00:05 ; elapsed = 00:00:06 . Memory (MB): peak = 3223.742 ; gain = 26.848 ; free physical = 4547 ; free virtual = 68110
---------------------------------------------------------------------------------
---------------------------------------------------------------------------------
Start Loading Part and Timing Information
---------------------------------------------------------------------------------
Loading part: xc7a100tfgg484-2
---------------------------------------------------------------------------------
Finished Loading Part and Timing Information : Time (s): cpu = 00:00:05 ; elapsed = 00:00:06 . Memory (MB): peak = 3223.742 ; gain = 26.848 ; free physical = 4547 ; free virtual = 68110
---------------------------------------------------------------------------------
---------------------------------------------------------------------------------
Start Applying 'set_property' XDC Constraints
---------------------------------------------------------------------------------
Applied set_property IO_BUFFER_TYPE = NONE for clk_in1_n. (constraint file  /home/aujus_dsp_1/Documents/Learning/gigabit_ethernet/IP/clk_gen/output/clk_gen/clk_gen/clk_gen_in_context.xdc, line 4).
Applied set_property CLOCK_BUFFER_TYPE = NONE for clk_in1_n. (constraint file  /home/aujus_dsp_1/Documents/Learning/gigabit_ethernet/IP/clk_gen/output/clk_gen/clk_gen/clk_gen_in_context.xdc, line 5).
Applied set_property IO_BUFFER_TYPE = NONE for clk_in1_p. (constraint file  /home/aujus_dsp_1/Documents/Learning/gigabit_ethernet/IP/clk_gen/output/clk_gen/clk_gen/clk_gen_in_context.xdc, line 6).
Applied set_property CLOCK_BUFFER_TYPE = NONE for clk_in1_p. (constraint file  /home/aujus_dsp_1/Documents/Learning/gigabit_ethernet/IP/clk_gen/output/clk_gen/clk_gen/clk_gen_in_context.xdc, line 7).
Applied set_property KEEP_HIERARCHY = SOFT for u_clk_gen. (constraint file  auto generated constraint).
Applied set_property KEEP_HIERARCHY = SOFT for u_vio_mdio. (constraint file  auto generated constraint).
Applied set_property KEEP_HIERARCHY = SOFT for u_vio_tx_gmii. (constraint file  auto generated constraint).
Applied set_property KEEP_HIERARCHY = SOFT for u_vio_rx. (constraint file  auto generated constraint).
---------------------------------------------------------------------------------
Finished applying 'set_property' XDC Constraints : Time (s): cpu = 00:00:05 ; elapsed = 00:00:06 . Memory (MB): peak = 3223.742 ; gain = 26.848 ; free physical = 4547 ; free virtual = 68109
---------------------------------------------------------------------------------
INFO: [Synth 8-802] inferred FSM for state register 'sm_main_reg' in module 'mdio'
INFO: [Synth 8-802] inferred FSM for state register 'sm_main_reg' in module 'gmii_tx'
INFO: [Synth 8-802] inferred FSM for state register 'state_reg' in module 'gmii_rx'
---------------------------------------------------------------------------------------------------
                   State |                     New Encoding |                Previous Encoding 
---------------------------------------------------------------------------------------------------
                  S_IDLE |                              001 |                               00
                 S_WRITE |                              010 |                               01
                  S_READ |                              100 |                               10
---------------------------------------------------------------------------------------------------
INFO: [Synth 8-3354] encoded FSM with state register 'sm_main_reg' using encoding 'one-hot' in module 'mdio'
---------------------------------------------------------------------------------------------------
                   State |                     New Encoding |                Previous Encoding 
---------------------------------------------------------------------------------------------------
                  S_IDLE |                              001 |                               00
         S_CREATE_PACKET |                              010 |                               01
           S_SEND_PACKET |                              100 |                               10
---------------------------------------------------------------------------------------------------
INFO: [Synth 8-3354] encoded FSM with state register 'sm_main_reg' using encoding 'one-hot' in module 'gmii_tx'
---------------------------------------------------------------------------------------------------
                   State |                     New Encoding |                Previous Encoding 
---------------------------------------------------------------------------------------------------
                    IDLE |                              000 |                              000
                PREAMBLE |                              001 |                              001
                     SFD |                              010 |                              010
                    DATA |                              011 |                              011
                     FCS |                              100 |                              100
                    DONE |                              101 |                              101
---------------------------------------------------------------------------------------------------
INFO: [Synth 8-3354] encoded FSM with state register 'state_reg' using encoding 'sequential' in module 'gmii_rx'
---------------------------------------------------------------------------------
Finished RTL Optimization Phase 2 : Time (s): cpu = 00:00:06 ; elapsed = 00:00:06 . Memory (MB): peak = 3223.742 ; gain = 26.848 ; free physical = 4533 ; free virtual = 68097
---------------------------------------------------------------------------------
---------------------------------------------------------------------------------
Start RTL Component Statistics 
---------------------------------------------------------------------------------
Detailed RTL Component Info : 
+---Adders : 
	   2 Input    7 Bit       Adders := 3     
	   2 Input    6 Bit       Adders := 3     
	   2 Input    3 Bit       Adders := 2     
+---Registers : 
	               64 Bit    Registers := 2     
	               18 Bit    Registers := 2     
	               16 Bit    Registers := 2     
	                8 Bit    Registers := 19    
	                7 Bit    Registers := 3     
	                6 Bit    Registers := 3     
	                3 Bit    Registers := 2     
	                1 Bit    Registers := 29    
+---Muxes : 
	   2 Input   64 Bit        Muxes := 2     
	   3 Input   64 Bit        Muxes := 2     
	   3 Input   18 Bit        Muxes := 2     
	   3 Input    8 Bit        Muxes := 1     
	   3 Input    7 Bit        Muxes := 3     
	   3 Input    6 Bit        Muxes := 2     
	   2 Input    6 Bit        Muxes := 1     
	   6 Input    6 Bit        Muxes := 1     
	   3 Input    3 Bit        Muxes := 3     
	   2 Input    3 Bit        Muxes := 9     
	   6 Input    3 Bit        Muxes := 4     
	   3 Input    2 Bit        Muxes := 2     
	   2 Input    1 Bit        Muxes := 37    
	   3 Input    1 Bit        Muxes := 28    
	   6 Input    1 Bit        Muxes := 4     
---------------------------------------------------------------------------------
Finished RTL Component Statistics 
---------------------------------------------------------------------------------
---------------------------------------------------------------------------------
Start Part Resource Summary
---------------------------------------------------------------------------------
Part Resources:
DSPs: 240 (col length:80)
BRAMs: 270 (col length: RAMB18 80 RAMB36 40)
---------------------------------------------------------------------------------
Finished Part Resource Summary
---------------------------------------------------------------------------------
---------------------------------------------------------------------------------
Start Cross Boundary and Area Optimization
---------------------------------------------------------------------------------
---------------------------------------------------------------------------------
Finished Cross Boundary and Area Optimization : Time (s): cpu = 00:00:07 ; elapsed = 00:00:08 . Memory (MB): peak = 3223.742 ; gain = 26.848 ; free physical = 4538 ; free virtual = 68098
---------------------------------------------------------------------------------
---------------------------------------------------------------------------------
Start Applying XDC Timing Constraints
---------------------------------------------------------------------------------
---------------------------------------------------------------------------------
Finished Applying XDC Timing Constraints : Time (s): cpu = 00:00:07 ; elapsed = 00:00:08 . Memory (MB): peak = 3223.742 ; gain = 26.848 ; free physical = 4496 ; free virtual = 68056
---------------------------------------------------------------------------------
---------------------------------------------------------------------------------
Start Timing Optimization
---------------------------------------------------------------------------------
---------------------------------------------------------------------------------
Finished Timing Optimization : Time (s): cpu = 00:00:08 ; elapsed = 00:00:08 . Memory (MB): peak = 3223.742 ; gain = 26.848 ; free physical = 4500 ; free virtual = 68060
---------------------------------------------------------------------------------
---------------------------------------------------------------------------------
Start Technology Mapping
---------------------------------------------------------------------------------
---------------------------------------------------------------------------------
Finished Technology Mapping : Time (s): cpu = 00:00:08 ; elapsed = 00:00:09 . Memory (MB): peak = 3223.742 ; gain = 26.848 ; free physical = 4499 ; free virtual = 68059
---------------------------------------------------------------------------------
---------------------------------------------------------------------------------
Start IO Insertion
---------------------------------------------------------------------------------
---------------------------------------------------------------------------------
Start Flattening Before IO Insertion
---------------------------------------------------------------------------------
---------------------------------------------------------------------------------
Finished Flattening Before IO Insertion
---------------------------------------------------------------------------------
---------------------------------------------------------------------------------
Start Final Netlist Cleanup
---------------------------------------------------------------------------------
---------------------------------------------------------------------------------
Finished Final Netlist Cleanup
---------------------------------------------------------------------------------
---------------------------------------------------------------------------------
Finished IO Insertion : Time (s): cpu = 00:00:09 ; elapsed = 00:00:10 . Memory (MB): peak = 3223.742 ; gain = 26.848 ; free physical = 4503 ; free virtual = 68063
---------------------------------------------------------------------------------
---------------------------------------------------------------------------------
Start Renaming Generated Instances
---------------------------------------------------------------------------------
---------------------------------------------------------------------------------
Finished Renaming Generated Instances : Time (s): cpu = 00:00:09 ; elapsed = 00:00:10 . Memory (MB): peak = 3223.742 ; gain = 26.848 ; free physical = 4503 ; free virtual = 68063
---------------------------------------------------------------------------------
---------------------------------------------------------------------------------
Start Rebuilding User Hierarchy
---------------------------------------------------------------------------------
---------------------------------------------------------------------------------
Finished Rebuilding User Hierarchy : Time (s): cpu = 00:00:09 ; elapsed = 00:00:10 . Memory (MB): peak = 3223.742 ; gain = 26.848 ; free physical = 4503 ; free virtual = 68063
---------------------------------------------------------------------------------
---------------------------------------------------------------------------------
Start Renaming Generated Ports
---------------------------------------------------------------------------------
---------------------------------------------------------------------------------
Finished Renaming Generated Ports : Time (s): cpu = 00:00:09 ; elapsed = 00:00:10 . Memory (MB): peak = 3223.742 ; gain = 26.848 ; free physical = 4503 ; free virtual = 68063
---------------------------------------------------------------------------------
---------------------------------------------------------------------------------
Start Handling Custom Attributes
---------------------------------------------------------------------------------
---------------------------------------------------------------------------------
Finished Handling Custom Attributes : Time (s): cpu = 00:00:09 ; elapsed = 00:00:10 . Memory (MB): peak = 3223.742 ; gain = 26.848 ; free physical = 4503 ; free virtual = 68063
---------------------------------------------------------------------------------
---------------------------------------------------------------------------------
Start Renaming Generated Nets
---------------------------------------------------------------------------------
---------------------------------------------------------------------------------
Finished Renaming Generated Nets : Time (s): cpu = 00:00:09 ; elapsed = 00:00:10 . Memory (MB): peak = 3223.742 ; gain = 26.848 ; free physical = 4503 ; free virtual = 68063
---------------------------------------------------------------------------------
---------------------------------------------------------------------------------
Start Writing Synthesis Report
---------------------------------------------------------------------------------

Report BlackBoxes: 
+------+--------------+----------+
|      |BlackBox name |Instances |
+------+--------------+----------+
|1     |clk_gen       |         1|
|2     |vio_mdio      |         1|
|3     |vio_gmii_tx   |         1|
|4     |vio_gmii_rx   |         1|
+------+--------------+----------+

Report Cell Usage: 
+------+------------+------+
|      |Cell        |Count |
+------+------------+------+
|1     |clk_gen     |     1|
|2     |vio_gmii_rx |     1|
|3     |vio_gmii_tx |     1|
|4     |vio_mdio    |     1|
|5     |BUFG        |     1|
|6     |LUT1        |     8|
|7     |LUT2        |    55|
|8     |LUT3        |    21|
|9     |LUT4        |    94|
|10    |LUT5        |    57|
|11    |LUT6        |   154|
|12    |FDCE        |    15|
|13    |FDRE        |   414|
|14    |FDSE        |     4|
|15    |IBUF        |    11|
|16    |IOBUF       |     2|
|17    |OBUF        |    15|
+------+------------+------+
---------------------------------------------------------------------------------
Finished Writing Synthesis Report : Time (s): cpu = 00:00:09 ; elapsed = 00:00:10 . Memory (MB): peak = 3223.742 ; gain = 26.848 ; free physical = 4503 ; free virtual = 68063
---------------------------------------------------------------------------------
Synthesis finished with 0 errors, 0 critical warnings and 0 warnings.
Synthesis Optimization Runtime : Time (s): cpu = 00:00:09 ; elapsed = 00:00:09 . Memory (MB): peak = 3223.742 ; gain = 0.000 ; free physical = 4552 ; free virtual = 68112
Synthesis Optimization Complete : Time (s): cpu = 00:00:09 ; elapsed = 00:00:10 . Memory (MB): peak = 3223.742 ; gain = 26.848 ; free physical = 4553 ; free virtual = 68114
INFO: [Project 1-571] Translating synthesized netlist
INFO: [Project 1-454] Reading design checkpoint '/home/aujus_dsp_1/Documents/Learning/gigabit_ethernet/IP/clk_gen/output/clk_gen/clk_gen.dcp' for cell 'u_clk_gen'
INFO: [Project 1-454] Reading design checkpoint '/home/aujus_dsp_1/Documents/Learning/gigabit_ethernet/IP/vio_mdio/output/vio_mdio/vio_mdio.dcp' for cell 'u_vio_mdio'
INFO: [Project 1-454] Reading design checkpoint '/home/aujus_dsp_1/Documents/Learning/gigabit_ethernet/IP/vio_gmii_tx/output/vio_gmii_tx/vio_gmii_tx.dcp' for cell 'u_vio_tx_gmii'
INFO: [Project 1-454] Reading design checkpoint '/home/aujus_dsp_1/Documents/Learning/gigabit_ethernet/IP/vio_gmii_rx/output/vio_gmii_rx/vio_gmii_rx.dcp' for cell 'u_vio_rx'
Netlist sorting complete. Time (s): cpu = 00:00:00.01 ; elapsed = 00:00:00.01 . Memory (MB): peak = 3223.742 ; gain = 0.000 ; free physical = 4633 ; free virtual = 68193
INFO: [Netlist 29-17] Analyzing 5 Unisim elements for replacement
INFO: [Netlist 29-28] Unisim Transformation completed in 0 CPU seconds
INFO: [Project 1-479] Netlist was created with Vivado 2020.2
INFO: [Project 1-570] Preparing netlist for logic optimization
INFO: [Chipscope 16-324] Core: u_vio_mdio UUID: 4180841f-193f-5c06-9ddc-628cc8a42def 
INFO: [Chipscope 16-324] Core: u_vio_rx UUID: 9f3d7583-4205-54b5-8fef-afce86636a95 
INFO: [Chipscope 16-324] Core: u_vio_tx_gmii UUID: fe3ee834-331f-59d7-bdcd-7ef6bf3c95d5 
Parsing XDC File [/home/aujus_dsp_1/Documents/Learning/gigabit_ethernet/IP/clk_gen/output/clk_gen/clk_gen_board.xdc] for cell 'u_clk_gen/inst'
Finished Parsing XDC File [/home/aujus_dsp_1/Documents/Learning/gigabit_ethernet/IP/clk_gen/output/clk_gen/clk_gen_board.xdc] for cell 'u_clk_gen/inst'
Parsing XDC File [/home/aujus_dsp_1/Documents/Learning/gigabit_ethernet/IP/clk_gen/output/clk_gen/clk_gen.xdc] for cell 'u_clk_gen/inst'
INFO: [Timing 38-35] Done setting XDC timing constraints. [/home/aujus_dsp_1/Documents/Learning/gigabit_ethernet/IP/clk_gen/output/clk_gen/clk_gen.xdc:57]
INFO: [Timing 38-2] Deriving generated clocks [/home/aujus_dsp_1/Documents/Learning/gigabit_ethernet/IP/clk_gen/output/clk_gen/clk_gen.xdc:57]
Finished Parsing XDC File [/home/aujus_dsp_1/Documents/Learning/gigabit_ethernet/IP/clk_gen/output/clk_gen/clk_gen.xdc] for cell 'u_clk_gen/inst'
Parsing XDC File [/home/aujus_dsp_1/Documents/Learning/gigabit_ethernet/IP/vio_mdio/output/vio_mdio/vio_mdio.xdc] for cell 'u_vio_mdio'
Finished Parsing XDC File [/home/aujus_dsp_1/Documents/Learning/gigabit_ethernet/IP/vio_mdio/output/vio_mdio/vio_mdio.xdc] for cell 'u_vio_mdio'
Parsing XDC File [/home/aujus_dsp_1/Documents/Learning/gigabit_ethernet/IP/vio_gmii_tx/output/vio_gmii_tx/vio_gmii_tx.xdc] for cell 'u_vio_tx_gmii'
Finished Parsing XDC File [/home/aujus_dsp_1/Documents/Learning/gigabit_ethernet/IP/vio_gmii_tx/output/vio_gmii_tx/vio_gmii_tx.xdc] for cell 'u_vio_tx_gmii'
Parsing XDC File [/home/aujus_dsp_1/Documents/Learning/gigabit_ethernet/IP/vio_gmii_rx/output/vio_gmii_rx/vio_gmii_rx.xdc] for cell 'u_vio_rx'
Finished Parsing XDC File [/home/aujus_dsp_1/Documents/Learning/gigabit_ethernet/IP/vio_gmii_rx/output/vio_gmii_rx/vio_gmii_rx.xdc] for cell 'u_vio_rx'
Parsing XDC File [/home/aujus_dsp_1/Documents/Learning/gigabit_ethernet/Constraints/top.xdc]
Finished Parsing XDC File [/home/aujus_dsp_1/Documents/Learning/gigabit_ethernet/Constraints/top.xdc]
INFO: [Project 1-538] Using original IP XDC constraints instead of the XDC constraints in dcp '/home/aujus_dsp_1/Documents/Learning/gigabit_ethernet/IP/clk_gen/output/clk_gen/clk_gen.dcp'
INFO: [Project 1-538] Using original IP XDC constraints instead of the XDC constraints in dcp '/home/aujus_dsp_1/Documents/Learning/gigabit_ethernet/IP/vio_mdio/output/vio_mdio/vio_mdio.dcp'
INFO: [Project 1-538] Using original IP XDC constraints instead of the XDC constraints in dcp '/home/aujus_dsp_1/Documents/Learning/gigabit_ethernet/IP/vio_gmii_tx/output/vio_gmii_tx/vio_gmii_tx.dcp'
INFO: [Project 1-538] Using original IP XDC constraints instead of the XDC constraints in dcp '/home/aujus_dsp_1/Documents/Learning/gigabit_ethernet/IP/vio_gmii_rx/output/vio_gmii_rx/vio_gmii_rx.dcp'
INFO: [Opt 31-138] Pushed 0 inverter(s) to 0 load pin(s).
Netlist sorting complete. Time (s): cpu = 00:00:00 ; elapsed = 00:00:00 . Memory (MB): peak = 3250.590 ; gain = 0.000 ; free physical = 4580 ; free virtual = 68140
INFO: [Project 1-111] Unisim Transformation Summary:
  A total of 2 instances were transformed.
  IOBUF => IOBUF (IBUF, OBUFT): 2 instances

INFO: [Common 17-83] Releasing license: Synthesis
56 Infos, 3 Warnings, 0 Critical Warnings and 0 Errors encountered.
synth_design completed successfully
synth_design: Time (s): cpu = 00:00:15 ; elapsed = 00:00:12 . Memory (MB): peak = 3250.590 ; gain = 53.695 ; free physical = 4700 ; free virtual = 68261
## write_checkpoint \
##     -force \
##     "$CHECKPOINT_DIR/post_synth.dcp"
INFO: [Timing 38-480] Writing timing data to binary archive.
Writing placer database...
Writing XDEF routing.
Writing XDEF routing logical nets.
Writing XDEF routing special nets.
Write XDEF Complete: Time (s): cpu = 00:00:00.01 ; elapsed = 00:00:00 . Memory (MB): peak = 3290.609 ; gain = 0.000 ; free physical = 4700 ; free virtual = 68262
INFO: [Common 17-1381] The checkpoint '/home/aujus_dsp_1/Documents/Learning/gigabit_ethernet/Output/checkpoint/post_synth.dcp' has been generated.
## report_utilization \
##     -file "$REPORTS_DIR/post_synth_utilization.rpt"
## report_timing_summary \
##     -file "$REPORTS_DIR/post_synth_timing_summary.rpt"
INFO: [Timing 38-35] Done setting XDC timing constraints.
INFO: [Timing 38-91] UpdateTimingParams: Speed grade: -2, Delay Type: min_max.
INFO: [Timing 38-191] Multithreading enabled for timing update using a maximum of 8 CPUs
## puts ""

## puts "Synthesis Completed."
Synthesis Completed.
## puts ""

# puts ""

# puts "========================================="
=========================================
# puts "Build Completed Successfully!"
Build Completed Successfully!
# puts "========================================="
=========================================
# puts ""

INFO: [Common 17-206] Exiting Vivado at Mon Jul 27 16:59:37 2026...
