Copyright 1986-2022 Xilinx, Inc. All Rights Reserved. Copyright 2022-2024 Advanced Micro Devices, Inc. All Rights Reserved.
---------------------------------------------------------------------------------------------------------------------------------------------------------------------
| Tool Version : Vivado v.2024.2 (lin64) Build 5239630 Fri Nov 08 22:34:34 MST 2024
| Date         : Mon Jul 27 18:22:02 2026
| Host         : aujusDSP1 running 64-bit Ubuntu 20.04.6 LTS
| Command      : report_utilization -hierarchical -file /home/aujus_dsp_1/Documents/Learning/gigabit_ethernet/Output/reports/post_route_utilization_hierarchical.rpt
| Design       : gmii_top
| Device       : xc7a100tfgg484-2
| Speed File   : -2
| Design State : Physopt postRoute
---------------------------------------------------------------------------------------------------------------------------------------------------------------------

Utilization Design Information

Table of Contents
-----------------
1. Utilization by Hierarchy

1. Utilization by Hierarchy
---------------------------

+------------------------------------------------------------------------------------+------------------------------------------------------------------------+------------+------------+---------+------+------+--------+--------+------------+
|                                      Instance                                      |                                 Module                                 | Total LUTs | Logic LUTs | LUTRAMs | SRLs |  FFs | RAMB36 | RAMB18 | DSP Blocks |
+------------------------------------------------------------------------------------+------------------------------------------------------------------------+------------+------------+---------+------+------+--------+--------+------------+
| gmii_top                                                                           |                                                                  (top) |       3662 |       3367 |      24 |  271 | 6449 |      6 |      1 |          0 |
|   (gmii_top)                                                                       |                                                                  (top) |          0 |          0 |       0 |    0 |    0 |      0 |      0 |          0 |
|   dbg_hub                                                                          |                                                                dbg_hub |        509 |        485 |      24 |    0 |  799 |      0 |      0 |          0 |
|     (dbg_hub)                                                                      |                                                                dbg_hub |          0 |          0 |       0 |    0 |    0 |      0 |      0 |          0 |
|     inst                                                                           |                                             dbg_hub_xsdbm_v3_0_3_xsdbm |        509 |        485 |      24 |    0 |  799 |      0 |      0 |          0 |
|       BSCANID.u_xsdbm_id                                                           |                                          dbg_hub_xsdbm_v3_0_3_xsdbm_id |        509 |        485 |      24 |    0 |  799 |      0 |      0 |          0 |
|         (BSCANID.u_xsdbm_id)                                                       |                                          dbg_hub_xsdbm_v3_0_3_xsdbm_id |         35 |         35 |       0 |    0 |   34 |      0 |      0 |          0 |
|         CORE_XSDB.UUT_MASTER                                                       |                                         dbg_hub_xsdbm_v3_0_3_icon2xsdb |        333 |        309 |      24 |    0 |  612 |      0 |      0 |          0 |
|           U_ICON_INTERFACE                                                         |                                                dbg_hub_xsdbm_v3_0_3_if |        182 |        158 |      24 |    0 |  480 |      0 |      0 |          0 |
|             (U_ICON_INTERFACE)                                                     |                                                dbg_hub_xsdbm_v3_0_3_if |          6 |          6 |       0 |    0 |   15 |      0 |      0 |          0 |
|             U_CMD1                                                                 |                                           dbg_hub_xsdbm_v3_0_3_ctl_reg |          8 |          8 |       0 |    0 |   20 |      0 |      0 |          0 |
|             U_CMD2                                                                 |                                          dbg_hub_xsdbm_v3_0_3_stat_reg |          5 |          5 |       0 |    0 |   22 |      0 |      0 |          0 |
|             U_CMD3                                                                 |                          dbg_hub_xsdbm_v3_0_3_stat_reg__parameterized0 |          9 |          9 |       0 |    0 |   38 |      0 |      0 |          0 |
|             U_CMD4                                                                 |                           dbg_hub_xsdbm_v3_0_3_ctl_reg__parameterized0 |         21 |         21 |       0 |    0 |   62 |      0 |      0 |          0 |
|             U_CMD5                                                                 |                           dbg_hub_xsdbm_v3_0_3_ctl_reg__parameterized1 |          6 |          6 |       0 |    0 |   42 |      0 |      0 |          0 |
|             U_CMD6_RD                                                              |                                             dbg_hub_xsdbm_v3_0_3_rdreg |         68 |         56 |      12 |    0 |  134 |      0 |      0 |          0 |
|               (U_CMD6_RD)                                                          |                                             dbg_hub_xsdbm_v3_0_3_rdreg |          2 |          2 |       0 |    0 |   20 |      0 |      0 |          0 |
|               U_RD_FIFO                                                            |                                            dbg_hub_xsdbm_v3_0_3_rdfifo |         66 |         54 |      12 |    0 |  114 |      0 |      0 |          0 |
|                 (U_RD_FIFO)                                                        |                                            dbg_hub_xsdbm_v3_0_3_rdfifo |         19 |         19 |       0 |    0 |    0 |      0 |      0 |          0 |
|                 SUBCORE_FIFO.xsdbm_v3_0_3_rdfifo_inst                              |                         dbg_hub_fifo_generator_v13_1_5__parameterized0 |         47 |         35 |      12 |    0 |  114 |      0 |      0 |          0 |
|                   (SUBCORE_FIFO.xsdbm_v3_0_3_rdfifo_inst)                          |                         dbg_hub_fifo_generator_v13_1_5__parameterized0 |          0 |          0 |       0 |    0 |    0 |      0 |      0 |          0 |
|                   inst_fifo_gen                                                    |                   dbg_hub_fifo_generator_v13_1_5_synth__parameterized0 |         47 |         35 |      12 |    0 |  114 |      0 |      0 |          0 |
|                     gconvfifo.rf                                                   |                             dbg_hub_fifo_generator_top__parameterized0 |         47 |         35 |      12 |    0 |  114 |      0 |      0 |          0 |
|                       grf.rf                                                       |                         dbg_hub_fifo_generator_ramfifo__parameterized0 |         47 |         35 |      12 |    0 |  114 |      0 |      0 |          0 |
|                         gntv_or_sync_fifo.gcx.clkx                                 |                                                  dbg_hub_clk_x_pntrs_6 |         12 |         12 |       0 |    0 |   32 |      0 |      0 |          0 |
|                           (gntv_or_sync_fifo.gcx.clkx)                             |                                                  dbg_hub_clk_x_pntrs_6 |         10 |         10 |       0 |    0 |   16 |      0 |      0 |          0 |
|                           gnxpm_cdc.gsync_stage[1].rd_stg_inst                     |                             dbg_hub_synchronizer_ff__parameterized0_18 |          0 |          0 |       0 |    0 |    4 |      0 |      0 |          0 |
|                           gnxpm_cdc.gsync_stage[1].wr_stg_inst                     |                             dbg_hub_synchronizer_ff__parameterized0_19 |          0 |          0 |       0 |    0 |    4 |      0 |      0 |          0 |
|                           gnxpm_cdc.gsync_stage[2].rd_stg_inst                     |                             dbg_hub_synchronizer_ff__parameterized0_20 |          1 |          1 |       0 |    0 |    4 |      0 |      0 |          0 |
|                           gnxpm_cdc.gsync_stage[2].wr_stg_inst                     |                             dbg_hub_synchronizer_ff__parameterized0_21 |          1 |          1 |       0 |    0 |    4 |      0 |      0 |          0 |
|                         gntv_or_sync_fifo.gl0.rd                                   |                                       dbg_hub_rd_logic__parameterized0 |         14 |         14 |       0 |    0 |   19 |      0 |      0 |          0 |
|                           gr1.gr1_int.rfwft                                        |                                                        dbg_hub_rd_fwft |          7 |          7 |       0 |    0 |    8 |      0 |      0 |          0 |
|                           gras.rsts                                                |                                          dbg_hub_rd_status_flags_as_16 |          0 |          0 |       0 |    0 |    2 |      0 |      0 |          0 |
|                           grhf.rhf                                                 |                           dbg_hub_rd_handshaking_flags__parameterized0 |          0 |          0 |       0 |    0 |    1 |      0 |      0 |          0 |
|                           rpntr                                                    |                                                 dbg_hub_rd_bin_cntr_17 |          7 |          7 |       0 |    0 |    8 |      0 |      0 |          0 |
|                         gntv_or_sync_fifo.gl0.wr                                   |                                       dbg_hub_wr_logic__parameterized0 |          5 |          5 |       0 |    0 |   15 |      0 |      0 |          0 |
|                           gwas.wsts                                                |                                          dbg_hub_wr_status_flags_as_13 |          2 |          2 |       0 |    0 |    2 |      0 |      0 |          0 |
|                           gwhf.whf                                                 |                                        dbg_hub_wr_handshaking_flags_14 |          0 |          0 |       0 |    0 |    1 |      0 |      0 |          0 |
|                           wpntr                                                    |                                                 dbg_hub_wr_bin_cntr_15 |          3 |          3 |       0 |    0 |   12 |      0 |      0 |          0 |
|                         gntv_or_sync_fifo.mem                                      |                                         dbg_hub_memory__parameterized0 |         12 |          0 |      12 |    0 |   32 |      0 |      0 |          0 |
|                           (gntv_or_sync_fifo.mem)                                  |                                         dbg_hub_memory__parameterized0 |          0 |          0 |       0 |    0 |   16 |      0 |      0 |          0 |
|                           gdm.dm_gen.dm                                            |                                                        dbg_hub_dmem_12 |         12 |          0 |      12 |    0 |   16 |      0 |      0 |          0 |
|                         rstblk                                                     |                                            dbg_hub_reset_blk_ramfifo_7 |          4 |          4 |       0 |    0 |   16 |      0 |      0 |          0 |
|                           (rstblk)                                                 |                                            dbg_hub_reset_blk_ramfifo_7 |          0 |          0 |       0 |    0 |   12 |      0 |      0 |          0 |
|                           ngwrdrst.grst.g7serrst.gwrrd_rst_sync_stage[1].rrst_inst |                                              dbg_hub_synchronizer_ff_8 |          1 |          1 |       0 |    0 |    1 |      0 |      0 |          0 |
|                           ngwrdrst.grst.g7serrst.gwrrd_rst_sync_stage[1].wrst_inst |                                              dbg_hub_synchronizer_ff_9 |          1 |          1 |       0 |    0 |    1 |      0 |      0 |          0 |
|                           ngwrdrst.grst.g7serrst.gwrrd_rst_sync_stage[2].rrst_inst |                                             dbg_hub_synchronizer_ff_10 |          1 |          1 |       0 |    0 |    1 |      0 |      0 |          0 |
|                           ngwrdrst.grst.g7serrst.gwrrd_rst_sync_stage[2].wrst_inst |                                             dbg_hub_synchronizer_ff_11 |          1 |          1 |       0 |    0 |    1 |      0 |      0 |          0 |
|             U_CMD6_WR                                                              |                                             dbg_hub_xsdbm_v3_0_3_wrreg |         45 |         33 |      12 |    0 |  110 |      0 |      0 |          0 |
|               (U_CMD6_WR)                                                          |                                             dbg_hub_xsdbm_v3_0_3_wrreg |          2 |          2 |       0 |    0 |   20 |      0 |      0 |          0 |
|               U_WR_FIFO                                                            |                                            dbg_hub_xsdbm_v3_0_3_wrfifo |         43 |         31 |      12 |    0 |   90 |      0 |      0 |          0 |
|                 (U_WR_FIFO)                                                        |                                            dbg_hub_xsdbm_v3_0_3_wrfifo |          1 |          1 |       0 |    0 |    0 |      0 |      0 |          0 |
|                 SUBCORE_FIFO.xsdbm_v3_0_3_wrfifo_inst                              |                                         dbg_hub_fifo_generator_v13_1_5 |         42 |         30 |      12 |    0 |   90 |      0 |      0 |          0 |
|                   (SUBCORE_FIFO.xsdbm_v3_0_3_wrfifo_inst)                          |                                         dbg_hub_fifo_generator_v13_1_5 |          0 |          0 |       0 |    0 |    0 |      0 |      0 |          0 |
|                   inst_fifo_gen                                                    |                                   dbg_hub_fifo_generator_v13_1_5_synth |         42 |         30 |      12 |    0 |   90 |      0 |      0 |          0 |
|                     gconvfifo.rf                                                   |                                             dbg_hub_fifo_generator_top |         42 |         30 |      12 |    0 |   90 |      0 |      0 |          0 |
|                       grf.rf                                                       |                                         dbg_hub_fifo_generator_ramfifo |         42 |         30 |      12 |    0 |   90 |      0 |      0 |          0 |
|                         gntv_or_sync_fifo.gcx.clkx                                 |                                                    dbg_hub_clk_x_pntrs |         11 |         11 |       0 |    0 |   32 |      0 |      0 |          0 |
|                           (gntv_or_sync_fifo.gcx.clkx)                             |                                                    dbg_hub_clk_x_pntrs |          9 |          9 |       0 |    0 |   16 |      0 |      0 |          0 |
|                           gnxpm_cdc.gsync_stage[1].rd_stg_inst                     |                                dbg_hub_synchronizer_ff__parameterized0 |          0 |          0 |       0 |    0 |    4 |      0 |      0 |          0 |
|                           gnxpm_cdc.gsync_stage[1].wr_stg_inst                     |                              dbg_hub_synchronizer_ff__parameterized0_3 |          0 |          0 |       0 |    0 |    4 |      0 |      0 |          0 |
|                           gnxpm_cdc.gsync_stage[2].rd_stg_inst                     |                              dbg_hub_synchronizer_ff__parameterized0_4 |          1 |          1 |       0 |    0 |    4 |      0 |      0 |          0 |
|                           gnxpm_cdc.gsync_stage[2].wr_stg_inst                     |                              dbg_hub_synchronizer_ff__parameterized0_5 |          1 |          1 |       0 |    0 |    4 |      0 |      0 |          0 |
|                         gntv_or_sync_fifo.gl0.rd                                   |                                                       dbg_hub_rd_logic |         10 |         10 |       0 |    0 |   11 |      0 |      0 |          0 |
|                           gras.rsts                                                |                                             dbg_hub_rd_status_flags_as |          2 |          2 |       0 |    0 |    2 |      0 |      0 |          0 |
|                           grhf.rhf                                                 |                                           dbg_hub_rd_handshaking_flags |          0 |          0 |       0 |    0 |    1 |      0 |      0 |          0 |
|                           rpntr                                                    |                                                    dbg_hub_rd_bin_cntr |          8 |          8 |       0 |    0 |    8 |      0 |      0 |          0 |
|                         gntv_or_sync_fifo.gl0.wr                                   |                                                       dbg_hub_wr_logic |          5 |          5 |       0 |    0 |   15 |      0 |      0 |          0 |
|                           gwas.wsts                                                |                                             dbg_hub_wr_status_flags_as |          2 |          2 |       0 |    0 |    2 |      0 |      0 |          0 |
|                           gwhf.whf                                                 |                                           dbg_hub_wr_handshaking_flags |          0 |          0 |       0 |    0 |    1 |      0 |      0 |          0 |
|                           wpntr                                                    |                                                    dbg_hub_wr_bin_cntr |          3 |          3 |       0 |    0 |   12 |      0 |      0 |          0 |
|                         gntv_or_sync_fifo.mem                                      |                                                         dbg_hub_memory |         12 |          0 |      12 |    0 |   16 |      0 |      0 |          0 |
|                           gdm.dm_gen.dm                                            |                                                           dbg_hub_dmem |         12 |          0 |      12 |    0 |   16 |      0 |      0 |          0 |
|                         rstblk                                                     |                                              dbg_hub_reset_blk_ramfifo |          4 |          4 |       0 |    0 |   16 |      0 |      0 |          0 |
|                           (rstblk)                                                 |                                              dbg_hub_reset_blk_ramfifo |          0 |          0 |       0 |    0 |   12 |      0 |      0 |          0 |
|                           ngwrdrst.grst.g7serrst.gwrrd_rst_sync_stage[1].rrst_inst |                                                dbg_hub_synchronizer_ff |          1 |          1 |       0 |    0 |    1 |      0 |      0 |          0 |
|                           ngwrdrst.grst.g7serrst.gwrrd_rst_sync_stage[1].wrst_inst |                                              dbg_hub_synchronizer_ff_0 |          1 |          1 |       0 |    0 |    1 |      0 |      0 |          0 |
|                           ngwrdrst.grst.g7serrst.gwrrd_rst_sync_stage[2].rrst_inst |                                              dbg_hub_synchronizer_ff_1 |          1 |          1 |       0 |    0 |    1 |      0 |      0 |          0 |
|                           ngwrdrst.grst.g7serrst.gwrrd_rst_sync_stage[2].wrst_inst |                                              dbg_hub_synchronizer_ff_2 |          1 |          1 |       0 |    0 |    1 |      0 |      0 |          0 |
|             U_CMD7_CTL                                                             |                           dbg_hub_xsdbm_v3_0_3_ctl_reg__parameterized2 |          2 |          2 |       0 |    0 |   12 |      0 |      0 |          0 |
|             U_CMD7_STAT                                                            |                          dbg_hub_xsdbm_v3_0_3_stat_reg__parameterized1 |          4 |          4 |       0 |    0 |   18 |      0 |      0 |          0 |
|             U_STATIC_STATUS                                                        |                                  dbg_hub_xsdbm_v3_0_3_if_static_status |          8 |          8 |       0 |    0 |    7 |      0 |      0 |          0 |
|           U_XSDB_ADDRESS_CONTROLLER                                                |                                          dbg_hub_xsdbm_v3_0_3_addr_ctl |         17 |         17 |       0 |    0 |   19 |      0 |      0 |          0 |
|           U_XSDB_BURST_WD_LEN_CONTROLLER                                           |                                   dbg_hub_xsdbm_v3_0_3_burst_wdlen_ctl |         22 |         22 |       0 |    0 |   20 |      0 |      0 |          0 |
|           U_XSDB_BUS_CONTROLLER                                                    |                                           dbg_hub_xsdbm_v3_0_3_bus_ctl |         79 |         79 |       0 |    0 |   76 |      0 |      0 |          0 |
|             (U_XSDB_BUS_CONTROLLER)                                                |                                           dbg_hub_xsdbm_v3_0_3_bus_ctl |         10 |         10 |       0 |    0 |   65 |      0 |      0 |          0 |
|             U_RD_ABORT_FLAG                                                        |                       dbg_hub_xsdbm_v3_0_3_bus_ctl_flg__parameterized0 |          3 |          3 |       0 |    0 |    1 |      0 |      0 |          0 |
|             U_RD_REQ_FLAG                                                          |                                       dbg_hub_xsdbm_v3_0_3_bus_ctl_flg |          5 |          5 |       0 |    0 |    2 |      0 |      0 |          0 |
|             U_TIMER                                                                |                                       dbg_hub_xsdbm_v3_0_3_bus_ctl_cnt |         61 |         61 |       0 |    0 |    8 |      0 |      0 |          0 |
|           U_XSDB_BUS_MSTR2SL_PORT_IFACE                                            |                                    dbg_hub_xsdbm_v3_0_3_bus_mstr2sl_if |         34 |         34 |       0 |    0 |   17 |      0 |      0 |          0 |
|             (U_XSDB_BUS_MSTR2SL_PORT_IFACE)                                        |                                    dbg_hub_xsdbm_v3_0_3_bus_mstr2sl_if |          2 |          2 |       0 |    0 |   17 |      0 |      0 |          0 |
|             U_RD_DIN_BUS_MUX                                                       |                                       dbg_hub_ltlib_v1_0_2_generic_mux |         32 |         32 |       0 |    0 |    0 |      0 |      0 |          0 |
|         CORE_XSDB.U_ICON                                                           |                                              dbg_hub_xsdbm_v3_0_3_icon |         17 |         17 |       0 |    0 |   28 |      0 |      0 |          0 |
|           (CORE_XSDB.U_ICON)                                                       |                                              dbg_hub_xsdbm_v3_0_3_icon |          1 |          1 |       0 |    0 |    3 |      0 |      0 |          0 |
|           U_CMD                                                                    |                                        dbg_hub_xsdbm_v3_0_3_cmd_decode |          9 |          9 |       0 |    0 |   10 |      0 |      0 |          0 |
|           U_STAT                                                                   |                                              dbg_hub_xsdbm_v3_0_3_stat |          5 |          5 |       0 |    0 |    7 |      0 |      0 |          0 |
|           U_SYNC                                                                   |                                              dbg_hub_xsdbm_v3_0_3_sync |          3 |          3 |       0 |    0 |    8 |      0 |      0 |          0 |
|         SWITCH_N_EXT_BSCAN.bscan_inst                                              |                                             dbg_hub_ltlib_v1_0_2_bscan |          0 |          0 |       0 |    0 |    0 |      0 |      0 |          0 |
|         SWITCH_N_EXT_BSCAN.bscan_switch                                            |                                      dbg_hub_xsdbm_v3_0_3_bscan_switch |        124 |        124 |       0 |    0 |  125 |      0 |      0 |          0 |
|   u_clk_gen                                                                        |                                                                clk_gen |          0 |          0 |       0 |    0 |    0 |      0 |      0 |          0 |
|     inst                                                                           |                                                        clk_gen_clk_wiz |          0 |          0 |       0 |    0 |    0 |      0 |      0 |          0 |
|   u_eth_rx                                                                         |                                                                gmii_rx |         26 |         26 |       0 |    0 |   15 |      0 |      0 |          0 |
|   u_gmii_inst                                                                      |                                                                gmii_tx |         87 |         87 |       0 |    0 |  166 |      0 |      0 |          0 |
|   u_ila_mdio                                                                       |                                                             u_ila_mdio |        872 |        766 |       0 |  106 | 1422 |      3 |      0 |          0 |
|     (u_ila_mdio)                                                                   |                                                             u_ila_mdio |          0 |          0 |       0 |    0 |    0 |      0 |      0 |          0 |
|     inst                                                                           |                                             u_ila_mdio_ila_v6_2_16_ila |        872 |        766 |       0 |  106 | 1422 |      3 |      0 |          0 |
|       (inst)                                                                       |                                             u_ila_mdio_ila_v6_2_16_ila |          1 |          1 |       0 |    0 |    6 |      0 |      0 |          0 |
|       ila_core_inst                                                                |                                        u_ila_mdio_ila_v6_2_16_ila_core |        871 |        765 |       0 |  106 | 1416 |      3 |      0 |          0 |
|         (ila_core_inst)                                                            |                                        u_ila_mdio_ila_v6_2_16_ila_core |         12 |          0 |       0 |   12 |   66 |      0 |      0 |          0 |
|         ila_trace_memory_inst                                                      |                                u_ila_mdio_ila_v6_2_16_ila_trace_memory |          0 |          0 |       0 |    0 |    0 |      3 |      0 |          0 |
|           SUBCORE_RAM_BLK_MEM_1.trace_block_memory                                 |                                          u_ila_mdio_blk_mem_gen_v8_4_9 |          0 |          0 |       0 |    0 |    0 |      3 |      0 |          0 |
|             inst_blk_mem_gen                                                       |                                    u_ila_mdio_blk_mem_gen_v8_4_9_synth |          0 |          0 |       0 |    0 |    0 |      3 |      0 |          0 |
|               gnbram.gnativebmg.native_blk_mem_gen                                 |                          u_ila_mdio_blk_mem_gen_v8_4_9_blk_mem_gen_top |          0 |          0 |       0 |    0 |    0 |      3 |      0 |          0 |
|                 valid.cstr                                                         |                 u_ila_mdio_blk_mem_gen_v8_4_9_blk_mem_gen_generic_cstr |          0 |          0 |       0 |    0 |    0 |      3 |      0 |          0 |
|                   ramloop[0].ram.r                                                 |                   u_ila_mdio_blk_mem_gen_v8_4_9_blk_mem_gen_prim_width |          0 |          0 |       0 |    0 |    0 |      1 |      0 |          0 |
|                     prim_noinit.ram                                                |                 u_ila_mdio_blk_mem_gen_v8_4_9_blk_mem_gen_prim_wrapper |          0 |          0 |       0 |    0 |    0 |      1 |      0 |          0 |
|                   ramloop[1].ram.r                                                 |   u_ila_mdio_blk_mem_gen_v8_4_9_blk_mem_gen_prim_width__parameterized0 |          0 |          0 |       0 |    0 |    0 |      1 |      0 |          0 |
|                     prim_noinit.ram                                                | u_ila_mdio_blk_mem_gen_v8_4_9_blk_mem_gen_prim_wrapper__parameterized0 |          0 |          0 |       0 |    0 |    0 |      1 |      0 |          0 |
|                   ramloop[2].ram.r                                                 |   u_ila_mdio_blk_mem_gen_v8_4_9_blk_mem_gen_prim_width__parameterized1 |          0 |          0 |       0 |    0 |    0 |      1 |      0 |          0 |
|                     prim_noinit.ram                                                | u_ila_mdio_blk_mem_gen_v8_4_9_blk_mem_gen_prim_wrapper__parameterized1 |          0 |          0 |       0 |    0 |    0 |      1 |      0 |          0 |
|         u_ila_cap_ctrl                                                             |                             u_ila_mdio_ila_v6_2_16_ila_cap_ctrl_legacy |         69 |         22 |       0 |   47 |  147 |      0 |      0 |          0 |
|           (u_ila_cap_ctrl)                                                         |                             u_ila_mdio_ila_v6_2_16_ila_cap_ctrl_legacy |          2 |          2 |       0 |    0 |    3 |      0 |      0 |          0 |
|           U_CDONE                                                                  |                        u_ila_mdio_ltlib_v1_0_2_cfglut6__parameterized0 |          3 |          1 |       0 |    2 |    1 |      0 |      0 |          0 |
|           U_NS0                                                                    |                                        u_ila_mdio_ltlib_v1_0_2_cfglut7 |          5 |          1 |       0 |    4 |    1 |      0 |      0 |          0 |
|           U_NS1                                                                    |                                     u_ila_mdio_ltlib_v1_0_2_cfglut7__1 |          5 |          1 |       0 |    4 |    1 |      0 |      0 |          0 |
|           u_cap_addrgen                                                            |                                 u_ila_mdio_ila_v6_2_16_ila_cap_addrgen |         54 |         17 |       0 |   37 |  141 |      0 |      0 |          0 |
|             (u_cap_addrgen)                                                        |                                 u_ila_mdio_ila_v6_2_16_ila_cap_addrgen |         13 |         12 |       0 |    1 |   78 |      0 |      0 |          0 |
|             U_CMPRESET                                                             |                                     u_ila_mdio_ltlib_v1_0_2_cfglut6__1 |          3 |          1 |       0 |    2 |    0 |      0 |      0 |          0 |
|             u_cap_sample_counter                                                   |                          u_ila_mdio_ila_v6_2_16_ila_cap_sample_counter |         16 |          3 |       0 |   13 |   25 |      0 |      0 |          0 |
|               (u_cap_sample_counter)                                               |                          u_ila_mdio_ila_v6_2_16_ila_cap_sample_counter |          2 |          2 |       0 |    0 |   13 |      0 |      0 |          0 |
|               U_SCE                                                                |                                     u_ila_mdio_ltlib_v1_0_2_cfglut4__1 |          1 |          0 |       0 |    1 |    0 |      0 |      0 |          0 |
|               U_SCMPCE                                                             |                                     u_ila_mdio_ltlib_v1_0_2_cfglut5__1 |          1 |          0 |       0 |    1 |    0 |      0 |      0 |          0 |
|               U_SCRST                                                              |                                        u_ila_mdio_ltlib_v1_0_2_cfglut6 |          3 |          1 |       0 |    2 |    0 |      0 |      0 |          0 |
|               u_scnt_cmp                                                           |                               u_ila_mdio_ltlib_v1_0_2_match_nodelay__1 |          9 |          0 |       0 |    9 |   12 |      0 |      0 |          0 |
|                 allx_typeA_match_detection.ltlib_v1_0_2_allx_typeA_inst            |                          u_ila_mdio_ltlib_v1_0_2_allx_typeA_nodelay_38 |          9 |          0 |       0 |    9 |   12 |      0 |      0 |          0 |
|                   (allx_typeA_match_detection.ltlib_v1_0_2_allx_typeA_inst)        |                          u_ila_mdio_ltlib_v1_0_2_allx_typeA_nodelay_38 |          0 |          0 |       0 |    0 |   12 |      0 |      0 |          0 |
|                   DUT                                                              |                   u_ila_mdio_ltlib_v1_0_2_all_typeA__parameterized1_39 |          9 |          0 |       0 |    9 |    0 |      0 |      0 |          0 |
|                     (DUT)                                                          |                   u_ila_mdio_ltlib_v1_0_2_all_typeA__parameterized1_39 |          1 |          0 |       0 |    1 |    0 |      0 |      0 |          0 |
|                     I_WHOLE_SLICE.G_SLICE_IDX[0].U_ALL_SRL_SLICE                   |             u_ila_mdio_ltlib_v1_0_2_all_typeA_slice__parameterized1_40 |          4 |          0 |       0 |    4 |    0 |      0 |      0 |          0 |
|                     I_WHOLE_SLICE.G_SLICE_IDX[1].U_ALL_SRL_SLICE                   |             u_ila_mdio_ltlib_v1_0_2_all_typeA_slice__parameterized2_41 |          4 |          0 |       0 |    4 |    0 |      0 |      0 |          0 |
|             u_cap_window_counter                                                   |                          u_ila_mdio_ila_v6_2_16_ila_cap_window_counter |         23 |          2 |       0 |   21 |   38 |      0 |      0 |          0 |
|               (u_cap_window_counter)                                               |                          u_ila_mdio_ila_v6_2_16_ila_cap_window_counter |          2 |          2 |       0 |    0 |   14 |      0 |      0 |          0 |
|               U_WCE                                                                |                                        u_ila_mdio_ltlib_v1_0_2_cfglut4 |          1 |          0 |       0 |    1 |    0 |      0 |      0 |          0 |
|               U_WHCMPCE                                                            |                                        u_ila_mdio_ltlib_v1_0_2_cfglut5 |          1 |          0 |       0 |    1 |    0 |      0 |      0 |          0 |
|               U_WLCMPCE                                                            |                                     u_ila_mdio_ltlib_v1_0_2_cfglut5__2 |          1 |          0 |       0 |    1 |    0 |      0 |      0 |          0 |
|               u_wcnt_hcmp                                                          |                                  u_ila_mdio_ltlib_v1_0_2_match_nodelay |          9 |          0 |       0 |    9 |   12 |      0 |      0 |          0 |
|                 allx_typeA_match_detection.ltlib_v1_0_2_allx_typeA_inst            |                             u_ila_mdio_ltlib_v1_0_2_allx_typeA_nodelay |          9 |          0 |       0 |    9 |   12 |      0 |      0 |          0 |
|                   (allx_typeA_match_detection.ltlib_v1_0_2_allx_typeA_inst)        |                             u_ila_mdio_ltlib_v1_0_2_allx_typeA_nodelay |          0 |          0 |       0 |    0 |   12 |      0 |      0 |          0 |
|                   DUT                                                              |                      u_ila_mdio_ltlib_v1_0_2_all_typeA__parameterized1 |          9 |          0 |       0 |    9 |    0 |      0 |      0 |          0 |
|                     (DUT)                                                          |                      u_ila_mdio_ltlib_v1_0_2_all_typeA__parameterized1 |          1 |          0 |       0 |    1 |    0 |      0 |      0 |          0 |
|                     I_WHOLE_SLICE.G_SLICE_IDX[0].U_ALL_SRL_SLICE                   |                u_ila_mdio_ltlib_v1_0_2_all_typeA_slice__parameterized1 |          4 |          0 |       0 |    4 |    0 |      0 |      0 |          0 |
|                     I_WHOLE_SLICE.G_SLICE_IDX[1].U_ALL_SRL_SLICE                   |                u_ila_mdio_ltlib_v1_0_2_all_typeA_slice__parameterized2 |          4 |          0 |       0 |    4 |    0 |      0 |      0 |          0 |
|               u_wcnt_lcmp                                                          |                               u_ila_mdio_ltlib_v1_0_2_match_nodelay__2 |          9 |          0 |       0 |    9 |   12 |      0 |      0 |          0 |
|                 allx_typeA_match_detection.ltlib_v1_0_2_allx_typeA_inst            |                          u_ila_mdio_ltlib_v1_0_2_allx_typeA_nodelay_34 |          9 |          0 |       0 |    9 |   12 |      0 |      0 |          0 |
|                   (allx_typeA_match_detection.ltlib_v1_0_2_allx_typeA_inst)        |                          u_ila_mdio_ltlib_v1_0_2_allx_typeA_nodelay_34 |          0 |          0 |       0 |    0 |   12 |      0 |      0 |          0 |
|                   DUT                                                              |                   u_ila_mdio_ltlib_v1_0_2_all_typeA__parameterized1_35 |          9 |          0 |       0 |    9 |    0 |      0 |      0 |          0 |
|                     (DUT)                                                          |                   u_ila_mdio_ltlib_v1_0_2_all_typeA__parameterized1_35 |          1 |          0 |       0 |    1 |    0 |      0 |      0 |          0 |
|                     I_WHOLE_SLICE.G_SLICE_IDX[0].U_ALL_SRL_SLICE                   |             u_ila_mdio_ltlib_v1_0_2_all_typeA_slice__parameterized1_36 |          4 |          0 |       0 |    4 |    0 |      0 |      0 |          0 |
|                     I_WHOLE_SLICE.G_SLICE_IDX[1].U_ALL_SRL_SLICE                   |             u_ila_mdio_ltlib_v1_0_2_all_typeA_slice__parameterized2_37 |          4 |          0 |       0 |    4 |    0 |      0 |      0 |          0 |
|         u_ila_regs                                                                 |                                    u_ila_mdio_ila_v6_2_16_ila_register |        686 |        685 |       0 |    1 | 1052 |      0 |      0 |          0 |
|           (u_ila_regs)                                                             |                                    u_ila_mdio_ila_v6_2_16_ila_register |        286 |        285 |       0 |    1 |  160 |      0 |      0 |          0 |
|           MU_SRL[0].mu_srl_reg                                                     |                                        u_ila_mdio_xsdbs_v1_0_4_reg_p2s |         32 |         32 |       0 |    0 |   43 |      0 |      0 |          0 |
|           MU_SRL[1].mu_srl_reg                                                     |                        u_ila_mdio_xsdbs_v1_0_4_reg_p2s__parameterized0 |         32 |         32 |       0 |    0 |   43 |      0 |      0 |          0 |
|           MU_SRL[2].mu_srl_reg                                                     |                        u_ila_mdio_xsdbs_v1_0_4_reg_p2s__parameterized1 |         32 |         32 |       0 |    0 |   43 |      0 |      0 |          0 |
|           MU_SRL[3].mu_srl_reg                                                     |                        u_ila_mdio_xsdbs_v1_0_4_reg_p2s__parameterized2 |         32 |         32 |       0 |    0 |   43 |      0 |      0 |          0 |
|           MU_SRL[4].mu_srl_reg                                                     |                        u_ila_mdio_xsdbs_v1_0_4_reg_p2s__parameterized3 |         32 |         32 |       0 |    0 |   43 |      0 |      0 |          0 |
|           MU_SRL[5].mu_srl_reg                                                     |                        u_ila_mdio_xsdbs_v1_0_4_reg_p2s__parameterized4 |         32 |         32 |       0 |    0 |   43 |      0 |      0 |          0 |
|           MU_SRL[6].mu_srl_reg                                                     |                        u_ila_mdio_xsdbs_v1_0_4_reg_p2s__parameterized5 |         32 |         32 |       0 |    0 |   43 |      0 |      0 |          0 |
|           TC_SRL[0].tc_srl_reg                                                     |                        u_ila_mdio_xsdbs_v1_0_4_reg_p2s__parameterized6 |         32 |         32 |       0 |    0 |   43 |      0 |      0 |          0 |
|           U_XSDB_SLAVE                                                             |                                          u_ila_mdio_xsdbs_v1_0_4_xsdbs |         76 |         76 |       0 |    0 |  213 |      0 |      0 |          0 |
|           reg_15                                                                   |                           u_ila_mdio_xsdbs_v1_0_4_reg__parameterized38 |          3 |          3 |       0 |    0 |   16 |      0 |      0 |          0 |
|             I_EN_CTL_EQ1.U_CTL                                                     |                                     u_ila_mdio_xsdbs_v1_0_4_reg_ctl_30 |          3 |          3 |       0 |    0 |   16 |      0 |      0 |          0 |
|           reg_16                                                                   |                           u_ila_mdio_xsdbs_v1_0_4_reg__parameterized39 |          3 |          3 |       0 |    0 |   16 |      0 |      0 |          0 |
|             I_EN_CTL_EQ1.U_CTL                                                     |                                     u_ila_mdio_xsdbs_v1_0_4_reg_ctl_29 |          3 |          3 |       0 |    0 |   16 |      0 |      0 |          0 |
|           reg_17                                                                   |                           u_ila_mdio_xsdbs_v1_0_4_reg__parameterized40 |          3 |          3 |       0 |    0 |   16 |      0 |      0 |          0 |
|             I_EN_CTL_EQ1.U_CTL                                                     |                                     u_ila_mdio_xsdbs_v1_0_4_reg_ctl_28 |          3 |          3 |       0 |    0 |   16 |      0 |      0 |          0 |
|           reg_18                                                                   |                           u_ila_mdio_xsdbs_v1_0_4_reg__parameterized41 |          3 |          3 |       0 |    0 |   16 |      0 |      0 |          0 |
|             I_EN_CTL_EQ1.U_CTL                                                     |                                     u_ila_mdio_xsdbs_v1_0_4_reg_ctl_27 |          3 |          3 |       0 |    0 |   16 |      0 |      0 |          0 |
|           reg_19                                                                   |                           u_ila_mdio_xsdbs_v1_0_4_reg__parameterized42 |          3 |          3 |       0 |    0 |   16 |      0 |      0 |          0 |
|             I_EN_CTL_EQ1.U_CTL                                                     |                                     u_ila_mdio_xsdbs_v1_0_4_reg_ctl_26 |          3 |          3 |       0 |    0 |   16 |      0 |      0 |          0 |
|           reg_1a                                                                   |                           u_ila_mdio_xsdbs_v1_0_4_reg__parameterized43 |          3 |          3 |       0 |    0 |   16 |      0 |      0 |          0 |
|             I_EN_CTL_EQ1.U_CTL                                                     |                     u_ila_mdio_xsdbs_v1_0_4_reg_ctl__parameterized1_25 |          3 |          3 |       0 |    0 |   16 |      0 |      0 |          0 |
|           reg_6                                                                    |                           u_ila_mdio_xsdbs_v1_0_4_reg__parameterized23 |          3 |          3 |       0 |    0 |   16 |      0 |      0 |          0 |
|             I_EN_CTL_EQ1.U_CTL                                                     |                                     u_ila_mdio_xsdbs_v1_0_4_reg_ctl_33 |          3 |          3 |       0 |    0 |   16 |      0 |      0 |          0 |
|           reg_7                                                                    |                           u_ila_mdio_xsdbs_v1_0_4_reg__parameterized24 |          3 |          3 |       0 |    0 |   16 |      0 |      0 |          0 |
|             I_EN_CTL_EQ1.U_CTL                                                     |                        u_ila_mdio_xsdbs_v1_0_4_reg_ctl__parameterized0 |          3 |          3 |       0 |    0 |   16 |      0 |      0 |          0 |
|           reg_8                                                                    |                           u_ila_mdio_xsdbs_v1_0_4_reg__parameterized25 |          0 |          0 |       0 |    0 |    5 |      0 |      0 |          0 |
|             I_EN_STAT_EQ1.U_STAT                                                   |                                    u_ila_mdio_xsdbs_v1_0_4_reg_stat_32 |          0 |          0 |       0 |    0 |    5 |      0 |      0 |          0 |
|           reg_80                                                                   |                           u_ila_mdio_xsdbs_v1_0_4_reg__parameterized44 |          3 |          3 |       0 |    0 |   16 |      0 |      0 |          0 |
|             I_EN_CTL_EQ1.U_CTL                                                     |                     u_ila_mdio_xsdbs_v1_0_4_reg_ctl__parameterized1_24 |          3 |          3 |       0 |    0 |   16 |      0 |      0 |          0 |
|           reg_81                                                                   |                           u_ila_mdio_xsdbs_v1_0_4_reg__parameterized45 |          3 |          3 |       0 |    0 |   16 |      0 |      0 |          0 |
|             I_EN_CTL_EQ1.U_CTL                                                     |                                     u_ila_mdio_xsdbs_v1_0_4_reg_ctl_23 |          3 |          3 |       0 |    0 |   16 |      0 |      0 |          0 |
|           reg_82                                                                   |                           u_ila_mdio_xsdbs_v1_0_4_reg__parameterized46 |          3 |          3 |       0 |    0 |   16 |      0 |      0 |          0 |
|             I_EN_CTL_EQ1.U_CTL                                                     |                        u_ila_mdio_xsdbs_v1_0_4_reg_ctl__parameterized1 |          3 |          3 |       0 |    0 |   16 |      0 |      0 |          0 |
|           reg_83                                                                   |                           u_ila_mdio_xsdbs_v1_0_4_reg__parameterized47 |          3 |          3 |       0 |    0 |   16 |      0 |      0 |          0 |
|             I_EN_CTL_EQ1.U_CTL                                                     |                                     u_ila_mdio_xsdbs_v1_0_4_reg_ctl_22 |          3 |          3 |       0 |    0 |   16 |      0 |      0 |          0 |
|           reg_84                                                                   |                           u_ila_mdio_xsdbs_v1_0_4_reg__parameterized48 |          3 |          3 |       0 |    0 |   16 |      0 |      0 |          0 |
|             I_EN_CTL_EQ1.U_CTL                                                     |                                     u_ila_mdio_xsdbs_v1_0_4_reg_ctl_21 |          3 |          3 |       0 |    0 |   16 |      0 |      0 |          0 |
|           reg_85                                                                   |                           u_ila_mdio_xsdbs_v1_0_4_reg__parameterized49 |          3 |          3 |       0 |    0 |   16 |      0 |      0 |          0 |
|             I_EN_CTL_EQ1.U_CTL                                                     |                                     u_ila_mdio_xsdbs_v1_0_4_reg_ctl_20 |          3 |          3 |       0 |    0 |   16 |      0 |      0 |          0 |
|           reg_887                                                                  |                           u_ila_mdio_xsdbs_v1_0_4_reg__parameterized51 |          1 |          1 |       0 |    0 |    1 |      0 |      0 |          0 |
|             I_EN_STAT_EQ1.U_STAT                                                   |                                    u_ila_mdio_xsdbs_v1_0_4_reg_stat_19 |          1 |          1 |       0 |    0 |    1 |      0 |      0 |          0 |
|           reg_88d                                                                  |                           u_ila_mdio_xsdbs_v1_0_4_reg__parameterized53 |          0 |          0 |       0 |    0 |    2 |      0 |      0 |          0 |
|             I_EN_STAT_EQ1.U_STAT                                                   |                                    u_ila_mdio_xsdbs_v1_0_4_reg_stat_18 |          0 |          0 |       0 |    0 |    2 |      0 |      0 |          0 |
|           reg_890                                                                  |                           u_ila_mdio_xsdbs_v1_0_4_reg__parameterized56 |          0 |          0 |       0 |    0 |   16 |      0 |      0 |          0 |
|             (reg_890)                                                              |                           u_ila_mdio_xsdbs_v1_0_4_reg__parameterized56 |          0 |          0 |       0 |    0 |    0 |      0 |      0 |          0 |
|             I_EN_STAT_EQ1.U_STAT                                                   |                                    u_ila_mdio_xsdbs_v1_0_4_reg_stat_17 |          0 |          0 |       0 |    0 |   16 |      0 |      0 |          0 |
|           reg_9                                                                    |                           u_ila_mdio_xsdbs_v1_0_4_reg__parameterized26 |          0 |          0 |       0 |    0 |   12 |      0 |      0 |          0 |
|             I_EN_STAT_EQ1.U_STAT                                                   |                                    u_ila_mdio_xsdbs_v1_0_4_reg_stat_31 |          0 |          0 |       0 |    0 |   12 |      0 |      0 |          0 |
|           reg_srl_fff                                                              |                        u_ila_mdio_xsdbs_v1_0_4_reg_p2s__parameterized7 |         32 |         32 |       0 |    0 |   43 |      0 |      0 |          0 |
|           reg_stream_ffd                                                           |                                     u_ila_mdio_xsdbs_v1_0_4_reg_stream |          3 |          3 |       0 |    0 |   16 |      0 |      0 |          0 |
|             I_EN_CTL_EQ1.U_CTL                                                     |                                        u_ila_mdio_xsdbs_v1_0_4_reg_ctl |          3 |          3 |       0 |    0 |   16 |      0 |      0 |          0 |
|           reg_stream_ffe                                                           |                     u_ila_mdio_xsdbs_v1_0_4_reg_stream__parameterized0 |          3 |          3 |       0 |    0 |   16 |      0 |      0 |          0 |
|             (reg_stream_ffe)                                                       |                     u_ila_mdio_xsdbs_v1_0_4_reg_stream__parameterized0 |          3 |          3 |       0 |    0 |    0 |      0 |      0 |          0 |
|             I_EN_STAT_EQ1.U_STAT                                                   |                                       u_ila_mdio_xsdbs_v1_0_4_reg_stat |          0 |          0 |       0 |    0 |   16 |      0 |      0 |          0 |
|         u_ila_reset_ctrl                                                           |                                  u_ila_mdio_ila_v6_2_16_ila_reset_ctrl |          9 |          9 |       0 |    0 |   34 |      0 |      0 |          0 |
|           (u_ila_reset_ctrl)                                                       |                                  u_ila_mdio_ila_v6_2_16_ila_reset_ctrl |          3 |          3 |       0 |    0 |    8 |      0 |      0 |          0 |
|           arm_detection_inst                                                       |                          u_ila_mdio_ltlib_v1_0_2_rising_edge_detection |          1 |          1 |       0 |    0 |    3 |      0 |      0 |          0 |
|           asyncrounous_transfer.arm_in_transfer_inst                               |                             u_ila_mdio_ltlib_v1_0_2_async_edge_xfer__2 |          1 |          1 |       0 |    0 |    5 |      0 |      0 |          0 |
|           asyncrounous_transfer.arm_out_transfer_inst                              |                             u_ila_mdio_ltlib_v1_0_2_async_edge_xfer__3 |          1 |          1 |       0 |    0 |    5 |      0 |      0 |          0 |
|           asyncrounous_transfer.halt_in_transfer_inst                              |                             u_ila_mdio_ltlib_v1_0_2_async_edge_xfer__1 |          1 |          1 |       0 |    0 |    5 |      0 |      0 |          0 |
|           asyncrounous_transfer.halt_out_transfer_inst                             |                                u_ila_mdio_ltlib_v1_0_2_async_edge_xfer |          1 |          1 |       0 |    0 |    5 |      0 |      0 |          0 |
|           halt_detection_inst                                                      |                       u_ila_mdio_ltlib_v1_0_2_rising_edge_detection__1 |          1 |          1 |       0 |    0 |    3 |      0 |      0 |          0 |
|         u_trig                                                                     |                                     u_ila_mdio_ila_v6_2_16_ila_trigger |         57 |         13 |       0 |   44 |   70 |      0 |      0 |          0 |
|           (u_trig)                                                                 |                                     u_ila_mdio_ila_v6_2_16_ila_trigger |          1 |          1 |       0 |    0 |    1 |      0 |      0 |          0 |
|           N_DDR_TC.N_DDR_TC_INST[0].U_TC                                           |                                          u_ila_mdio_ltlib_v1_0_2_match |          5 |          0 |       0 |    5 |    9 |      0 |      0 |          0 |
|             (N_DDR_TC.N_DDR_TC_INST[0].U_TC)                                       |                                          u_ila_mdio_ltlib_v1_0_2_match |          0 |          0 |       0 |    0 |    1 |      0 |      0 |          0 |
|             allx_typeA_match_detection.ltlib_v1_0_2_allx_typeA_inst                |                                     u_ila_mdio_ltlib_v1_0_2_allx_typeA |          5 |          0 |       0 |    5 |    8 |      0 |      0 |          0 |
|               (allx_typeA_match_detection.ltlib_v1_0_2_allx_typeA_inst)            |                                     u_ila_mdio_ltlib_v1_0_2_allx_typeA |          0 |          0 |       0 |    0 |    7 |      0 |      0 |          0 |
|               DUT                                                                  |                                   u_ila_mdio_ltlib_v1_0_2_all_typeA_15 |          5 |          0 |       0 |    5 |    1 |      0 |      0 |          0 |
|                 (DUT)                                                              |                                   u_ila_mdio_ltlib_v1_0_2_all_typeA_15 |          1 |          0 |       0 |    1 |    0 |      0 |      0 |          0 |
|                 I_WHOLE_SLICE.G_SLICE_IDX[0].U_ALL_SRL_SLICE                       |                             u_ila_mdio_ltlib_v1_0_2_all_typeA_slice_16 |          4 |          0 |       0 |    4 |    1 |      0 |      0 |          0 |
|           U_TM                                                                     |                                  u_ila_mdio_ila_v6_2_16_ila_trig_match |         51 |         12 |       0 |   39 |   60 |      0 |      0 |          0 |
|             (U_TM)                                                                 |                                  u_ila_mdio_ila_v6_2_16_ila_trig_match |         12 |         12 |       0 |    0 |    0 |      0 |      0 |          0 |
|             N_DDR_MODE.G_NMU[0].U_M                                                |                       u_ila_mdio_ltlib_v1_0_2_match__parameterized0__1 |          5 |          0 |       0 |    5 |    4 |      0 |      0 |          0 |
|               (N_DDR_MODE.G_NMU[0].U_M)                                            |                       u_ila_mdio_ltlib_v1_0_2_match__parameterized0__1 |          0 |          0 |       0 |    0 |    1 |      0 |      0 |          0 |
|               allx_typeA_match_detection.ltlib_v1_0_2_allx_typeA_inst              |                  u_ila_mdio_ltlib_v1_0_2_allx_typeA__parameterized0_12 |          5 |          0 |       0 |    5 |    3 |      0 |      0 |          0 |
|                 (allx_typeA_match_detection.ltlib_v1_0_2_allx_typeA_inst)          |                  u_ila_mdio_ltlib_v1_0_2_allx_typeA__parameterized0_12 |          0 |          0 |       0 |    0 |    2 |      0 |      0 |          0 |
|                 DUT                                                                |                                   u_ila_mdio_ltlib_v1_0_2_all_typeA_13 |          5 |          0 |       0 |    5 |    1 |      0 |      0 |          0 |
|                   (DUT)                                                            |                                   u_ila_mdio_ltlib_v1_0_2_all_typeA_13 |          1 |          0 |       0 |    1 |    0 |      0 |      0 |          0 |
|                   I_WHOLE_SLICE.G_SLICE_IDX[0].U_ALL_SRL_SLICE                     |                             u_ila_mdio_ltlib_v1_0_2_all_typeA_slice_14 |          4 |          0 |       0 |    4 |    1 |      0 |      0 |          0 |
|             N_DDR_MODE.G_NMU[1].U_M                                                |                       u_ila_mdio_ltlib_v1_0_2_match__parameterized0__2 |          5 |          0 |       0 |    5 |    4 |      0 |      0 |          0 |
|               (N_DDR_MODE.G_NMU[1].U_M)                                            |                       u_ila_mdio_ltlib_v1_0_2_match__parameterized0__2 |          0 |          0 |       0 |    0 |    1 |      0 |      0 |          0 |
|               allx_typeA_match_detection.ltlib_v1_0_2_allx_typeA_inst              |                   u_ila_mdio_ltlib_v1_0_2_allx_typeA__parameterized0_9 |          5 |          0 |       0 |    5 |    3 |      0 |      0 |          0 |
|                 (allx_typeA_match_detection.ltlib_v1_0_2_allx_typeA_inst)          |                   u_ila_mdio_ltlib_v1_0_2_allx_typeA__parameterized0_9 |          0 |          0 |       0 |    0 |    2 |      0 |      0 |          0 |
|                 DUT                                                                |                                   u_ila_mdio_ltlib_v1_0_2_all_typeA_10 |          5 |          0 |       0 |    5 |    1 |      0 |      0 |          0 |
|                   (DUT)                                                            |                                   u_ila_mdio_ltlib_v1_0_2_all_typeA_10 |          1 |          0 |       0 |    1 |    0 |      0 |      0 |          0 |
|                   I_WHOLE_SLICE.G_SLICE_IDX[0].U_ALL_SRL_SLICE                     |                             u_ila_mdio_ltlib_v1_0_2_all_typeA_slice_11 |          4 |          0 |       0 |    4 |    1 |      0 |      0 |          0 |
|             N_DDR_MODE.G_NMU[2].U_M                                                |                       u_ila_mdio_ltlib_v1_0_2_match__parameterized0__3 |          5 |          0 |       0 |    5 |    4 |      0 |      0 |          0 |
|               (N_DDR_MODE.G_NMU[2].U_M)                                            |                       u_ila_mdio_ltlib_v1_0_2_match__parameterized0__3 |          0 |          0 |       0 |    0 |    1 |      0 |      0 |          0 |
|               allx_typeA_match_detection.ltlib_v1_0_2_allx_typeA_inst              |                   u_ila_mdio_ltlib_v1_0_2_allx_typeA__parameterized0_6 |          5 |          0 |       0 |    5 |    3 |      0 |      0 |          0 |
|                 (allx_typeA_match_detection.ltlib_v1_0_2_allx_typeA_inst)          |                   u_ila_mdio_ltlib_v1_0_2_allx_typeA__parameterized0_6 |          0 |          0 |       0 |    0 |    2 |      0 |      0 |          0 |
|                 DUT                                                                |                                    u_ila_mdio_ltlib_v1_0_2_all_typeA_7 |          5 |          0 |       0 |    5 |    1 |      0 |      0 |          0 |
|                   (DUT)                                                            |                                    u_ila_mdio_ltlib_v1_0_2_all_typeA_7 |          1 |          0 |       0 |    1 |    0 |      0 |      0 |          0 |
|                   I_WHOLE_SLICE.G_SLICE_IDX[0].U_ALL_SRL_SLICE                     |                              u_ila_mdio_ltlib_v1_0_2_all_typeA_slice_8 |          4 |          0 |       0 |    4 |    1 |      0 |      0 |          0 |
|             N_DDR_MODE.G_NMU[3].U_M                                                |                          u_ila_mdio_ltlib_v1_0_2_match__parameterized1 |          5 |          0 |       0 |    5 |    6 |      0 |      0 |          0 |
|               (N_DDR_MODE.G_NMU[3].U_M)                                            |                          u_ila_mdio_ltlib_v1_0_2_match__parameterized1 |          0 |          0 |       0 |    0 |    1 |      0 |      0 |          0 |
|               allx_typeA_match_detection.ltlib_v1_0_2_allx_typeA_inst              |                     u_ila_mdio_ltlib_v1_0_2_allx_typeA__parameterized1 |          5 |          0 |       0 |    5 |    5 |      0 |      0 |          0 |
|                 (allx_typeA_match_detection.ltlib_v1_0_2_allx_typeA_inst)          |                     u_ila_mdio_ltlib_v1_0_2_allx_typeA__parameterized1 |          0 |          0 |       0 |    0 |    4 |      0 |      0 |          0 |
|                 DUT                                                                |                                    u_ila_mdio_ltlib_v1_0_2_all_typeA_4 |          5 |          0 |       0 |    5 |    1 |      0 |      0 |          0 |
|                   (DUT)                                                            |                                    u_ila_mdio_ltlib_v1_0_2_all_typeA_4 |          1 |          0 |       0 |    1 |    0 |      0 |      0 |          0 |
|                   I_WHOLE_SLICE.G_SLICE_IDX[0].U_ALL_SRL_SLICE                     |                              u_ila_mdio_ltlib_v1_0_2_all_typeA_slice_5 |          4 |          0 |       0 |    4 |    1 |      0 |      0 |          0 |
|             N_DDR_MODE.G_NMU[4].U_M                                                |                          u_ila_mdio_ltlib_v1_0_2_match__parameterized2 |          9 |          0 |       0 |    9 |   34 |      0 |      0 |          0 |
|               (N_DDR_MODE.G_NMU[4].U_M)                                            |                          u_ila_mdio_ltlib_v1_0_2_match__parameterized2 |          0 |          0 |       0 |    0 |    1 |      0 |      0 |          0 |
|               allx_typeA_match_detection.ltlib_v1_0_2_allx_typeA_inst              |                     u_ila_mdio_ltlib_v1_0_2_allx_typeA__parameterized2 |          9 |          0 |       0 |    9 |   33 |      0 |      0 |          0 |
|                 (allx_typeA_match_detection.ltlib_v1_0_2_allx_typeA_inst)          |                     u_ila_mdio_ltlib_v1_0_2_allx_typeA__parameterized2 |          0 |          0 |       0 |    0 |   32 |      0 |      0 |          0 |
|                 DUT                                                                |                      u_ila_mdio_ltlib_v1_0_2_all_typeA__parameterized0 |          9 |          0 |       0 |    9 |    1 |      0 |      0 |          0 |
|                   (DUT)                                                            |                      u_ila_mdio_ltlib_v1_0_2_all_typeA__parameterized0 |          1 |          0 |       0 |    1 |    0 |      0 |      0 |          0 |
|                   I_WHOLE_SLICE.G_SLICE_IDX[0].U_ALL_SRL_SLICE                     |                u_ila_mdio_ltlib_v1_0_2_all_typeA_slice__parameterized0 |          4 |          0 |       0 |    4 |    0 |      0 |      0 |          0 |
|                   I_WHOLE_SLICE.G_SLICE_IDX[1].U_ALL_SRL_SLICE                     |                              u_ila_mdio_ltlib_v1_0_2_all_typeA_slice_3 |          4 |          0 |       0 |    4 |    1 |      0 |      0 |          0 |
|             N_DDR_MODE.G_NMU[5].U_M                                                |                       u_ila_mdio_ltlib_v1_0_2_match__parameterized0__4 |          5 |          0 |       0 |    5 |    4 |      0 |      0 |          0 |
|               (N_DDR_MODE.G_NMU[5].U_M)                                            |                       u_ila_mdio_ltlib_v1_0_2_match__parameterized0__4 |          0 |          0 |       0 |    0 |    1 |      0 |      0 |          0 |
|               allx_typeA_match_detection.ltlib_v1_0_2_allx_typeA_inst              |                   u_ila_mdio_ltlib_v1_0_2_allx_typeA__parameterized0_0 |          5 |          0 |       0 |    5 |    3 |      0 |      0 |          0 |
|                 (allx_typeA_match_detection.ltlib_v1_0_2_allx_typeA_inst)          |                   u_ila_mdio_ltlib_v1_0_2_allx_typeA__parameterized0_0 |          0 |          0 |       0 |    0 |    2 |      0 |      0 |          0 |
|                 DUT                                                                |                                    u_ila_mdio_ltlib_v1_0_2_all_typeA_1 |          5 |          0 |       0 |    5 |    1 |      0 |      0 |          0 |
|                   (DUT)                                                            |                                    u_ila_mdio_ltlib_v1_0_2_all_typeA_1 |          1 |          0 |       0 |    1 |    0 |      0 |      0 |          0 |
|                   I_WHOLE_SLICE.G_SLICE_IDX[0].U_ALL_SRL_SLICE                     |                              u_ila_mdio_ltlib_v1_0_2_all_typeA_slice_2 |          4 |          0 |       0 |    4 |    1 |      0 |      0 |          0 |
|             N_DDR_MODE.G_NMU[6].U_M                                                |                          u_ila_mdio_ltlib_v1_0_2_match__parameterized0 |          5 |          0 |       0 |    5 |    4 |      0 |      0 |          0 |
|               (N_DDR_MODE.G_NMU[6].U_M)                                            |                          u_ila_mdio_ltlib_v1_0_2_match__parameterized0 |          0 |          0 |       0 |    0 |    1 |      0 |      0 |          0 |
|               allx_typeA_match_detection.ltlib_v1_0_2_allx_typeA_inst              |                     u_ila_mdio_ltlib_v1_0_2_allx_typeA__parameterized0 |          5 |          0 |       0 |    5 |    3 |      0 |      0 |          0 |
|                 (allx_typeA_match_detection.ltlib_v1_0_2_allx_typeA_inst)          |                     u_ila_mdio_ltlib_v1_0_2_allx_typeA__parameterized0 |          0 |          0 |       0 |    0 |    2 |      0 |      0 |          0 |
|                 DUT                                                                |                                      u_ila_mdio_ltlib_v1_0_2_all_typeA |          5 |          0 |       0 |    5 |    1 |      0 |      0 |          0 |
|                   (DUT)                                                            |                                      u_ila_mdio_ltlib_v1_0_2_all_typeA |          1 |          0 |       0 |    1 |    0 |      0 |      0 |          0 |
|                   I_WHOLE_SLICE.G_SLICE_IDX[0].U_ALL_SRL_SLICE                     |                                u_ila_mdio_ltlib_v1_0_2_all_typeA_slice |          4 |          0 |       0 |    4 |    1 |      0 |      0 |          0 |
|         xsdb_memory_read_inst                                                      |                                  u_ila_mdio_ltlib_v1_0_2_generic_memrd |         38 |         36 |       0 |    2 |   47 |      0 |      0 |          0 |
|   u_ila_rx                                                                         |                                                               u_ila_rx |        717 |        634 |       0 |   83 | 1233 |      2 |      0 |          0 |
|     (u_ila_rx)                                                                     |                                                               u_ila_rx |          0 |          0 |       0 |    0 |    0 |      0 |      0 |          0 |
|     inst                                                                           |                                               u_ila_rx_ila_v6_2_16_ila |        717 |        634 |       0 |   83 | 1233 |      2 |      0 |          0 |
|       (inst)                                                                       |                                               u_ila_rx_ila_v6_2_16_ila |          1 |          1 |       0 |    0 |    6 |      0 |      0 |          0 |
|       ila_core_inst                                                                |                                          u_ila_rx_ila_v6_2_16_ila_core |        716 |        633 |       0 |   83 | 1227 |      2 |      0 |          0 |
|         (ila_core_inst)                                                            |                                          u_ila_rx_ila_v6_2_16_ila_core |          8 |          0 |       0 |    8 |   50 |      0 |      0 |          0 |
|         ila_trace_memory_inst                                                      |                                  u_ila_rx_ila_v6_2_16_ila_trace_memory |          0 |          0 |       0 |    0 |    0 |      2 |      0 |          0 |
|           SUBCORE_RAM_BLK_MEM_1.trace_block_memory                                 |                                            u_ila_rx_blk_mem_gen_v8_4_9 |          0 |          0 |       0 |    0 |    0 |      2 |      0 |          0 |
|             inst_blk_mem_gen                                                       |                                      u_ila_rx_blk_mem_gen_v8_4_9_synth |          0 |          0 |       0 |    0 |    0 |      2 |      0 |          0 |
|               gnbram.gnativebmg.native_blk_mem_gen                                 |                            u_ila_rx_blk_mem_gen_v8_4_9_blk_mem_gen_top |          0 |          0 |       0 |    0 |    0 |      2 |      0 |          0 |
|                 valid.cstr                                                         |                   u_ila_rx_blk_mem_gen_v8_4_9_blk_mem_gen_generic_cstr |          0 |          0 |       0 |    0 |    0 |      2 |      0 |          0 |
|                   ramloop[0].ram.r                                                 |                     u_ila_rx_blk_mem_gen_v8_4_9_blk_mem_gen_prim_width |          0 |          0 |       0 |    0 |    0 |      1 |      0 |          0 |
|                     prim_noinit.ram                                                |                   u_ila_rx_blk_mem_gen_v8_4_9_blk_mem_gen_prim_wrapper |          0 |          0 |       0 |    0 |    0 |      1 |      0 |          0 |
|                   ramloop[1].ram.r                                                 |     u_ila_rx_blk_mem_gen_v8_4_9_blk_mem_gen_prim_width__parameterized0 |          0 |          0 |       0 |    0 |    0 |      1 |      0 |          0 |
|                     prim_noinit.ram                                                |   u_ila_rx_blk_mem_gen_v8_4_9_blk_mem_gen_prim_wrapper__parameterized0 |          0 |          0 |       0 |    0 |    0 |      1 |      0 |          0 |
|         u_ila_cap_ctrl                                                             |                               u_ila_rx_ila_v6_2_16_ila_cap_ctrl_legacy |         69 |         22 |       0 |   47 |  147 |      0 |      0 |          0 |
|           (u_ila_cap_ctrl)                                                         |                               u_ila_rx_ila_v6_2_16_ila_cap_ctrl_legacy |          2 |          2 |       0 |    0 |    3 |      0 |      0 |          0 |
|           U_CDONE                                                                  |                          u_ila_rx_ltlib_v1_0_2_cfglut6__parameterized0 |          3 |          1 |       0 |    2 |    1 |      0 |      0 |          0 |
|           U_NS0                                                                    |                                          u_ila_rx_ltlib_v1_0_2_cfglut7 |          5 |          1 |       0 |    4 |    1 |      0 |      0 |          0 |
|           U_NS1                                                                    |                                       u_ila_rx_ltlib_v1_0_2_cfglut7__1 |          5 |          1 |       0 |    4 |    1 |      0 |      0 |          0 |
|           u_cap_addrgen                                                            |                                   u_ila_rx_ila_v6_2_16_ila_cap_addrgen |         54 |         17 |       0 |   37 |  141 |      0 |      0 |          0 |
|             (u_cap_addrgen)                                                        |                                   u_ila_rx_ila_v6_2_16_ila_cap_addrgen |         13 |         12 |       0 |    1 |   78 |      0 |      0 |          0 |
|             U_CMPRESET                                                             |                                       u_ila_rx_ltlib_v1_0_2_cfglut6__1 |          3 |          1 |       0 |    2 |    0 |      0 |      0 |          0 |
|             u_cap_sample_counter                                                   |                            u_ila_rx_ila_v6_2_16_ila_cap_sample_counter |         16 |          3 |       0 |   13 |   25 |      0 |      0 |          0 |
|               (u_cap_sample_counter)                                               |                            u_ila_rx_ila_v6_2_16_ila_cap_sample_counter |          2 |          2 |       0 |    0 |   13 |      0 |      0 |          0 |
|               U_SCE                                                                |                                       u_ila_rx_ltlib_v1_0_2_cfglut4__1 |          1 |          0 |       0 |    1 |    0 |      0 |      0 |          0 |
|               U_SCMPCE                                                             |                                       u_ila_rx_ltlib_v1_0_2_cfglut5__1 |          1 |          0 |       0 |    1 |    0 |      0 |      0 |          0 |
|               U_SCRST                                                              |                                          u_ila_rx_ltlib_v1_0_2_cfglut6 |          3 |          1 |       0 |    2 |    0 |      0 |      0 |          0 |
|               u_scnt_cmp                                                           |                                 u_ila_rx_ltlib_v1_0_2_match_nodelay__1 |          9 |          0 |       0 |    9 |   12 |      0 |      0 |          0 |
|                 allx_typeA_match_detection.ltlib_v1_0_2_allx_typeA_inst            |                            u_ila_rx_ltlib_v1_0_2_allx_typeA_nodelay_30 |          9 |          0 |       0 |    9 |   12 |      0 |      0 |          0 |
|                   (allx_typeA_match_detection.ltlib_v1_0_2_allx_typeA_inst)        |                            u_ila_rx_ltlib_v1_0_2_allx_typeA_nodelay_30 |          0 |          0 |       0 |    0 |   12 |      0 |      0 |          0 |
|                   DUT                                                              |                     u_ila_rx_ltlib_v1_0_2_all_typeA__parameterized0_31 |          9 |          0 |       0 |    9 |    0 |      0 |      0 |          0 |
|                     (DUT)                                                          |                     u_ila_rx_ltlib_v1_0_2_all_typeA__parameterized0_31 |          1 |          0 |       0 |    1 |    0 |      0 |      0 |          0 |
|                     I_WHOLE_SLICE.G_SLICE_IDX[0].U_ALL_SRL_SLICE                   |               u_ila_rx_ltlib_v1_0_2_all_typeA_slice__parameterized0_32 |          4 |          0 |       0 |    4 |    0 |      0 |      0 |          0 |
|                     I_WHOLE_SLICE.G_SLICE_IDX[1].U_ALL_SRL_SLICE                   |               u_ila_rx_ltlib_v1_0_2_all_typeA_slice__parameterized1_33 |          4 |          0 |       0 |    4 |    0 |      0 |      0 |          0 |
|             u_cap_window_counter                                                   |                            u_ila_rx_ila_v6_2_16_ila_cap_window_counter |         23 |          2 |       0 |   21 |   38 |      0 |      0 |          0 |
|               (u_cap_window_counter)                                               |                            u_ila_rx_ila_v6_2_16_ila_cap_window_counter |          2 |          2 |       0 |    0 |   14 |      0 |      0 |          0 |
|               U_WCE                                                                |                                          u_ila_rx_ltlib_v1_0_2_cfglut4 |          1 |          0 |       0 |    1 |    0 |      0 |      0 |          0 |
|               U_WHCMPCE                                                            |                                          u_ila_rx_ltlib_v1_0_2_cfglut5 |          1 |          0 |       0 |    1 |    0 |      0 |      0 |          0 |
|               U_WLCMPCE                                                            |                                       u_ila_rx_ltlib_v1_0_2_cfglut5__2 |          1 |          0 |       0 |    1 |    0 |      0 |      0 |          0 |
|               u_wcnt_hcmp                                                          |                                    u_ila_rx_ltlib_v1_0_2_match_nodelay |          9 |          0 |       0 |    9 |   12 |      0 |      0 |          0 |
|                 allx_typeA_match_detection.ltlib_v1_0_2_allx_typeA_inst            |                               u_ila_rx_ltlib_v1_0_2_allx_typeA_nodelay |          9 |          0 |       0 |    9 |   12 |      0 |      0 |          0 |
|                   (allx_typeA_match_detection.ltlib_v1_0_2_allx_typeA_inst)        |                               u_ila_rx_ltlib_v1_0_2_allx_typeA_nodelay |          0 |          0 |       0 |    0 |   12 |      0 |      0 |          0 |
|                   DUT                                                              |                        u_ila_rx_ltlib_v1_0_2_all_typeA__parameterized0 |          9 |          0 |       0 |    9 |    0 |      0 |      0 |          0 |
|                     (DUT)                                                          |                        u_ila_rx_ltlib_v1_0_2_all_typeA__parameterized0 |          1 |          0 |       0 |    1 |    0 |      0 |      0 |          0 |
|                     I_WHOLE_SLICE.G_SLICE_IDX[0].U_ALL_SRL_SLICE                   |                  u_ila_rx_ltlib_v1_0_2_all_typeA_slice__parameterized0 |          4 |          0 |       0 |    4 |    0 |      0 |      0 |          0 |
|                     I_WHOLE_SLICE.G_SLICE_IDX[1].U_ALL_SRL_SLICE                   |                  u_ila_rx_ltlib_v1_0_2_all_typeA_slice__parameterized1 |          4 |          0 |       0 |    4 |    0 |      0 |      0 |          0 |
|               u_wcnt_lcmp                                                          |                                 u_ila_rx_ltlib_v1_0_2_match_nodelay__2 |          9 |          0 |       0 |    9 |   12 |      0 |      0 |          0 |
|                 allx_typeA_match_detection.ltlib_v1_0_2_allx_typeA_inst            |                            u_ila_rx_ltlib_v1_0_2_allx_typeA_nodelay_26 |          9 |          0 |       0 |    9 |   12 |      0 |      0 |          0 |
|                   (allx_typeA_match_detection.ltlib_v1_0_2_allx_typeA_inst)        |                            u_ila_rx_ltlib_v1_0_2_allx_typeA_nodelay_26 |          0 |          0 |       0 |    0 |   12 |      0 |      0 |          0 |
|                   DUT                                                              |                     u_ila_rx_ltlib_v1_0_2_all_typeA__parameterized0_27 |          9 |          0 |       0 |    9 |    0 |      0 |      0 |          0 |
|                     (DUT)                                                          |                     u_ila_rx_ltlib_v1_0_2_all_typeA__parameterized0_27 |          1 |          0 |       0 |    1 |    0 |      0 |      0 |          0 |
|                     I_WHOLE_SLICE.G_SLICE_IDX[0].U_ALL_SRL_SLICE                   |               u_ila_rx_ltlib_v1_0_2_all_typeA_slice__parameterized0_28 |          4 |          0 |       0 |    4 |    0 |      0 |      0 |          0 |
|                     I_WHOLE_SLICE.G_SLICE_IDX[1].U_ALL_SRL_SLICE                   |               u_ila_rx_ltlib_v1_0_2_all_typeA_slice__parameterized1_29 |          4 |          0 |       0 |    4 |    0 |      0 |      0 |          0 |
|         u_ila_regs                                                                 |                                      u_ila_rx_ila_v6_2_16_ila_register |        571 |        570 |       0 |    1 |  920 |      0 |      0 |          0 |
|           (u_ila_regs)                                                             |                                      u_ila_rx_ila_v6_2_16_ila_register |        263 |        262 |       0 |    1 |  159 |      0 |      0 |          0 |
|           MU_SRL[0].mu_srl_reg                                                     |                                          u_ila_rx_xsdbs_v1_0_4_reg_p2s |         32 |         32 |       0 |    0 |   43 |      0 |      0 |          0 |
|           MU_SRL[1].mu_srl_reg                                                     |                          u_ila_rx_xsdbs_v1_0_4_reg_p2s__parameterized0 |         32 |         32 |       0 |    0 |   43 |      0 |      0 |          0 |
|           MU_SRL[2].mu_srl_reg                                                     |                          u_ila_rx_xsdbs_v1_0_4_reg_p2s__parameterized1 |         32 |         32 |       0 |    0 |   43 |      0 |      0 |          0 |
|           MU_SRL[3].mu_srl_reg                                                     |                          u_ila_rx_xsdbs_v1_0_4_reg_p2s__parameterized2 |         32 |         32 |       0 |    0 |   43 |      0 |      0 |          0 |
|           TC_SRL[0].tc_srl_reg                                                     |                          u_ila_rx_xsdbs_v1_0_4_reg_p2s__parameterized3 |         32 |         32 |       0 |    0 |   43 |      0 |      0 |          0 |
|           U_XSDB_SLAVE                                                             |                                            u_ila_rx_xsdbs_v1_0_4_xsdbs |         76 |         76 |       0 |    0 |  213 |      0 |      0 |          0 |
|           reg_15                                                                   |                             u_ila_rx_xsdbs_v1_0_4_reg__parameterized32 |          3 |          3 |       0 |    0 |   16 |      0 |      0 |          0 |
|             I_EN_CTL_EQ1.U_CTL                                                     |                                       u_ila_rx_xsdbs_v1_0_4_reg_ctl_22 |          3 |          3 |       0 |    0 |   16 |      0 |      0 |          0 |
|           reg_16                                                                   |                             u_ila_rx_xsdbs_v1_0_4_reg__parameterized33 |          3 |          3 |       0 |    0 |   16 |      0 |      0 |          0 |
|             I_EN_CTL_EQ1.U_CTL                                                     |                                       u_ila_rx_xsdbs_v1_0_4_reg_ctl_21 |          3 |          3 |       0 |    0 |   16 |      0 |      0 |          0 |
|           reg_17                                                                   |                             u_ila_rx_xsdbs_v1_0_4_reg__parameterized34 |          3 |          3 |       0 |    0 |   16 |      0 |      0 |          0 |
|             I_EN_CTL_EQ1.U_CTL                                                     |                                       u_ila_rx_xsdbs_v1_0_4_reg_ctl_20 |          3 |          3 |       0 |    0 |   16 |      0 |      0 |          0 |
|           reg_18                                                                   |                             u_ila_rx_xsdbs_v1_0_4_reg__parameterized35 |          3 |          3 |       0 |    0 |   16 |      0 |      0 |          0 |
|             I_EN_CTL_EQ1.U_CTL                                                     |                                       u_ila_rx_xsdbs_v1_0_4_reg_ctl_19 |          3 |          3 |       0 |    0 |   16 |      0 |      0 |          0 |
|           reg_19                                                                   |                             u_ila_rx_xsdbs_v1_0_4_reg__parameterized36 |          3 |          3 |       0 |    0 |   16 |      0 |      0 |          0 |
|             I_EN_CTL_EQ1.U_CTL                                                     |                                       u_ila_rx_xsdbs_v1_0_4_reg_ctl_18 |          3 |          3 |       0 |    0 |   16 |      0 |      0 |          0 |
|           reg_1a                                                                   |                             u_ila_rx_xsdbs_v1_0_4_reg__parameterized37 |          3 |          3 |       0 |    0 |   16 |      0 |      0 |          0 |
|             I_EN_CTL_EQ1.U_CTL                                                     |                       u_ila_rx_xsdbs_v1_0_4_reg_ctl__parameterized1_17 |          3 |          3 |       0 |    0 |   16 |      0 |      0 |          0 |
|           reg_6                                                                    |                             u_ila_rx_xsdbs_v1_0_4_reg__parameterized17 |          3 |          3 |       0 |    0 |   16 |      0 |      0 |          0 |
|             I_EN_CTL_EQ1.U_CTL                                                     |                                       u_ila_rx_xsdbs_v1_0_4_reg_ctl_25 |          3 |          3 |       0 |    0 |   16 |      0 |      0 |          0 |
|           reg_7                                                                    |                             u_ila_rx_xsdbs_v1_0_4_reg__parameterized18 |          3 |          3 |       0 |    0 |   16 |      0 |      0 |          0 |
|             I_EN_CTL_EQ1.U_CTL                                                     |                          u_ila_rx_xsdbs_v1_0_4_reg_ctl__parameterized0 |          3 |          3 |       0 |    0 |   16 |      0 |      0 |          0 |
|           reg_8                                                                    |                             u_ila_rx_xsdbs_v1_0_4_reg__parameterized19 |          0 |          0 |       0 |    0 |    5 |      0 |      0 |          0 |
|             I_EN_STAT_EQ1.U_STAT                                                   |                                      u_ila_rx_xsdbs_v1_0_4_reg_stat_24 |          0 |          0 |       0 |    0 |    5 |      0 |      0 |          0 |
|           reg_80                                                                   |                             u_ila_rx_xsdbs_v1_0_4_reg__parameterized38 |          3 |          3 |       0 |    0 |   16 |      0 |      0 |          0 |
|             I_EN_CTL_EQ1.U_CTL                                                     |                       u_ila_rx_xsdbs_v1_0_4_reg_ctl__parameterized1_16 |          3 |          3 |       0 |    0 |   16 |      0 |      0 |          0 |
|           reg_81                                                                   |                             u_ila_rx_xsdbs_v1_0_4_reg__parameterized39 |          3 |          3 |       0 |    0 |   16 |      0 |      0 |          0 |
|             I_EN_CTL_EQ1.U_CTL                                                     |                                       u_ila_rx_xsdbs_v1_0_4_reg_ctl_15 |          3 |          3 |       0 |    0 |   16 |      0 |      0 |          0 |
|           reg_82                                                                   |                             u_ila_rx_xsdbs_v1_0_4_reg__parameterized40 |          3 |          3 |       0 |    0 |   16 |      0 |      0 |          0 |
|             I_EN_CTL_EQ1.U_CTL                                                     |                          u_ila_rx_xsdbs_v1_0_4_reg_ctl__parameterized1 |          3 |          3 |       0 |    0 |   16 |      0 |      0 |          0 |
|           reg_83                                                                   |                             u_ila_rx_xsdbs_v1_0_4_reg__parameterized41 |          3 |          3 |       0 |    0 |   16 |      0 |      0 |          0 |
|             I_EN_CTL_EQ1.U_CTL                                                     |                                       u_ila_rx_xsdbs_v1_0_4_reg_ctl_14 |          3 |          3 |       0 |    0 |   16 |      0 |      0 |          0 |
|           reg_84                                                                   |                             u_ila_rx_xsdbs_v1_0_4_reg__parameterized42 |          3 |          3 |       0 |    0 |   16 |      0 |      0 |          0 |
|             I_EN_CTL_EQ1.U_CTL                                                     |                                       u_ila_rx_xsdbs_v1_0_4_reg_ctl_13 |          3 |          3 |       0 |    0 |   16 |      0 |      0 |          0 |
|           reg_85                                                                   |                             u_ila_rx_xsdbs_v1_0_4_reg__parameterized43 |          3 |          3 |       0 |    0 |   16 |      0 |      0 |          0 |
|             I_EN_CTL_EQ1.U_CTL                                                     |                                       u_ila_rx_xsdbs_v1_0_4_reg_ctl_12 |          3 |          3 |       0 |    0 |   16 |      0 |      0 |          0 |
|           reg_887                                                                  |                             u_ila_rx_xsdbs_v1_0_4_reg__parameterized45 |          1 |          1 |       0 |    0 |    1 |      0 |      0 |          0 |
|             I_EN_STAT_EQ1.U_STAT                                                   |                                      u_ila_rx_xsdbs_v1_0_4_reg_stat_11 |          1 |          1 |       0 |    0 |    1 |      0 |      0 |          0 |
|           reg_88d                                                                  |                             u_ila_rx_xsdbs_v1_0_4_reg__parameterized47 |          0 |          0 |       0 |    0 |    2 |      0 |      0 |          0 |
|             I_EN_STAT_EQ1.U_STAT                                                   |                                      u_ila_rx_xsdbs_v1_0_4_reg_stat_10 |          0 |          0 |       0 |    0 |    2 |      0 |      0 |          0 |
|           reg_890                                                                  |                             u_ila_rx_xsdbs_v1_0_4_reg__parameterized50 |          0 |          0 |       0 |    0 |   16 |      0 |      0 |          0 |
|             (reg_890)                                                              |                             u_ila_rx_xsdbs_v1_0_4_reg__parameterized50 |          0 |          0 |       0 |    0 |    0 |      0 |      0 |          0 |
|             I_EN_STAT_EQ1.U_STAT                                                   |                                       u_ila_rx_xsdbs_v1_0_4_reg_stat_9 |          0 |          0 |       0 |    0 |   16 |      0 |      0 |          0 |
|           reg_9                                                                    |                             u_ila_rx_xsdbs_v1_0_4_reg__parameterized20 |          0 |          0 |       0 |    0 |   12 |      0 |      0 |          0 |
|             I_EN_STAT_EQ1.U_STAT                                                   |                                      u_ila_rx_xsdbs_v1_0_4_reg_stat_23 |          0 |          0 |       0 |    0 |   12 |      0 |      0 |          0 |
|           reg_srl_fff                                                              |                          u_ila_rx_xsdbs_v1_0_4_reg_p2s__parameterized4 |         32 |         32 |       0 |    0 |   43 |      0 |      0 |          0 |
|           reg_stream_ffd                                                           |                                       u_ila_rx_xsdbs_v1_0_4_reg_stream |          3 |          3 |       0 |    0 |   16 |      0 |      0 |          0 |
|             I_EN_CTL_EQ1.U_CTL                                                     |                                          u_ila_rx_xsdbs_v1_0_4_reg_ctl |          3 |          3 |       0 |    0 |   16 |      0 |      0 |          0 |
|           reg_stream_ffe                                                           |                       u_ila_rx_xsdbs_v1_0_4_reg_stream__parameterized0 |          3 |          3 |       0 |    0 |   14 |      0 |      0 |          0 |
|             (reg_stream_ffe)                                                       |                       u_ila_rx_xsdbs_v1_0_4_reg_stream__parameterized0 |          3 |          3 |       0 |    0 |    0 |      0 |      0 |          0 |
|             I_EN_STAT_EQ1.U_STAT                                                   |                                         u_ila_rx_xsdbs_v1_0_4_reg_stat |          0 |          0 |       0 |    0 |   14 |      0 |      0 |          0 |
|         u_ila_reset_ctrl                                                           |                                    u_ila_rx_ila_v6_2_16_ila_reset_ctrl |          9 |          9 |       0 |    0 |   34 |      0 |      0 |          0 |
|           (u_ila_reset_ctrl)                                                       |                                    u_ila_rx_ila_v6_2_16_ila_reset_ctrl |          3 |          3 |       0 |    0 |    8 |      0 |      0 |          0 |
|           arm_detection_inst                                                       |                            u_ila_rx_ltlib_v1_0_2_rising_edge_detection |          1 |          1 |       0 |    0 |    3 |      0 |      0 |          0 |
|           asyncrounous_transfer.arm_in_transfer_inst                               |                               u_ila_rx_ltlib_v1_0_2_async_edge_xfer__2 |          1 |          1 |       0 |    0 |    5 |      0 |      0 |          0 |
|           asyncrounous_transfer.arm_out_transfer_inst                              |                               u_ila_rx_ltlib_v1_0_2_async_edge_xfer__3 |          1 |          1 |       0 |    0 |    5 |      0 |      0 |          0 |
|           asyncrounous_transfer.halt_in_transfer_inst                              |                               u_ila_rx_ltlib_v1_0_2_async_edge_xfer__1 |          1 |          1 |       0 |    0 |    5 |      0 |      0 |          0 |
|           asyncrounous_transfer.halt_out_transfer_inst                             |                                  u_ila_rx_ltlib_v1_0_2_async_edge_xfer |          1 |          1 |       0 |    0 |    5 |      0 |      0 |          0 |
|           halt_detection_inst                                                      |                         u_ila_rx_ltlib_v1_0_2_rising_edge_detection__1 |          1 |          1 |       0 |    0 |    3 |      0 |      0 |          0 |
|         u_trig                                                                     |                                       u_ila_rx_ila_v6_2_16_ila_trigger |         33 |          8 |       0 |   25 |   41 |      0 |      0 |          0 |
|           (u_trig)                                                                 |                                       u_ila_rx_ila_v6_2_16_ila_trigger |          1 |          1 |       0 |    0 |    1 |      0 |      0 |          0 |
|           N_DDR_TC.N_DDR_TC_INST[0].U_TC                                           |                                            u_ila_rx_ltlib_v1_0_2_match |          5 |          0 |       0 |    5 |    6 |      0 |      0 |          0 |
|             (N_DDR_TC.N_DDR_TC_INST[0].U_TC)                                       |                                            u_ila_rx_ltlib_v1_0_2_match |          0 |          0 |       0 |    0 |    1 |      0 |      0 |          0 |
|             allx_typeA_match_detection.ltlib_v1_0_2_allx_typeA_inst                |                                       u_ila_rx_ltlib_v1_0_2_allx_typeA |          5 |          0 |       0 |    5 |    5 |      0 |      0 |          0 |
|               (allx_typeA_match_detection.ltlib_v1_0_2_allx_typeA_inst)            |                                       u_ila_rx_ltlib_v1_0_2_allx_typeA |          0 |          0 |       0 |    0 |    4 |      0 |      0 |          0 |
|               DUT                                                                  |                                      u_ila_rx_ltlib_v1_0_2_all_typeA_7 |          5 |          0 |       0 |    5 |    1 |      0 |      0 |          0 |
|                 (DUT)                                                              |                                      u_ila_rx_ltlib_v1_0_2_all_typeA_7 |          1 |          0 |       0 |    1 |    0 |      0 |      0 |          0 |
|                 I_WHOLE_SLICE.G_SLICE_IDX[0].U_ALL_SRL_SLICE                       |                                u_ila_rx_ltlib_v1_0_2_all_typeA_slice_8 |          4 |          0 |       0 |    4 |    1 |      0 |      0 |          0 |
|           U_TM                                                                     |                                    u_ila_rx_ila_v6_2_16_ila_trig_match |         27 |          7 |       0 |   20 |   34 |      0 |      0 |          0 |
|             (U_TM)                                                                 |                                    u_ila_rx_ila_v6_2_16_ila_trig_match |          7 |          7 |       0 |    0 |    0 |      0 |      0 |          0 |
|             N_DDR_MODE.G_NMU[0].U_M                                                |                            u_ila_rx_ltlib_v1_0_2_match__parameterized0 |          5 |          0 |       0 |    5 |   18 |      0 |      0 |          0 |
|               (N_DDR_MODE.G_NMU[0].U_M)                                            |                            u_ila_rx_ltlib_v1_0_2_match__parameterized0 |          0 |          0 |       0 |    0 |    1 |      0 |      0 |          0 |
|               allx_typeA_match_detection.ltlib_v1_0_2_allx_typeA_inst              |                       u_ila_rx_ltlib_v1_0_2_allx_typeA__parameterized0 |          5 |          0 |       0 |    5 |   17 |      0 |      0 |          0 |
|                 (allx_typeA_match_detection.ltlib_v1_0_2_allx_typeA_inst)          |                       u_ila_rx_ltlib_v1_0_2_allx_typeA__parameterized0 |          0 |          0 |       0 |    0 |   16 |      0 |      0 |          0 |
|                 DUT                                                                |                                      u_ila_rx_ltlib_v1_0_2_all_typeA_5 |          5 |          0 |       0 |    5 |    1 |      0 |      0 |          0 |
|                   (DUT)                                                            |                                      u_ila_rx_ltlib_v1_0_2_all_typeA_5 |          1 |          0 |       0 |    1 |    0 |      0 |      0 |          0 |
|                   I_WHOLE_SLICE.G_SLICE_IDX[0].U_ALL_SRL_SLICE                     |                                u_ila_rx_ltlib_v1_0_2_all_typeA_slice_6 |          4 |          0 |       0 |    4 |    1 |      0 |      0 |          0 |
|             N_DDR_MODE.G_NMU[1].U_M                                                |                         u_ila_rx_ltlib_v1_0_2_match__parameterized1__1 |          5 |          0 |       0 |    5 |    4 |      0 |      0 |          0 |
|               (N_DDR_MODE.G_NMU[1].U_M)                                            |                         u_ila_rx_ltlib_v1_0_2_match__parameterized1__1 |          0 |          0 |       0 |    0 |    1 |      0 |      0 |          0 |
|               allx_typeA_match_detection.ltlib_v1_0_2_allx_typeA_inst              |                     u_ila_rx_ltlib_v1_0_2_allx_typeA__parameterized1_2 |          5 |          0 |       0 |    5 |    3 |      0 |      0 |          0 |
|                 (allx_typeA_match_detection.ltlib_v1_0_2_allx_typeA_inst)          |                     u_ila_rx_ltlib_v1_0_2_allx_typeA__parameterized1_2 |          0 |          0 |       0 |    0 |    2 |      0 |      0 |          0 |
|                 DUT                                                                |                                      u_ila_rx_ltlib_v1_0_2_all_typeA_3 |          5 |          0 |       0 |    5 |    1 |      0 |      0 |          0 |
|                   (DUT)                                                            |                                      u_ila_rx_ltlib_v1_0_2_all_typeA_3 |          1 |          0 |       0 |    1 |    0 |      0 |      0 |          0 |
|                   I_WHOLE_SLICE.G_SLICE_IDX[0].U_ALL_SRL_SLICE                     |                                u_ila_rx_ltlib_v1_0_2_all_typeA_slice_4 |          4 |          0 |       0 |    4 |    1 |      0 |      0 |          0 |
|             N_DDR_MODE.G_NMU[2].U_M                                                |                            u_ila_rx_ltlib_v1_0_2_match__parameterized1 |          5 |          0 |       0 |    5 |    4 |      0 |      0 |          0 |
|               (N_DDR_MODE.G_NMU[2].U_M)                                            |                            u_ila_rx_ltlib_v1_0_2_match__parameterized1 |          0 |          0 |       0 |    0 |    1 |      0 |      0 |          0 |
|               allx_typeA_match_detection.ltlib_v1_0_2_allx_typeA_inst              |                       u_ila_rx_ltlib_v1_0_2_allx_typeA__parameterized1 |          5 |          0 |       0 |    5 |    3 |      0 |      0 |          0 |
|                 (allx_typeA_match_detection.ltlib_v1_0_2_allx_typeA_inst)          |                       u_ila_rx_ltlib_v1_0_2_allx_typeA__parameterized1 |          0 |          0 |       0 |    0 |    2 |      0 |      0 |          0 |
|                 DUT                                                                |                                      u_ila_rx_ltlib_v1_0_2_all_typeA_0 |          5 |          0 |       0 |    5 |    1 |      0 |      0 |          0 |
|                   (DUT)                                                            |                                      u_ila_rx_ltlib_v1_0_2_all_typeA_0 |          1 |          0 |       0 |    1 |    0 |      0 |      0 |          0 |
|                   I_WHOLE_SLICE.G_SLICE_IDX[0].U_ALL_SRL_SLICE                     |                                u_ila_rx_ltlib_v1_0_2_all_typeA_slice_1 |          4 |          0 |       0 |    4 |    1 |      0 |      0 |          0 |
|             N_DDR_MODE.G_NMU[3].U_M                                                |                            u_ila_rx_ltlib_v1_0_2_match__parameterized2 |          5 |          0 |       0 |    5 |    8 |      0 |      0 |          0 |
|               (N_DDR_MODE.G_NMU[3].U_M)                                            |                            u_ila_rx_ltlib_v1_0_2_match__parameterized2 |          0 |          0 |       0 |    0 |    1 |      0 |      0 |          0 |
|               allx_typeA_match_detection.ltlib_v1_0_2_allx_typeA_inst              |                       u_ila_rx_ltlib_v1_0_2_allx_typeA__parameterized2 |          5 |          0 |       0 |    5 |    7 |      0 |      0 |          0 |
|                 (allx_typeA_match_detection.ltlib_v1_0_2_allx_typeA_inst)          |                       u_ila_rx_ltlib_v1_0_2_allx_typeA__parameterized2 |          0 |          0 |       0 |    0 |    6 |      0 |      0 |          0 |
|                 DUT                                                                |                                        u_ila_rx_ltlib_v1_0_2_all_typeA |          5 |          0 |       0 |    5 |    1 |      0 |      0 |          0 |
|                   (DUT)                                                            |                                        u_ila_rx_ltlib_v1_0_2_all_typeA |          1 |          0 |       0 |    1 |    0 |      0 |      0 |          0 |
|                   I_WHOLE_SLICE.G_SLICE_IDX[0].U_ALL_SRL_SLICE                     |                                  u_ila_rx_ltlib_v1_0_2_all_typeA_slice |          4 |          0 |       0 |    4 |    1 |      0 |      0 |          0 |
|         xsdb_memory_read_inst                                                      |                                    u_ila_rx_ltlib_v1_0_2_generic_memrd |         26 |         24 |       0 |    2 |   35 |      0 |      0 |          0 |
|   u_ila_tx                                                                         |                                                               u_ila_tx |        716 |        634 |       0 |   82 | 1219 |      1 |      1 |          0 |
|     (u_ila_tx)                                                                     |                                                               u_ila_tx |          0 |          0 |       0 |    0 |    0 |      0 |      0 |          0 |
|     inst                                                                           |                                               u_ila_tx_ila_v6_2_16_ila |        716 |        634 |       0 |   82 | 1219 |      1 |      1 |          0 |
|       (inst)                                                                       |                                               u_ila_tx_ila_v6_2_16_ila |          1 |          1 |       0 |    0 |    6 |      0 |      0 |          0 |
|       ila_core_inst                                                                |                                          u_ila_tx_ila_v6_2_16_ila_core |        715 |        633 |       0 |   82 | 1213 |      1 |      1 |          0 |
|         (ila_core_inst)                                                            |                                          u_ila_tx_ila_v6_2_16_ila_core |          7 |          0 |       0 |    7 |   44 |      0 |      0 |          0 |
|         ila_trace_memory_inst                                                      |                                  u_ila_tx_ila_v6_2_16_ila_trace_memory |          0 |          0 |       0 |    0 |    0 |      1 |      1 |          0 |
|           SUBCORE_RAM_BLK_MEM_1.trace_block_memory                                 |                                            u_ila_tx_blk_mem_gen_v8_4_9 |          0 |          0 |       0 |    0 |    0 |      1 |      1 |          0 |
|             inst_blk_mem_gen                                                       |                                      u_ila_tx_blk_mem_gen_v8_4_9_synth |          0 |          0 |       0 |    0 |    0 |      1 |      1 |          0 |
|               gnbram.gnativebmg.native_blk_mem_gen                                 |                            u_ila_tx_blk_mem_gen_v8_4_9_blk_mem_gen_top |          0 |          0 |       0 |    0 |    0 |      1 |      1 |          0 |
|                 valid.cstr                                                         |                   u_ila_tx_blk_mem_gen_v8_4_9_blk_mem_gen_generic_cstr |          0 |          0 |       0 |    0 |    0 |      1 |      1 |          0 |
|                   ramloop[0].ram.r                                                 |                     u_ila_tx_blk_mem_gen_v8_4_9_blk_mem_gen_prim_width |          0 |          0 |       0 |    0 |    0 |      0 |      1 |          0 |
|                     prim_noinit.ram                                                |                   u_ila_tx_blk_mem_gen_v8_4_9_blk_mem_gen_prim_wrapper |          0 |          0 |       0 |    0 |    0 |      0 |      1 |          0 |
|                   ramloop[1].ram.r                                                 |     u_ila_tx_blk_mem_gen_v8_4_9_blk_mem_gen_prim_width__parameterized0 |          0 |          0 |       0 |    0 |    0 |      1 |      0 |          0 |
|                     prim_noinit.ram                                                |   u_ila_tx_blk_mem_gen_v8_4_9_blk_mem_gen_prim_wrapper__parameterized0 |          0 |          0 |       0 |    0 |    0 |      1 |      0 |          0 |
|         u_ila_cap_ctrl                                                             |                               u_ila_tx_ila_v6_2_16_ila_cap_ctrl_legacy |         69 |         22 |       0 |   47 |  147 |      0 |      0 |          0 |
|           (u_ila_cap_ctrl)                                                         |                               u_ila_tx_ila_v6_2_16_ila_cap_ctrl_legacy |          2 |          2 |       0 |    0 |    3 |      0 |      0 |          0 |
|           U_CDONE                                                                  |                          u_ila_tx_ltlib_v1_0_2_cfglut6__parameterized0 |          3 |          1 |       0 |    2 |    1 |      0 |      0 |          0 |
|           U_NS0                                                                    |                                          u_ila_tx_ltlib_v1_0_2_cfglut7 |          5 |          1 |       0 |    4 |    1 |      0 |      0 |          0 |
|           U_NS1                                                                    |                                       u_ila_tx_ltlib_v1_0_2_cfglut7__1 |          5 |          1 |       0 |    4 |    1 |      0 |      0 |          0 |
|           u_cap_addrgen                                                            |                                   u_ila_tx_ila_v6_2_16_ila_cap_addrgen |         54 |         17 |       0 |   37 |  141 |      0 |      0 |          0 |
|             (u_cap_addrgen)                                                        |                                   u_ila_tx_ila_v6_2_16_ila_cap_addrgen |         13 |         12 |       0 |    1 |   78 |      0 |      0 |          0 |
|             U_CMPRESET                                                             |                                       u_ila_tx_ltlib_v1_0_2_cfglut6__1 |          3 |          1 |       0 |    2 |    0 |      0 |      0 |          0 |
|             u_cap_sample_counter                                                   |                            u_ila_tx_ila_v6_2_16_ila_cap_sample_counter |         16 |          3 |       0 |   13 |   25 |      0 |      0 |          0 |
|               (u_cap_sample_counter)                                               |                            u_ila_tx_ila_v6_2_16_ila_cap_sample_counter |          2 |          2 |       0 |    0 |   13 |      0 |      0 |          0 |
|               U_SCE                                                                |                                       u_ila_tx_ltlib_v1_0_2_cfglut4__1 |          1 |          0 |       0 |    1 |    0 |      0 |      0 |          0 |
|               U_SCMPCE                                                             |                                       u_ila_tx_ltlib_v1_0_2_cfglut5__1 |          1 |          0 |       0 |    1 |    0 |      0 |      0 |          0 |
|               U_SCRST                                                              |                                          u_ila_tx_ltlib_v1_0_2_cfglut6 |          3 |          1 |       0 |    2 |    0 |      0 |      0 |          0 |
|               u_scnt_cmp                                                           |                                 u_ila_tx_ltlib_v1_0_2_match_nodelay__1 |          9 |          0 |       0 |    9 |   12 |      0 |      0 |          0 |
|                 allx_typeA_match_detection.ltlib_v1_0_2_allx_typeA_inst            |                            u_ila_tx_ltlib_v1_0_2_allx_typeA_nodelay_31 |          9 |          0 |       0 |    9 |   12 |      0 |      0 |          0 |
|                   (allx_typeA_match_detection.ltlib_v1_0_2_allx_typeA_inst)        |                            u_ila_tx_ltlib_v1_0_2_allx_typeA_nodelay_31 |          0 |          0 |       0 |    0 |   12 |      0 |      0 |          0 |
|                   DUT                                                              |                     u_ila_tx_ltlib_v1_0_2_all_typeA__parameterized0_32 |          9 |          0 |       0 |    9 |    0 |      0 |      0 |          0 |
|                     (DUT)                                                          |                     u_ila_tx_ltlib_v1_0_2_all_typeA__parameterized0_32 |          1 |          0 |       0 |    1 |    0 |      0 |      0 |          0 |
|                     I_WHOLE_SLICE.G_SLICE_IDX[0].U_ALL_SRL_SLICE                   |               u_ila_tx_ltlib_v1_0_2_all_typeA_slice__parameterized0_33 |          4 |          0 |       0 |    4 |    0 |      0 |      0 |          0 |
|                     I_WHOLE_SLICE.G_SLICE_IDX[1].U_ALL_SRL_SLICE                   |               u_ila_tx_ltlib_v1_0_2_all_typeA_slice__parameterized1_34 |          4 |          0 |       0 |    4 |    0 |      0 |      0 |          0 |
|             u_cap_window_counter                                                   |                            u_ila_tx_ila_v6_2_16_ila_cap_window_counter |         23 |          2 |       0 |   21 |   38 |      0 |      0 |          0 |
|               (u_cap_window_counter)                                               |                            u_ila_tx_ila_v6_2_16_ila_cap_window_counter |          2 |          2 |       0 |    0 |   14 |      0 |      0 |          0 |
|               U_WCE                                                                |                                          u_ila_tx_ltlib_v1_0_2_cfglut4 |          1 |          0 |       0 |    1 |    0 |      0 |      0 |          0 |
|               U_WHCMPCE                                                            |                                          u_ila_tx_ltlib_v1_0_2_cfglut5 |          1 |          0 |       0 |    1 |    0 |      0 |      0 |          0 |
|               U_WLCMPCE                                                            |                                       u_ila_tx_ltlib_v1_0_2_cfglut5__2 |          1 |          0 |       0 |    1 |    0 |      0 |      0 |          0 |
|               u_wcnt_hcmp                                                          |                                    u_ila_tx_ltlib_v1_0_2_match_nodelay |          9 |          0 |       0 |    9 |   12 |      0 |      0 |          0 |
|                 allx_typeA_match_detection.ltlib_v1_0_2_allx_typeA_inst            |                               u_ila_tx_ltlib_v1_0_2_allx_typeA_nodelay |          9 |          0 |       0 |    9 |   12 |      0 |      0 |          0 |
|                   (allx_typeA_match_detection.ltlib_v1_0_2_allx_typeA_inst)        |                               u_ila_tx_ltlib_v1_0_2_allx_typeA_nodelay |          0 |          0 |       0 |    0 |   12 |      0 |      0 |          0 |
|                   DUT                                                              |                        u_ila_tx_ltlib_v1_0_2_all_typeA__parameterized0 |          9 |          0 |       0 |    9 |    0 |      0 |      0 |          0 |
|                     (DUT)                                                          |                        u_ila_tx_ltlib_v1_0_2_all_typeA__parameterized0 |          1 |          0 |       0 |    1 |    0 |      0 |      0 |          0 |
|                     I_WHOLE_SLICE.G_SLICE_IDX[0].U_ALL_SRL_SLICE                   |                  u_ila_tx_ltlib_v1_0_2_all_typeA_slice__parameterized0 |          4 |          0 |       0 |    4 |    0 |      0 |      0 |          0 |
|                     I_WHOLE_SLICE.G_SLICE_IDX[1].U_ALL_SRL_SLICE                   |                  u_ila_tx_ltlib_v1_0_2_all_typeA_slice__parameterized1 |          4 |          0 |       0 |    4 |    0 |      0 |      0 |          0 |
|               u_wcnt_lcmp                                                          |                                 u_ila_tx_ltlib_v1_0_2_match_nodelay__2 |          9 |          0 |       0 |    9 |   12 |      0 |      0 |          0 |
|                 allx_typeA_match_detection.ltlib_v1_0_2_allx_typeA_inst            |                            u_ila_tx_ltlib_v1_0_2_allx_typeA_nodelay_27 |          9 |          0 |       0 |    9 |   12 |      0 |      0 |          0 |
|                   (allx_typeA_match_detection.ltlib_v1_0_2_allx_typeA_inst)        |                            u_ila_tx_ltlib_v1_0_2_allx_typeA_nodelay_27 |          0 |          0 |       0 |    0 |   12 |      0 |      0 |          0 |
|                   DUT                                                              |                     u_ila_tx_ltlib_v1_0_2_all_typeA__parameterized0_28 |          9 |          0 |       0 |    9 |    0 |      0 |      0 |          0 |
|                     (DUT)                                                          |                     u_ila_tx_ltlib_v1_0_2_all_typeA__parameterized0_28 |          1 |          0 |       0 |    1 |    0 |      0 |      0 |          0 |
|                     I_WHOLE_SLICE.G_SLICE_IDX[0].U_ALL_SRL_SLICE                   |               u_ila_tx_ltlib_v1_0_2_all_typeA_slice__parameterized0_29 |          4 |          0 |       0 |    4 |    0 |      0 |      0 |          0 |
|                     I_WHOLE_SLICE.G_SLICE_IDX[1].U_ALL_SRL_SLICE                   |               u_ila_tx_ltlib_v1_0_2_all_typeA_slice__parameterized1_30 |          4 |          0 |       0 |    4 |    0 |      0 |      0 |          0 |
|         u_ila_regs                                                                 |                                      u_ila_tx_ila_v6_2_16_ila_register |        572 |        571 |       0 |    1 |  918 |      0 |      0 |          0 |
|           (u_ila_regs)                                                             |                                      u_ila_tx_ila_v6_2_16_ila_register |        264 |        263 |       0 |    1 |  159 |      0 |      0 |          0 |
|           MU_SRL[0].mu_srl_reg                                                     |                                          u_ila_tx_xsdbs_v1_0_4_reg_p2s |         32 |         32 |       0 |    0 |   43 |      0 |      0 |          0 |
|           MU_SRL[1].mu_srl_reg                                                     |                          u_ila_tx_xsdbs_v1_0_4_reg_p2s__parameterized0 |         32 |         32 |       0 |    0 |   43 |      0 |      0 |          0 |
|           MU_SRL[2].mu_srl_reg                                                     |                          u_ila_tx_xsdbs_v1_0_4_reg_p2s__parameterized1 |         32 |         32 |       0 |    0 |   43 |      0 |      0 |          0 |
|           MU_SRL[3].mu_srl_reg                                                     |                          u_ila_tx_xsdbs_v1_0_4_reg_p2s__parameterized2 |         32 |         32 |       0 |    0 |   43 |      0 |      0 |          0 |
|           TC_SRL[0].tc_srl_reg                                                     |                          u_ila_tx_xsdbs_v1_0_4_reg_p2s__parameterized3 |         32 |         32 |       0 |    0 |   43 |      0 |      0 |          0 |
|           U_XSDB_SLAVE                                                             |                                            u_ila_tx_xsdbs_v1_0_4_xsdbs |         76 |         76 |       0 |    0 |  213 |      0 |      0 |          0 |
|           reg_15                                                                   |                             u_ila_tx_xsdbs_v1_0_4_reg__parameterized32 |          3 |          3 |       0 |    0 |   16 |      0 |      0 |          0 |
|             I_EN_CTL_EQ1.U_CTL                                                     |                                       u_ila_tx_xsdbs_v1_0_4_reg_ctl_23 |          3 |          3 |       0 |    0 |   16 |      0 |      0 |          0 |
|           reg_16                                                                   |                             u_ila_tx_xsdbs_v1_0_4_reg__parameterized33 |          3 |          3 |       0 |    0 |   16 |      0 |      0 |          0 |
|             I_EN_CTL_EQ1.U_CTL                                                     |                                       u_ila_tx_xsdbs_v1_0_4_reg_ctl_22 |          3 |          3 |       0 |    0 |   16 |      0 |      0 |          0 |
|           reg_17                                                                   |                             u_ila_tx_xsdbs_v1_0_4_reg__parameterized34 |          3 |          3 |       0 |    0 |   16 |      0 |      0 |          0 |
|             I_EN_CTL_EQ1.U_CTL                                                     |                                       u_ila_tx_xsdbs_v1_0_4_reg_ctl_21 |          3 |          3 |       0 |    0 |   16 |      0 |      0 |          0 |
|           reg_18                                                                   |                             u_ila_tx_xsdbs_v1_0_4_reg__parameterized35 |          3 |          3 |       0 |    0 |   16 |      0 |      0 |          0 |
|             I_EN_CTL_EQ1.U_CTL                                                     |                                       u_ila_tx_xsdbs_v1_0_4_reg_ctl_20 |          3 |          3 |       0 |    0 |   16 |      0 |      0 |          0 |
|           reg_19                                                                   |                             u_ila_tx_xsdbs_v1_0_4_reg__parameterized36 |          3 |          3 |       0 |    0 |   16 |      0 |      0 |          0 |
|             I_EN_CTL_EQ1.U_CTL                                                     |                                       u_ila_tx_xsdbs_v1_0_4_reg_ctl_19 |          3 |          3 |       0 |    0 |   16 |      0 |      0 |          0 |
|           reg_1a                                                                   |                             u_ila_tx_xsdbs_v1_0_4_reg__parameterized37 |          3 |          3 |       0 |    0 |   16 |      0 |      0 |          0 |
|             I_EN_CTL_EQ1.U_CTL                                                     |                       u_ila_tx_xsdbs_v1_0_4_reg_ctl__parameterized1_18 |          3 |          3 |       0 |    0 |   16 |      0 |      0 |          0 |
|           reg_6                                                                    |                             u_ila_tx_xsdbs_v1_0_4_reg__parameterized17 |          3 |          3 |       0 |    0 |   16 |      0 |      0 |          0 |
|             I_EN_CTL_EQ1.U_CTL                                                     |                                       u_ila_tx_xsdbs_v1_0_4_reg_ctl_26 |          3 |          3 |       0 |    0 |   16 |      0 |      0 |          0 |
|           reg_7                                                                    |                             u_ila_tx_xsdbs_v1_0_4_reg__parameterized18 |          3 |          3 |       0 |    0 |   16 |      0 |      0 |          0 |
|             I_EN_CTL_EQ1.U_CTL                                                     |                          u_ila_tx_xsdbs_v1_0_4_reg_ctl__parameterized0 |          3 |          3 |       0 |    0 |   16 |      0 |      0 |          0 |
|           reg_8                                                                    |                             u_ila_tx_xsdbs_v1_0_4_reg__parameterized19 |          0 |          0 |       0 |    0 |    5 |      0 |      0 |          0 |
|             I_EN_STAT_EQ1.U_STAT                                                   |                                      u_ila_tx_xsdbs_v1_0_4_reg_stat_25 |          0 |          0 |       0 |    0 |    5 |      0 |      0 |          0 |
|           reg_80                                                                   |                             u_ila_tx_xsdbs_v1_0_4_reg__parameterized38 |          3 |          3 |       0 |    0 |   16 |      0 |      0 |          0 |
|             I_EN_CTL_EQ1.U_CTL                                                     |                       u_ila_tx_xsdbs_v1_0_4_reg_ctl__parameterized1_17 |          3 |          3 |       0 |    0 |   16 |      0 |      0 |          0 |
|           reg_81                                                                   |                             u_ila_tx_xsdbs_v1_0_4_reg__parameterized39 |          3 |          3 |       0 |    0 |   16 |      0 |      0 |          0 |
|             I_EN_CTL_EQ1.U_CTL                                                     |                                       u_ila_tx_xsdbs_v1_0_4_reg_ctl_16 |          3 |          3 |       0 |    0 |   16 |      0 |      0 |          0 |
|           reg_82                                                                   |                             u_ila_tx_xsdbs_v1_0_4_reg__parameterized40 |          3 |          3 |       0 |    0 |   16 |      0 |      0 |          0 |
|             I_EN_CTL_EQ1.U_CTL                                                     |                          u_ila_tx_xsdbs_v1_0_4_reg_ctl__parameterized1 |          3 |          3 |       0 |    0 |   16 |      0 |      0 |          0 |
|           reg_83                                                                   |                             u_ila_tx_xsdbs_v1_0_4_reg__parameterized41 |          3 |          3 |       0 |    0 |   16 |      0 |      0 |          0 |
|             I_EN_CTL_EQ1.U_CTL                                                     |                                       u_ila_tx_xsdbs_v1_0_4_reg_ctl_15 |          3 |          3 |       0 |    0 |   16 |      0 |      0 |          0 |
|           reg_84                                                                   |                             u_ila_tx_xsdbs_v1_0_4_reg__parameterized42 |          3 |          3 |       0 |    0 |   16 |      0 |      0 |          0 |
|             I_EN_CTL_EQ1.U_CTL                                                     |                                       u_ila_tx_xsdbs_v1_0_4_reg_ctl_14 |          3 |          3 |       0 |    0 |   16 |      0 |      0 |          0 |
|           reg_85                                                                   |                             u_ila_tx_xsdbs_v1_0_4_reg__parameterized43 |          3 |          3 |       0 |    0 |   16 |      0 |      0 |          0 |
|             I_EN_CTL_EQ1.U_CTL                                                     |                                       u_ila_tx_xsdbs_v1_0_4_reg_ctl_13 |          3 |          3 |       0 |    0 |   16 |      0 |      0 |          0 |
|           reg_887                                                                  |                             u_ila_tx_xsdbs_v1_0_4_reg__parameterized45 |          1 |          1 |       0 |    0 |    1 |      0 |      0 |          0 |
|             I_EN_STAT_EQ1.U_STAT                                                   |                                      u_ila_tx_xsdbs_v1_0_4_reg_stat_12 |          1 |          1 |       0 |    0 |    1 |      0 |      0 |          0 |
|           reg_88d                                                                  |                             u_ila_tx_xsdbs_v1_0_4_reg__parameterized47 |          0 |          0 |       0 |    0 |    2 |      0 |      0 |          0 |
|             I_EN_STAT_EQ1.U_STAT                                                   |                                      u_ila_tx_xsdbs_v1_0_4_reg_stat_11 |          0 |          0 |       0 |    0 |    2 |      0 |      0 |          0 |
|           reg_890                                                                  |                             u_ila_tx_xsdbs_v1_0_4_reg__parameterized50 |          0 |          0 |       0 |    0 |   16 |      0 |      0 |          0 |
|             (reg_890)                                                              |                             u_ila_tx_xsdbs_v1_0_4_reg__parameterized50 |          0 |          0 |       0 |    0 |    0 |      0 |      0 |          0 |
|             I_EN_STAT_EQ1.U_STAT                                                   |                                      u_ila_tx_xsdbs_v1_0_4_reg_stat_10 |          0 |          0 |       0 |    0 |   16 |      0 |      0 |          0 |
|           reg_9                                                                    |                             u_ila_tx_xsdbs_v1_0_4_reg__parameterized20 |          0 |          0 |       0 |    0 |   12 |      0 |      0 |          0 |
|             I_EN_STAT_EQ1.U_STAT                                                   |                                      u_ila_tx_xsdbs_v1_0_4_reg_stat_24 |          0 |          0 |       0 |    0 |   12 |      0 |      0 |          0 |
|           reg_srl_fff                                                              |                          u_ila_tx_xsdbs_v1_0_4_reg_p2s__parameterized4 |         32 |         32 |       0 |    0 |   43 |      0 |      0 |          0 |
|           reg_stream_ffd                                                           |                                       u_ila_tx_xsdbs_v1_0_4_reg_stream |          3 |          3 |       0 |    0 |   16 |      0 |      0 |          0 |
|             I_EN_CTL_EQ1.U_CTL                                                     |                                          u_ila_tx_xsdbs_v1_0_4_reg_ctl |          3 |          3 |       0 |    0 |   16 |      0 |      0 |          0 |
|           reg_stream_ffe                                                           |                       u_ila_tx_xsdbs_v1_0_4_reg_stream__parameterized0 |          3 |          3 |       0 |    0 |   12 |      0 |      0 |          0 |
|             (reg_stream_ffe)                                                       |                       u_ila_tx_xsdbs_v1_0_4_reg_stream__parameterized0 |          3 |          3 |       0 |    0 |    0 |      0 |      0 |          0 |
|             I_EN_STAT_EQ1.U_STAT                                                   |                                         u_ila_tx_xsdbs_v1_0_4_reg_stat |          0 |          0 |       0 |    0 |   12 |      0 |      0 |          0 |
|         u_ila_reset_ctrl                                                           |                                    u_ila_tx_ila_v6_2_16_ila_reset_ctrl |          9 |          9 |       0 |    0 |   34 |      0 |      0 |          0 |
|           (u_ila_reset_ctrl)                                                       |                                    u_ila_tx_ila_v6_2_16_ila_reset_ctrl |          3 |          3 |       0 |    0 |    8 |      0 |      0 |          0 |
|           arm_detection_inst                                                       |                            u_ila_tx_ltlib_v1_0_2_rising_edge_detection |          1 |          1 |       0 |    0 |    3 |      0 |      0 |          0 |
|           asyncrounous_transfer.arm_in_transfer_inst                               |                               u_ila_tx_ltlib_v1_0_2_async_edge_xfer__2 |          1 |          1 |       0 |    0 |    5 |      0 |      0 |          0 |
|           asyncrounous_transfer.arm_out_transfer_inst                              |                               u_ila_tx_ltlib_v1_0_2_async_edge_xfer__3 |          1 |          1 |       0 |    0 |    5 |      0 |      0 |          0 |
|           asyncrounous_transfer.halt_in_transfer_inst                              |                               u_ila_tx_ltlib_v1_0_2_async_edge_xfer__1 |          1 |          1 |       0 |    0 |    5 |      0 |      0 |          0 |
|           asyncrounous_transfer.halt_out_transfer_inst                             |                                  u_ila_tx_ltlib_v1_0_2_async_edge_xfer |          1 |          1 |       0 |    0 |    5 |      0 |      0 |          0 |
|           halt_detection_inst                                                      |                         u_ila_tx_ltlib_v1_0_2_rising_edge_detection__1 |          1 |          1 |       0 |    0 |    3 |      0 |      0 |          0 |
|         u_trig                                                                     |                                       u_ila_tx_ila_v6_2_16_ila_trigger |         32 |          7 |       0 |   25 |   37 |      0 |      0 |          0 |
|           (u_trig)                                                                 |                                       u_ila_tx_ila_v6_2_16_ila_trigger |          1 |          1 |       0 |    0 |    1 |      0 |      0 |          0 |
|           N_DDR_TC.N_DDR_TC_INST[0].U_TC                                           |                                            u_ila_tx_ltlib_v1_0_2_match |          5 |          0 |       0 |    5 |    6 |      0 |      0 |          0 |
|             (N_DDR_TC.N_DDR_TC_INST[0].U_TC)                                       |                                            u_ila_tx_ltlib_v1_0_2_match |          0 |          0 |       0 |    0 |    1 |      0 |      0 |          0 |
|             allx_typeA_match_detection.ltlib_v1_0_2_allx_typeA_inst                |                                       u_ila_tx_ltlib_v1_0_2_allx_typeA |          5 |          0 |       0 |    5 |    5 |      0 |      0 |          0 |
|               (allx_typeA_match_detection.ltlib_v1_0_2_allx_typeA_inst)            |                                       u_ila_tx_ltlib_v1_0_2_allx_typeA |          0 |          0 |       0 |    0 |    4 |      0 |      0 |          0 |
|               DUT                                                                  |                                      u_ila_tx_ltlib_v1_0_2_all_typeA_8 |          5 |          0 |       0 |    5 |    1 |      0 |      0 |          0 |
|                 (DUT)                                                              |                                      u_ila_tx_ltlib_v1_0_2_all_typeA_8 |          1 |          0 |       0 |    1 |    0 |      0 |      0 |          0 |
|                 I_WHOLE_SLICE.G_SLICE_IDX[0].U_ALL_SRL_SLICE                       |                                u_ila_tx_ltlib_v1_0_2_all_typeA_slice_9 |          4 |          0 |       0 |    4 |    1 |      0 |      0 |          0 |
|           U_TM                                                                     |                                    u_ila_tx_ila_v6_2_16_ila_trig_match |         26 |          6 |       0 |   20 |   30 |      0 |      0 |          0 |
|             (U_TM)                                                                 |                                    u_ila_tx_ila_v6_2_16_ila_trig_match |          6 |          6 |       0 |    0 |    0 |      0 |      0 |          0 |
|             N_DDR_MODE.G_NMU[0].U_M                                                |                            u_ila_tx_ltlib_v1_0_2_match__parameterized0 |          5 |          0 |       0 |    5 |   18 |      0 |      0 |          0 |
|               (N_DDR_MODE.G_NMU[0].U_M)                                            |                            u_ila_tx_ltlib_v1_0_2_match__parameterized0 |          0 |          0 |       0 |    0 |    1 |      0 |      0 |          0 |
|               allx_typeA_match_detection.ltlib_v1_0_2_allx_typeA_inst              |                       u_ila_tx_ltlib_v1_0_2_allx_typeA__parameterized0 |          5 |          0 |       0 |    5 |   17 |      0 |      0 |          0 |
|                 (allx_typeA_match_detection.ltlib_v1_0_2_allx_typeA_inst)          |                       u_ila_tx_ltlib_v1_0_2_allx_typeA__parameterized0 |          0 |          0 |       0 |    0 |   16 |      0 |      0 |          0 |
|                 DUT                                                                |                                      u_ila_tx_ltlib_v1_0_2_all_typeA_6 |          5 |          0 |       0 |    5 |    1 |      0 |      0 |          0 |
|                   (DUT)                                                            |                                      u_ila_tx_ltlib_v1_0_2_all_typeA_6 |          1 |          0 |       0 |    1 |    0 |      0 |      0 |          0 |
|                   I_WHOLE_SLICE.G_SLICE_IDX[0].U_ALL_SRL_SLICE                     |                                u_ila_tx_ltlib_v1_0_2_all_typeA_slice_7 |          4 |          0 |       0 |    4 |    1 |      0 |      0 |          0 |
|             N_DDR_MODE.G_NMU[1].U_M                                                |                         u_ila_tx_ltlib_v1_0_2_match__parameterized1__1 |          5 |          0 |       0 |    5 |    4 |      0 |      0 |          0 |
|               (N_DDR_MODE.G_NMU[1].U_M)                                            |                         u_ila_tx_ltlib_v1_0_2_match__parameterized1__1 |          0 |          0 |       0 |    0 |    1 |      0 |      0 |          0 |
|               allx_typeA_match_detection.ltlib_v1_0_2_allx_typeA_inst              |                     u_ila_tx_ltlib_v1_0_2_allx_typeA__parameterized1_3 |          5 |          0 |       0 |    5 |    3 |      0 |      0 |          0 |
|                 (allx_typeA_match_detection.ltlib_v1_0_2_allx_typeA_inst)          |                     u_ila_tx_ltlib_v1_0_2_allx_typeA__parameterized1_3 |          0 |          0 |       0 |    0 |    2 |      0 |      0 |          0 |
|                 DUT                                                                |                                      u_ila_tx_ltlib_v1_0_2_all_typeA_4 |          5 |          0 |       0 |    5 |    1 |      0 |      0 |          0 |
|                   (DUT)                                                            |                                      u_ila_tx_ltlib_v1_0_2_all_typeA_4 |          1 |          0 |       0 |    1 |    0 |      0 |      0 |          0 |
|                   I_WHOLE_SLICE.G_SLICE_IDX[0].U_ALL_SRL_SLICE                     |                                u_ila_tx_ltlib_v1_0_2_all_typeA_slice_5 |          4 |          0 |       0 |    4 |    1 |      0 |      0 |          0 |
|             N_DDR_MODE.G_NMU[2].U_M                                                |                         u_ila_tx_ltlib_v1_0_2_match__parameterized1__2 |          5 |          0 |       0 |    5 |    4 |      0 |      0 |          0 |
|               (N_DDR_MODE.G_NMU[2].U_M)                                            |                         u_ila_tx_ltlib_v1_0_2_match__parameterized1__2 |          0 |          0 |       0 |    0 |    1 |      0 |      0 |          0 |
|               allx_typeA_match_detection.ltlib_v1_0_2_allx_typeA_inst              |                     u_ila_tx_ltlib_v1_0_2_allx_typeA__parameterized1_0 |          5 |          0 |       0 |    5 |    3 |      0 |      0 |          0 |
|                 (allx_typeA_match_detection.ltlib_v1_0_2_allx_typeA_inst)          |                     u_ila_tx_ltlib_v1_0_2_allx_typeA__parameterized1_0 |          0 |          0 |       0 |    0 |    2 |      0 |      0 |          0 |
|                 DUT                                                                |                                      u_ila_tx_ltlib_v1_0_2_all_typeA_1 |          5 |          0 |       0 |    5 |    1 |      0 |      0 |          0 |
|                   (DUT)                                                            |                                      u_ila_tx_ltlib_v1_0_2_all_typeA_1 |          1 |          0 |       0 |    1 |    0 |      0 |      0 |          0 |
|                   I_WHOLE_SLICE.G_SLICE_IDX[0].U_ALL_SRL_SLICE                     |                                u_ila_tx_ltlib_v1_0_2_all_typeA_slice_2 |          4 |          0 |       0 |    4 |    1 |      0 |      0 |          0 |
|             N_DDR_MODE.G_NMU[3].U_M                                                |                            u_ila_tx_ltlib_v1_0_2_match__parameterized1 |          5 |          0 |       0 |    5 |    4 |      0 |      0 |          0 |
|               (N_DDR_MODE.G_NMU[3].U_M)                                            |                            u_ila_tx_ltlib_v1_0_2_match__parameterized1 |          0 |          0 |       0 |    0 |    1 |      0 |      0 |          0 |
|               allx_typeA_match_detection.ltlib_v1_0_2_allx_typeA_inst              |                       u_ila_tx_ltlib_v1_0_2_allx_typeA__parameterized1 |          5 |          0 |       0 |    5 |    3 |      0 |      0 |          0 |
|                 (allx_typeA_match_detection.ltlib_v1_0_2_allx_typeA_inst)          |                       u_ila_tx_ltlib_v1_0_2_allx_typeA__parameterized1 |          0 |          0 |       0 |    0 |    2 |      0 |      0 |          0 |
|                 DUT                                                                |                                        u_ila_tx_ltlib_v1_0_2_all_typeA |          5 |          0 |       0 |    5 |    1 |      0 |      0 |          0 |
|                   (DUT)                                                            |                                        u_ila_tx_ltlib_v1_0_2_all_typeA |          1 |          0 |       0 |    1 |    0 |      0 |      0 |          0 |
|                   I_WHOLE_SLICE.G_SLICE_IDX[0].U_ALL_SRL_SLICE                     |                                  u_ila_tx_ltlib_v1_0_2_all_typeA_slice |          4 |          0 |       0 |    4 |    1 |      0 |      0 |          0 |
|         xsdb_memory_read_inst                                                      |                                    u_ila_tx_ltlib_v1_0_2_generic_memrd |         26 |         24 |       0 |    2 |   33 |      0 |      0 |          0 |
|   u_mdio_inst_0                                                                    |                                                                mdio__1 |         95 |         95 |       0 |    0 |  126 |      0 |      0 |          0 |
|   u_mdio_inst_1                                                                    |                                                                   mdio |         95 |         95 |       0 |    0 |  126 |      0 |      0 |          0 |
|   u_vio_mdio                                                                       |                                                               vio_mdio |        238 |        238 |       0 |    0 |  499 |      0 |      0 |          0 |
|     (u_vio_mdio)                                                                   |                                                               vio_mdio |          0 |          0 |       0 |    0 |    0 |      0 |      0 |          0 |
|     inst                                                                           |                                                vio_mdiovio_v3_0_26_vio |        238 |        238 |       0 |    0 |  499 |      0 |      0 |          0 |
|       (inst)                                                                       |                                                vio_mdiovio_v3_0_26_vio |          0 |          0 |       0 |    0 |   16 |      0 |      0 |          0 |
|       DECODER_INST                                                                 |                                            vio_mdiovio_v3_0_26_decoder |         35 |         35 |       0 |    0 |   47 |      0 |      0 |          0 |
|       PROBE_IN_INST                                                                |                                       vio_mdiovio_v3_0_26_probe_in_one |        102 |        102 |       0 |    0 |  182 |      0 |      0 |          0 |
|       PROBE_OUT_ALL_INST                                                           |                                      vio_mdiovio_v3_0_26_probe_out_all |         22 |         22 |       0 |    0 |   88 |      0 |      0 |          0 |
|         (PROBE_OUT_ALL_INST)                                                       |                                      vio_mdiovio_v3_0_26_probe_out_all |         18 |         18 |       0 |    0 |   28 |      0 |      0 |          0 |
|         G_PROBE_OUT[0].PROBE_OUT0_INST                                             |                                      vio_mdiovio_v3_0_26_probe_out_one |          1 |          1 |       0 |    0 |    2 |      0 |      0 |          0 |
|         G_PROBE_OUT[1].PROBE_OUT0_INST                                             |                      vio_mdiovio_v3_0_26_probe_out_one__parameterized0 |          0 |          0 |       0 |    0 |   10 |      0 |      0 |          0 |
|         G_PROBE_OUT[2].PROBE_OUT0_INST                                             |                      vio_mdiovio_v3_0_26_probe_out_one__parameterized1 |          0 |          0 |       0 |    0 |   10 |      0 |      0 |          0 |
|         G_PROBE_OUT[3].PROBE_OUT0_INST                                             |                                    vio_mdiovio_v3_0_26_probe_out_one_0 |          1 |          1 |       0 |    0 |    2 |      0 |      0 |          0 |
|         G_PROBE_OUT[4].PROBE_OUT0_INST                                             |                                    vio_mdiovio_v3_0_26_probe_out_one_1 |          1 |          1 |       0 |    0 |    2 |      0 |      0 |          0 |
|         G_PROBE_OUT[5].PROBE_OUT0_INST                                             |                      vio_mdiovio_v3_0_26_probe_out_one__parameterized2 |          0 |          0 |       0 |    0 |   32 |      0 |      0 |          0 |
|         G_PROBE_OUT[6].PROBE_OUT0_INST                                             |                                    vio_mdiovio_v3_0_26_probe_out_one_2 |          1 |          1 |       0 |    0 |    2 |      0 |      0 |          0 |
|       PROBE_OUT_WIDTH_INST                                                         |                                        vio_mdiovio_v3_0_26_probe_width |          3 |          3 |       0 |    0 |    5 |      0 |      0 |          0 |
|       U_XSDB_SLAVE                                                                 |                                             vio_mdioxsdbs_v1_0_4_xsdbs |         77 |         77 |       0 |    0 |  161 |      0 |      0 |          0 |
|   u_vio_rx                                                                         |                                                            vio_gmii_rx |        100 |        100 |       0 |    0 |  231 |      0 |      0 |          0 |
|     (u_vio_rx)                                                                     |                                                            vio_gmii_rx |          0 |          0 |       0 |    0 |    0 |      0 |      0 |          0 |
|     inst                                                                           |                                             vio_gmii_rxvio_v3_0_26_vio |        100 |        100 |       0 |    0 |  231 |      0 |      0 |          0 |
|       (inst)                                                                       |                                             vio_gmii_rxvio_v3_0_26_vio |          0 |          0 |       0 |    0 |   16 |      0 |      0 |          0 |
|       DECODER_INST                                                                 |                                         vio_gmii_rxvio_v3_0_26_decoder |         21 |         21 |       0 |    0 |   48 |      0 |      0 |          0 |
|       PROBE_OUT_ALL_INST                                                           |                                   vio_gmii_rxvio_v3_0_26_probe_out_all |          4 |          4 |       0 |    0 |    6 |      0 |      0 |          0 |
|         (PROBE_OUT_ALL_INST)                                                       |                                   vio_gmii_rxvio_v3_0_26_probe_out_all |          3 |          3 |       0 |    0 |    4 |      0 |      0 |          0 |
|         G_PROBE_OUT[0].PROBE_OUT0_INST                                             |                                   vio_gmii_rxvio_v3_0_26_probe_out_one |          1 |          1 |       0 |    0 |    2 |      0 |      0 |          0 |
|       U_XSDB_SLAVE                                                                 |                                          vio_gmii_rxxsdbs_v1_0_4_xsdbs |         77 |         77 |       0 |    0 |  161 |      0 |      0 |          0 |
|   u_vio_tx_gmii                                                                    |                                                            vio_gmii_tx |        211 |        211 |       0 |    0 |  613 |      0 |      0 |          0 |
|     (u_vio_tx_gmii)                                                                |                                                            vio_gmii_tx |          0 |          0 |       0 |    0 |    0 |      0 |      0 |          0 |
|     inst                                                                           |                                             vio_gmii_txvio_v3_0_26_vio |        211 |        211 |       0 |    0 |  613 |      0 |      0 |          0 |
|       (inst)                                                                       |                                             vio_gmii_txvio_v3_0_26_vio |          0 |          0 |       0 |    0 |   16 |      0 |      0 |          0 |
|       DECODER_INST                                                                 |                                         vio_gmii_txvio_v3_0_26_decoder |         33 |         33 |       0 |    0 |   47 |      0 |      0 |          0 |
|       PROBE_IN_INST                                                                |                                    vio_gmii_txvio_v3_0_26_probe_in_one |          5 |          5 |       0 |    0 |   10 |      0 |      0 |          0 |
|       PROBE_OUT_ALL_INST                                                           |                                   vio_gmii_txvio_v3_0_26_probe_out_all |         95 |         95 |       0 |    0 |  372 |      0 |      0 |          0 |
|         (PROBE_OUT_ALL_INST)                                                       |                                   vio_gmii_txvio_v3_0_26_probe_out_all |         41 |         41 |       0 |    0 |   27 |      0 |      0 |          0 |
|         G_PROBE_OUT[0].PROBE_OUT0_INST                                             |                                   vio_gmii_txvio_v3_0_26_probe_out_one |          1 |          1 |       0 |    0 |    2 |      0 |      0 |          0 |
|         G_PROBE_OUT[1].PROBE_OUT0_INST                                             |                   vio_gmii_txvio_v3_0_26_probe_out_one__parameterized0 |         20 |         20 |       0 |    0 |  114 |      0 |      0 |          0 |
|         G_PROBE_OUT[2].PROBE_OUT0_INST                                             |                   vio_gmii_txvio_v3_0_26_probe_out_one__parameterized1 |         20 |         20 |       0 |    0 |  114 |      0 |      0 |          0 |
|         G_PROBE_OUT[3].PROBE_OUT0_INST                                             |                   vio_gmii_txvio_v3_0_26_probe_out_one__parameterized2 |          0 |          0 |       0 |    0 |   32 |      0 |      0 |          0 |
|         G_PROBE_OUT[4].PROBE_OUT0_INST                                             |                   vio_gmii_txvio_v3_0_26_probe_out_one__parameterized3 |         13 |         13 |       0 |    0 |   81 |      0 |      0 |          0 |
|         G_PROBE_OUT[5].PROBE_OUT0_INST                                             |                                 vio_gmii_txvio_v3_0_26_probe_out_one_0 |          1 |          1 |       0 |    0 |    2 |      0 |      0 |          0 |
|       PROBE_OUT_WIDTH_INST                                                         |                                     vio_gmii_txvio_v3_0_26_probe_width |          4 |          4 |       0 |    0 |    7 |      0 |      0 |          0 |
|       U_XSDB_SLAVE                                                                 |                                          vio_gmii_txxsdbs_v1_0_4_xsdbs |         77 |         77 |       0 |    0 |  161 |      0 |      0 |          0 |
+------------------------------------------------------------------------------------+------------------------------------------------------------------------+------------+------------+---------+------+------+--------+--------+------------+
* Note: The sum of lower-level cells may be larger than their parent cells total, due to cross-hierarchy LUT combining


