Copyright 1986-2020 Xilinx, Inc. All Rights Reserved.
-----------------------------------------------------------------------------------------------------------------------------------------------
| Tool Version : Vivado v.2020.2 (lin64) Build 3064766 Wed Nov 18 09:12:47 MST 2020
| Date         : Tue Jul 28 00:56:53 2026
| Host         : aujusDSP1 running 64-bit Ubuntu 20.04.6 LTS
| Command      : report_timing -max_paths 100 -file /home/aujus_dsp_1/Documents/Learning/gigabit_ethernet/Output/reports/post_route_timing.rpt
| Design       : gmii_top
| Device       : 7a100t-fgg484
| Speed File   : -2  PRODUCTION 1.23 2018-06-13
-----------------------------------------------------------------------------------------------------------------------------------------------

Timing Report

Slack (MET) :             1.551ns  (required time - arrival time)
  Source:                 u_vio_tx_gmii/inst/PROBE_OUT_ALL_INST/G_PROBE_OUT[0].PROBE_OUT0_INST/Probe_out_reg[0]/C
                            (rising edge-triggered cell FDRE clocked by clk_125_clk_gen  {rise@0.000ns fall@4.000ns period=8.000ns})
  Destination:            u_gmii_inst/frame_mem_reg[16][7]/CE
                            (falling edge-triggered cell FDRE clocked by clk_125_clk_gen  {rise@0.000ns fall@4.000ns period=8.000ns})
  Path Group:             clk_125_clk_gen
  Path Type:              Setup (Max at Slow Process Corner)
  Requirement:            4.000ns  (clk_125_clk_gen fall@4.000ns - clk_125_clk_gen rise@0.000ns)
  Data Path Delay:        2.178ns  (logic 0.484ns (22.227%)  route 1.694ns (77.773%))
  Logic Levels:           1  (LUT2=1)
  Clock Path Skew:        -0.043ns (DCD - SCD + CPR)
    Destination Clock Delay (DCD):    -1.429ns = ( 2.571 - 4.000 ) 
    Source Clock Delay      (SCD):    -1.007ns
    Clock Pessimism Removal (CPR):    0.380ns
  Clock Uncertainty:      0.064ns  ((TSJ^2 + DJ^2)^1/2) / 2 + PE
    Total System Jitter     (TSJ):    0.071ns
    Discrete Jitter          (DJ):    0.108ns
    Phase Error              (PE):    0.000ns

    Location             Delay type                Incr(ns)  Path(ns)    Netlist Resource(s)
  -------------------------------------------------------------------    -------------------
                         (clock clk_125_clk_gen rise edge)
                                                      0.000     0.000 r  
    R4                                                0.000     0.000 r  clk_in1_p (IN)
                         net (fo=0)                   0.000     0.000    u_clk_gen/inst/clk_in1_p
    R4                   IBUFDS (Prop_ibufds_I_O)     0.851     0.851 r  u_clk_gen/inst/clkin1_ibufgds/O
                         net (fo=1, routed)           1.065     1.916    u_clk_gen/inst/clk_in1_clk_gen
    MMCME2_ADV_X1Y1      MMCME2_ADV (Prop_mmcme2_adv_CLKIN1_CLKOUT1)
                                                     -5.972    -4.056 r  u_clk_gen/inst/mmcm_adv_inst/CLKOUT1
                         net (fo=1, routed)           1.449    -2.608    u_clk_gen/inst/clk_125_clk_gen
    BUFGCTRL_X0Y0        BUFG (Prop_bufg_I_O)         0.081    -2.527 r  u_clk_gen/inst/clkout2_buf/O
                         net (fo=5509, routed)        1.520    -1.007    u_vio_tx_gmii/inst/PROBE_OUT_ALL_INST/G_PROBE_OUT[0].PROBE_OUT0_INST/clk
    SLICE_X13Y173        FDRE                                         r  u_vio_tx_gmii/inst/PROBE_OUT_ALL_INST/G_PROBE_OUT[0].PROBE_OUT0_INST/Probe_out_reg[0]/C
  -------------------------------------------------------------------    -------------------
    SLICE_X13Y173        FDRE (Prop_fdre_C_Q)         0.379    -0.628 f  u_vio_tx_gmii/inst/PROBE_OUT_ALL_INST/G_PROBE_OUT[0].PROBE_OUT0_INST/Probe_out_reg[0]/Q
                         net (fo=21, routed)          0.694     0.066    u_gmii_inst/rst
    SLICE_X8Y170         LUT2 (Prop_lut2_I1_O)        0.105     0.171 r  u_gmii_inst/frame_mem[8][7]_i_1/O
                         net (fo=144, routed)         1.000     1.171    u_gmii_inst/frame_mem[8][7]_i_1_n_0
    SLICE_X22Y174        FDRE                                         r  u_gmii_inst/frame_mem_reg[16][7]/CE
  -------------------------------------------------------------------    -------------------

                         (clock clk_125_clk_gen fall edge)
                                                      4.000     4.000 f  
    R4                                                0.000     4.000 f  clk_in1_p (IN)
                         net (fo=0)                   0.000     4.000    u_clk_gen/inst/clk_in1_p
    R4                   IBUFDS (Prop_ibufds_I_O)     0.813     4.813 f  u_clk_gen/inst/clkin1_ibufgds/O
                         net (fo=1, routed)           1.004     5.817    u_clk_gen/inst/clk_in1_clk_gen
    MMCME2_ADV_X1Y1      MMCME2_ADV (Prop_mmcme2_adv_CLKIN1_CLKOUT1)
                                                     -6.107    -0.291 f  u_clk_gen/inst/mmcm_adv_inst/CLKOUT1
                         net (fo=1, routed)           1.381     1.091    u_clk_gen/inst/clk_125_clk_gen
    BUFGCTRL_X0Y0        BUFG (Prop_bufg_I_O)         0.077     1.168 f  u_clk_gen/inst/clkout2_buf/O
                         net (fo=5509, routed)        1.403     2.571    u_gmii_inst/clk
    SLICE_X22Y174        FDRE                                         r  u_gmii_inst/frame_mem_reg[16][7]/C  (IS_INVERTED)
                         clock pessimism              0.380     2.950    
                         clock uncertainty           -0.064     2.886    
    SLICE_X22Y174        FDRE (Setup_fdre_C_CE)      -0.164     2.722    u_gmii_inst/frame_mem_reg[16][7]
  -------------------------------------------------------------------
                         required time                          2.722    
                         arrival time                          -1.171    
  -------------------------------------------------------------------
                         slack                                  1.551    

Slack (MET) :             1.551ns  (required time - arrival time)
  Source:                 u_vio_tx_gmii/inst/PROBE_OUT_ALL_INST/G_PROBE_OUT[0].PROBE_OUT0_INST/Probe_out_reg[0]/C
                            (rising edge-triggered cell FDRE clocked by clk_125_clk_gen  {rise@0.000ns fall@4.000ns period=8.000ns})
  Destination:            u_gmii_inst/frame_mem_reg[17][7]/CE
                            (falling edge-triggered cell FDRE clocked by clk_125_clk_gen  {rise@0.000ns fall@4.000ns period=8.000ns})
  Path Group:             clk_125_clk_gen
  Path Type:              Setup (Max at Slow Process Corner)
  Requirement:            4.000ns  (clk_125_clk_gen fall@4.000ns - clk_125_clk_gen rise@0.000ns)
  Data Path Delay:        2.178ns  (logic 0.484ns (22.227%)  route 1.694ns (77.773%))
  Logic Levels:           1  (LUT2=1)
  Clock Path Skew:        -0.043ns (DCD - SCD + CPR)
    Destination Clock Delay (DCD):    -1.429ns = ( 2.571 - 4.000 ) 
    Source Clock Delay      (SCD):    -1.007ns
    Clock Pessimism Removal (CPR):    0.380ns
  Clock Uncertainty:      0.064ns  ((TSJ^2 + DJ^2)^1/2) / 2 + PE
    Total System Jitter     (TSJ):    0.071ns
    Discrete Jitter          (DJ):    0.108ns
    Phase Error              (PE):    0.000ns

    Location             Delay type                Incr(ns)  Path(ns)    Netlist Resource(s)
  -------------------------------------------------------------------    -------------------
                         (clock clk_125_clk_gen rise edge)
                                                      0.000     0.000 r  
    R4                                                0.000     0.000 r  clk_in1_p (IN)
                         net (fo=0)                   0.000     0.000    u_clk_gen/inst/clk_in1_p
    R4                   IBUFDS (Prop_ibufds_I_O)     0.851     0.851 r  u_clk_gen/inst/clkin1_ibufgds/O
                         net (fo=1, routed)           1.065     1.916    u_clk_gen/inst/clk_in1_clk_gen
    MMCME2_ADV_X1Y1      MMCME2_ADV (Prop_mmcme2_adv_CLKIN1_CLKOUT1)
                                                     -5.972    -4.056 r  u_clk_gen/inst/mmcm_adv_inst/CLKOUT1
                         net (fo=1, routed)           1.449    -2.608    u_clk_gen/inst/clk_125_clk_gen
    BUFGCTRL_X0Y0        BUFG (Prop_bufg_I_O)         0.081    -2.527 r  u_clk_gen/inst/clkout2_buf/O
                         net (fo=5509, routed)        1.520    -1.007    u_vio_tx_gmii/inst/PROBE_OUT_ALL_INST/G_PROBE_OUT[0].PROBE_OUT0_INST/clk
    SLICE_X13Y173        FDRE                                         r  u_vio_tx_gmii/inst/PROBE_OUT_ALL_INST/G_PROBE_OUT[0].PROBE_OUT0_INST/Probe_out_reg[0]/C
  -------------------------------------------------------------------    -------------------
    SLICE_X13Y173        FDRE (Prop_fdre_C_Q)         0.379    -0.628 f  u_vio_tx_gmii/inst/PROBE_OUT_ALL_INST/G_PROBE_OUT[0].PROBE_OUT0_INST/Probe_out_reg[0]/Q
                         net (fo=21, routed)          0.694     0.066    u_gmii_inst/rst
    SLICE_X8Y170         LUT2 (Prop_lut2_I1_O)        0.105     0.171 r  u_gmii_inst/frame_mem[8][7]_i_1/O
                         net (fo=144, routed)         1.000     1.171    u_gmii_inst/frame_mem[8][7]_i_1_n_0
    SLICE_X22Y174        FDRE                                         r  u_gmii_inst/frame_mem_reg[17][7]/CE
  -------------------------------------------------------------------    -------------------

                         (clock clk_125_clk_gen fall edge)
                                                      4.000     4.000 f  
    R4                                                0.000     4.000 f  clk_in1_p (IN)
                         net (fo=0)                   0.000     4.000    u_clk_gen/inst/clk_in1_p
    R4                   IBUFDS (Prop_ibufds_I_O)     0.813     4.813 f  u_clk_gen/inst/clkin1_ibufgds/O
                         net (fo=1, routed)           1.004     5.817    u_clk_gen/inst/clk_in1_clk_gen
    MMCME2_ADV_X1Y1      MMCME2_ADV (Prop_mmcme2_adv_CLKIN1_CLKOUT1)
                                                     -6.107    -0.291 f  u_clk_gen/inst/mmcm_adv_inst/CLKOUT1
                         net (fo=1, routed)           1.381     1.091    u_clk_gen/inst/clk_125_clk_gen
    BUFGCTRL_X0Y0        BUFG (Prop_bufg_I_O)         0.077     1.168 f  u_clk_gen/inst/clkout2_buf/O
                         net (fo=5509, routed)        1.403     2.571    u_gmii_inst/clk
    SLICE_X22Y174        FDRE                                         r  u_gmii_inst/frame_mem_reg[17][7]/C  (IS_INVERTED)
                         clock pessimism              0.380     2.950    
                         clock uncertainty           -0.064     2.886    
    SLICE_X22Y174        FDRE (Setup_fdre_C_CE)      -0.164     2.722    u_gmii_inst/frame_mem_reg[17][7]
  -------------------------------------------------------------------
                         required time                          2.722    
                         arrival time                          -1.171    
  -------------------------------------------------------------------
                         slack                                  1.551    

Slack (MET) :             1.551ns  (required time - arrival time)
  Source:                 u_vio_tx_gmii/inst/PROBE_OUT_ALL_INST/G_PROBE_OUT[0].PROBE_OUT0_INST/Probe_out_reg[0]/C
                            (rising edge-triggered cell FDRE clocked by clk_125_clk_gen  {rise@0.000ns fall@4.000ns period=8.000ns})
  Destination:            u_gmii_inst/frame_mem_reg[18][7]/CE
                            (falling edge-triggered cell FDRE clocked by clk_125_clk_gen  {rise@0.000ns fall@4.000ns period=8.000ns})
  Path Group:             clk_125_clk_gen
  Path Type:              Setup (Max at Slow Process Corner)
  Requirement:            4.000ns  (clk_125_clk_gen fall@4.000ns - clk_125_clk_gen rise@0.000ns)
  Data Path Delay:        2.178ns  (logic 0.484ns (22.227%)  route 1.694ns (77.773%))
  Logic Levels:           1  (LUT2=1)
  Clock Path Skew:        -0.043ns (DCD - SCD + CPR)
    Destination Clock Delay (DCD):    -1.429ns = ( 2.571 - 4.000 ) 
    Source Clock Delay      (SCD):    -1.007ns
    Clock Pessimism Removal (CPR):    0.380ns
  Clock Uncertainty:      0.064ns  ((TSJ^2 + DJ^2)^1/2) / 2 + PE
    Total System Jitter     (TSJ):    0.071ns
    Discrete Jitter          (DJ):    0.108ns
    Phase Error              (PE):    0.000ns

    Location             Delay type                Incr(ns)  Path(ns)    Netlist Resource(s)
  -------------------------------------------------------------------    -------------------
                         (clock clk_125_clk_gen rise edge)
                                                      0.000     0.000 r  
    R4                                                0.000     0.000 r  clk_in1_p (IN)
                         net (fo=0)                   0.000     0.000    u_clk_gen/inst/clk_in1_p
    R4                   IBUFDS (Prop_ibufds_I_O)     0.851     0.851 r  u_clk_gen/inst/clkin1_ibufgds/O
                         net (fo=1, routed)           1.065     1.916    u_clk_gen/inst/clk_in1_clk_gen
    MMCME2_ADV_X1Y1      MMCME2_ADV (Prop_mmcme2_adv_CLKIN1_CLKOUT1)
                                                     -5.972    -4.056 r  u_clk_gen/inst/mmcm_adv_inst/CLKOUT1
                         net (fo=1, routed)           1.449    -2.608    u_clk_gen/inst/clk_125_clk_gen
    BUFGCTRL_X0Y0        BUFG (Prop_bufg_I_O)         0.081    -2.527 r  u_clk_gen/inst/clkout2_buf/O
                         net (fo=5509, routed)        1.520    -1.007    u_vio_tx_gmii/inst/PROBE_OUT_ALL_INST/G_PROBE_OUT[0].PROBE_OUT0_INST/clk
    SLICE_X13Y173        FDRE                                         r  u_vio_tx_gmii/inst/PROBE_OUT_ALL_INST/G_PROBE_OUT[0].PROBE_OUT0_INST/Probe_out_reg[0]/C
  -------------------------------------------------------------------    -------------------
    SLICE_X13Y173        FDRE (Prop_fdre_C_Q)         0.379    -0.628 f  u_vio_tx_gmii/inst/PROBE_OUT_ALL_INST/G_PROBE_OUT[0].PROBE_OUT0_INST/Probe_out_reg[0]/Q
                         net (fo=21, routed)          0.694     0.066    u_gmii_inst/rst
    SLICE_X8Y170         LUT2 (Prop_lut2_I1_O)        0.105     0.171 r  u_gmii_inst/frame_mem[8][7]_i_1/O
                         net (fo=144, routed)         1.000     1.171    u_gmii_inst/frame_mem[8][7]_i_1_n_0
    SLICE_X22Y174        FDRE                                         r  u_gmii_inst/frame_mem_reg[18][7]/CE
  -------------------------------------------------------------------    -------------------

                         (clock clk_125_clk_gen fall edge)
                                                      4.000     4.000 f  
    R4                                                0.000     4.000 f  clk_in1_p (IN)
                         net (fo=0)                   0.000     4.000    u_clk_gen/inst/clk_in1_p
    R4                   IBUFDS (Prop_ibufds_I_O)     0.813     4.813 f  u_clk_gen/inst/clkin1_ibufgds/O
                         net (fo=1, routed)           1.004     5.817    u_clk_gen/inst/clk_in1_clk_gen
    MMCME2_ADV_X1Y1      MMCME2_ADV (Prop_mmcme2_adv_CLKIN1_CLKOUT1)
                                                     -6.107    -0.291 f  u_clk_gen/inst/mmcm_adv_inst/CLKOUT1
                         net (fo=1, routed)           1.381     1.091    u_clk_gen/inst/clk_125_clk_gen
    BUFGCTRL_X0Y0        BUFG (Prop_bufg_I_O)         0.077     1.168 f  u_clk_gen/inst/clkout2_buf/O
                         net (fo=5509, routed)        1.403     2.571    u_gmii_inst/clk
    SLICE_X22Y174        FDRE                                         r  u_gmii_inst/frame_mem_reg[18][7]/C  (IS_INVERTED)
                         clock pessimism              0.380     2.950    
                         clock uncertainty           -0.064     2.886    
    SLICE_X22Y174        FDRE (Setup_fdre_C_CE)      -0.164     2.722    u_gmii_inst/frame_mem_reg[18][7]
  -------------------------------------------------------------------
                         required time                          2.722    
                         arrival time                          -1.171    
  -------------------------------------------------------------------
                         slack                                  1.551    

Slack (MET) :             1.551ns  (required time - arrival time)
  Source:                 u_vio_tx_gmii/inst/PROBE_OUT_ALL_INST/G_PROBE_OUT[0].PROBE_OUT0_INST/Probe_out_reg[0]/C
                            (rising edge-triggered cell FDRE clocked by clk_125_clk_gen  {rise@0.000ns fall@4.000ns period=8.000ns})
  Destination:            u_gmii_inst/frame_mem_reg[19][7]/CE
                            (falling edge-triggered cell FDRE clocked by clk_125_clk_gen  {rise@0.000ns fall@4.000ns period=8.000ns})
  Path Group:             clk_125_clk_gen
  Path Type:              Setup (Max at Slow Process Corner)
  Requirement:            4.000ns  (clk_125_clk_gen fall@4.000ns - clk_125_clk_gen rise@0.000ns)
  Data Path Delay:        2.178ns  (logic 0.484ns (22.227%)  route 1.694ns (77.773%))
  Logic Levels:           1  (LUT2=1)
  Clock Path Skew:        -0.043ns (DCD - SCD + CPR)
    Destination Clock Delay (DCD):    -1.429ns = ( 2.571 - 4.000 ) 
    Source Clock Delay      (SCD):    -1.007ns
    Clock Pessimism Removal (CPR):    0.380ns
  Clock Uncertainty:      0.064ns  ((TSJ^2 + DJ^2)^1/2) / 2 + PE
    Total System Jitter     (TSJ):    0.071ns
    Discrete Jitter          (DJ):    0.108ns
    Phase Error              (PE):    0.000ns

    Location             Delay type                Incr(ns)  Path(ns)    Netlist Resource(s)
  -------------------------------------------------------------------    -------------------
                         (clock clk_125_clk_gen rise edge)
                                                      0.000     0.000 r  
    R4                                                0.000     0.000 r  clk_in1_p (IN)
                         net (fo=0)                   0.000     0.000    u_clk_gen/inst/clk_in1_p
    R4                   IBUFDS (Prop_ibufds_I_O)     0.851     0.851 r  u_clk_gen/inst/clkin1_ibufgds/O
                         net (fo=1, routed)           1.065     1.916    u_clk_gen/inst/clk_in1_clk_gen
    MMCME2_ADV_X1Y1      MMCME2_ADV (Prop_mmcme2_adv_CLKIN1_CLKOUT1)
                                                     -5.972    -4.056 r  u_clk_gen/inst/mmcm_adv_inst/CLKOUT1
                         net (fo=1, routed)           1.449    -2.608    u_clk_gen/inst/clk_125_clk_gen
    BUFGCTRL_X0Y0        BUFG (Prop_bufg_I_O)         0.081    -2.527 r  u_clk_gen/inst/clkout2_buf/O
                         net (fo=5509, routed)        1.520    -1.007    u_vio_tx_gmii/inst/PROBE_OUT_ALL_INST/G_PROBE_OUT[0].PROBE_OUT0_INST/clk
    SLICE_X13Y173        FDRE                                         r  u_vio_tx_gmii/inst/PROBE_OUT_ALL_INST/G_PROBE_OUT[0].PROBE_OUT0_INST/Probe_out_reg[0]/C
  -------------------------------------------------------------------    -------------------
    SLICE_X13Y173        FDRE (Prop_fdre_C_Q)         0.379    -0.628 f  u_vio_tx_gmii/inst/PROBE_OUT_ALL_INST/G_PROBE_OUT[0].PROBE_OUT0_INST/Probe_out_reg[0]/Q
                         net (fo=21, routed)          0.694     0.066    u_gmii_inst/rst
    SLICE_X8Y170         LUT2 (Prop_lut2_I1_O)        0.105     0.171 r  u_gmii_inst/frame_mem[8][7]_i_1/O
                         net (fo=144, routed)         1.000     1.171    u_gmii_inst/frame_mem[8][7]_i_1_n_0
    SLICE_X22Y174        FDRE                                         r  u_gmii_inst/frame_mem_reg[19][7]/CE
  -------------------------------------------------------------------    -------------------

                         (clock clk_125_clk_gen fall edge)
                                                      4.000     4.000 f  
    R4                                                0.000     4.000 f  clk_in1_p (IN)
                         net (fo=0)                   0.000     4.000    u_clk_gen/inst/clk_in1_p
    R4                   IBUFDS (Prop_ibufds_I_O)     0.813     4.813 f  u_clk_gen/inst/clkin1_ibufgds/O
                         net (fo=1, routed)           1.004     5.817    u_clk_gen/inst/clk_in1_clk_gen
    MMCME2_ADV_X1Y1      MMCME2_ADV (Prop_mmcme2_adv_CLKIN1_CLKOUT1)
                                                     -6.107    -0.291 f  u_clk_gen/inst/mmcm_adv_inst/CLKOUT1
                         net (fo=1, routed)           1.381     1.091    u_clk_gen/inst/clk_125_clk_gen
    BUFGCTRL_X0Y0        BUFG (Prop_bufg_I_O)         0.077     1.168 f  u_clk_gen/inst/clkout2_buf/O
                         net (fo=5509, routed)        1.403     2.571    u_gmii_inst/clk
    SLICE_X22Y174        FDRE                                         r  u_gmii_inst/frame_mem_reg[19][7]/C  (IS_INVERTED)
                         clock pessimism              0.380     2.950    
                         clock uncertainty           -0.064     2.886    
    SLICE_X22Y174        FDRE (Setup_fdre_C_CE)      -0.164     2.722    u_gmii_inst/frame_mem_reg[19][7]
  -------------------------------------------------------------------
                         required time                          2.722    
                         arrival time                          -1.171    
  -------------------------------------------------------------------
                         slack                                  1.551    

Slack (MET) :             1.557ns  (required time - arrival time)
  Source:                 u_vio_tx_gmii/inst/PROBE_OUT_ALL_INST/G_PROBE_OUT[0].PROBE_OUT0_INST/Probe_out_reg[0]/C
                            (rising edge-triggered cell FDRE clocked by clk_125_clk_gen  {rise@0.000ns fall@4.000ns period=8.000ns})
  Destination:            u_gmii_inst/frame_mem_reg[16][5]/CE
                            (falling edge-triggered cell FDRE clocked by clk_125_clk_gen  {rise@0.000ns fall@4.000ns period=8.000ns})
  Path Group:             clk_125_clk_gen
  Path Type:              Setup (Max at Slow Process Corner)
  Requirement:            4.000ns  (clk_125_clk_gen fall@4.000ns - clk_125_clk_gen rise@0.000ns)
  Data Path Delay:        2.174ns  (logic 0.484ns (22.264%)  route 1.690ns (77.736%))
  Logic Levels:           1  (LUT2=1)
  Clock Path Skew:        -0.041ns (DCD - SCD + CPR)
    Destination Clock Delay (DCD):    -1.427ns = ( 2.573 - 4.000 ) 
    Source Clock Delay      (SCD):    -1.007ns
    Clock Pessimism Removal (CPR):    0.380ns
  Clock Uncertainty:      0.064ns  ((TSJ^2 + DJ^2)^1/2) / 2 + PE
    Total System Jitter     (TSJ):    0.071ns
    Discrete Jitter          (DJ):    0.108ns
    Phase Error              (PE):    0.000ns

    Location             Delay type                Incr(ns)  Path(ns)    Netlist Resource(s)
  -------------------------------------------------------------------    -------------------
                         (clock clk_125_clk_gen rise edge)
                                                      0.000     0.000 r  
    R4                                                0.000     0.000 r  clk_in1_p (IN)
                         net (fo=0)                   0.000     0.000    u_clk_gen/inst/clk_in1_p
    R4                   IBUFDS (Prop_ibufds_I_O)     0.851     0.851 r  u_clk_gen/inst/clkin1_ibufgds/O
                         net (fo=1, routed)           1.065     1.916    u_clk_gen/inst/clk_in1_clk_gen
    MMCME2_ADV_X1Y1      MMCME2_ADV (Prop_mmcme2_adv_CLKIN1_CLKOUT1)
                                                     -5.972    -4.056 r  u_clk_gen/inst/mmcm_adv_inst/CLKOUT1
                         net (fo=1, routed)           1.449    -2.608    u_clk_gen/inst/clk_125_clk_gen
    BUFGCTRL_X0Y0        BUFG (Prop_bufg_I_O)         0.081    -2.527 r  u_clk_gen/inst/clkout2_buf/O
                         net (fo=5509, routed)        1.520    -1.007    u_vio_tx_gmii/inst/PROBE_OUT_ALL_INST/G_PROBE_OUT[0].PROBE_OUT0_INST/clk
    SLICE_X13Y173        FDRE                                         r  u_vio_tx_gmii/inst/PROBE_OUT_ALL_INST/G_PROBE_OUT[0].PROBE_OUT0_INST/Probe_out_reg[0]/C
  -------------------------------------------------------------------    -------------------
    SLICE_X13Y173        FDRE (Prop_fdre_C_Q)         0.379    -0.628 f  u_vio_tx_gmii/inst/PROBE_OUT_ALL_INST/G_PROBE_OUT[0].PROBE_OUT0_INST/Probe_out_reg[0]/Q
                         net (fo=21, routed)          0.694     0.066    u_gmii_inst/rst
    SLICE_X8Y170         LUT2 (Prop_lut2_I1_O)        0.105     0.171 r  u_gmii_inst/frame_mem[8][7]_i_1/O
                         net (fo=144, routed)         0.996     1.167    u_gmii_inst/frame_mem[8][7]_i_1_n_0
    SLICE_X24Y177        FDRE                                         r  u_gmii_inst/frame_mem_reg[16][5]/CE
  -------------------------------------------------------------------    -------------------

                         (clock clk_125_clk_gen fall edge)
                                                      4.000     4.000 f  
    R4                                                0.000     4.000 f  clk_in1_p (IN)
                         net (fo=0)                   0.000     4.000    u_clk_gen/inst/clk_in1_p
    R4                   IBUFDS (Prop_ibufds_I_O)     0.813     4.813 f  u_clk_gen/inst/clkin1_ibufgds/O
                         net (fo=1, routed)           1.004     5.817    u_clk_gen/inst/clk_in1_clk_gen
    MMCME2_ADV_X1Y1      MMCME2_ADV (Prop_mmcme2_adv_CLKIN1_CLKOUT1)
                                                     -6.107    -0.291 f  u_clk_gen/inst/mmcm_adv_inst/CLKOUT1
                         net (fo=1, routed)           1.381     1.091    u_clk_gen/inst/clk_125_clk_gen
    BUFGCTRL_X0Y0        BUFG (Prop_bufg_I_O)         0.077     1.168 f  u_clk_gen/inst/clkout2_buf/O
                         net (fo=5509, routed)        1.405     2.573    u_gmii_inst/clk
    SLICE_X24Y177        FDRE                                         r  u_gmii_inst/frame_mem_reg[16][5]/C  (IS_INVERTED)
                         clock pessimism              0.380     2.952    
                         clock uncertainty           -0.064     2.888    
    SLICE_X24Y177        FDRE (Setup_fdre_C_CE)      -0.164     2.724    u_gmii_inst/frame_mem_reg[16][5]
  -------------------------------------------------------------------
                         required time                          2.724    
                         arrival time                          -1.167    
  -------------------------------------------------------------------
                         slack                                  1.557    

Slack (MET) :             1.557ns  (required time - arrival time)
  Source:                 u_vio_tx_gmii/inst/PROBE_OUT_ALL_INST/G_PROBE_OUT[0].PROBE_OUT0_INST/Probe_out_reg[0]/C
                            (rising edge-triggered cell FDRE clocked by clk_125_clk_gen  {rise@0.000ns fall@4.000ns period=8.000ns})
  Destination:            u_gmii_inst/frame_mem_reg[17][5]/CE
                            (falling edge-triggered cell FDRE clocked by clk_125_clk_gen  {rise@0.000ns fall@4.000ns period=8.000ns})
  Path Group:             clk_125_clk_gen
  Path Type:              Setup (Max at Slow Process Corner)
  Requirement:            4.000ns  (clk_125_clk_gen fall@4.000ns - clk_125_clk_gen rise@0.000ns)
  Data Path Delay:        2.174ns  (logic 0.484ns (22.264%)  route 1.690ns (77.736%))
  Logic Levels:           1  (LUT2=1)
  Clock Path Skew:        -0.041ns (DCD - SCD + CPR)
    Destination Clock Delay (DCD):    -1.427ns = ( 2.573 - 4.000 ) 
    Source Clock Delay      (SCD):    -1.007ns
    Clock Pessimism Removal (CPR):    0.380ns
  Clock Uncertainty:      0.064ns  ((TSJ^2 + DJ^2)^1/2) / 2 + PE
    Total System Jitter     (TSJ):    0.071ns
    Discrete Jitter          (DJ):    0.108ns
    Phase Error              (PE):    0.000ns

    Location             Delay type                Incr(ns)  Path(ns)    Netlist Resource(s)
  -------------------------------------------------------------------    -------------------
                         (clock clk_125_clk_gen rise edge)
                                                      0.000     0.000 r  
    R4                                                0.000     0.000 r  clk_in1_p (IN)
                         net (fo=0)                   0.000     0.000    u_clk_gen/inst/clk_in1_p
    R4                   IBUFDS (Prop_ibufds_I_O)     0.851     0.851 r  u_clk_gen/inst/clkin1_ibufgds/O
                         net (fo=1, routed)           1.065     1.916    u_clk_gen/inst/clk_in1_clk_gen
    MMCME2_ADV_X1Y1      MMCME2_ADV (Prop_mmcme2_adv_CLKIN1_CLKOUT1)
                                                     -5.972    -4.056 r  u_clk_gen/inst/mmcm_adv_inst/CLKOUT1
                         net (fo=1, routed)           1.449    -2.608    u_clk_gen/inst/clk_125_clk_gen
    BUFGCTRL_X0Y0        BUFG (Prop_bufg_I_O)         0.081    -2.527 r  u_clk_gen/inst/clkout2_buf/O
                         net (fo=5509, routed)        1.520    -1.007    u_vio_tx_gmii/inst/PROBE_OUT_ALL_INST/G_PROBE_OUT[0].PROBE_OUT0_INST/clk
    SLICE_X13Y173        FDRE                                         r  u_vio_tx_gmii/inst/PROBE_OUT_ALL_INST/G_PROBE_OUT[0].PROBE_OUT0_INST/Probe_out_reg[0]/C
  -------------------------------------------------------------------    -------------------
    SLICE_X13Y173        FDRE (Prop_fdre_C_Q)         0.379    -0.628 f  u_vio_tx_gmii/inst/PROBE_OUT_ALL_INST/G_PROBE_OUT[0].PROBE_OUT0_INST/Probe_out_reg[0]/Q
                         net (fo=21, routed)          0.694     0.066    u_gmii_inst/rst
    SLICE_X8Y170         LUT2 (Prop_lut2_I1_O)        0.105     0.171 r  u_gmii_inst/frame_mem[8][7]_i_1/O
                         net (fo=144, routed)         0.996     1.167    u_gmii_inst/frame_mem[8][7]_i_1_n_0
    SLICE_X24Y177        FDRE                                         r  u_gmii_inst/frame_mem_reg[17][5]/CE
  -------------------------------------------------------------------    -------------------

                         (clock clk_125_clk_gen fall edge)
                                                      4.000     4.000 f  
    R4                                                0.000     4.000 f  clk_in1_p (IN)
                         net (fo=0)                   0.000     4.000    u_clk_gen/inst/clk_in1_p
    R4                   IBUFDS (Prop_ibufds_I_O)     0.813     4.813 f  u_clk_gen/inst/clkin1_ibufgds/O
                         net (fo=1, routed)           1.004     5.817    u_clk_gen/inst/clk_in1_clk_gen
    MMCME2_ADV_X1Y1      MMCME2_ADV (Prop_mmcme2_adv_CLKIN1_CLKOUT1)
                                                     -6.107    -0.291 f  u_clk_gen/inst/mmcm_adv_inst/CLKOUT1
                         net (fo=1, routed)           1.381     1.091    u_clk_gen/inst/clk_125_clk_gen
    BUFGCTRL_X0Y0        BUFG (Prop_bufg_I_O)         0.077     1.168 f  u_clk_gen/inst/clkout2_buf/O
                         net (fo=5509, routed)        1.405     2.573    u_gmii_inst/clk
    SLICE_X24Y177        FDRE                                         r  u_gmii_inst/frame_mem_reg[17][5]/C  (IS_INVERTED)
                         clock pessimism              0.380     2.952    
                         clock uncertainty           -0.064     2.888    
    SLICE_X24Y177        FDRE (Setup_fdre_C_CE)      -0.164     2.724    u_gmii_inst/frame_mem_reg[17][5]
  -------------------------------------------------------------------
                         required time                          2.724    
                         arrival time                          -1.167    
  -------------------------------------------------------------------
                         slack                                  1.557    

Slack (MET) :             1.557ns  (required time - arrival time)
  Source:                 u_vio_tx_gmii/inst/PROBE_OUT_ALL_INST/G_PROBE_OUT[0].PROBE_OUT0_INST/Probe_out_reg[0]/C
                            (rising edge-triggered cell FDRE clocked by clk_125_clk_gen  {rise@0.000ns fall@4.000ns period=8.000ns})
  Destination:            u_gmii_inst/frame_mem_reg[18][5]/CE
                            (falling edge-triggered cell FDRE clocked by clk_125_clk_gen  {rise@0.000ns fall@4.000ns period=8.000ns})
  Path Group:             clk_125_clk_gen
  Path Type:              Setup (Max at Slow Process Corner)
  Requirement:            4.000ns  (clk_125_clk_gen fall@4.000ns - clk_125_clk_gen rise@0.000ns)
  Data Path Delay:        2.174ns  (logic 0.484ns (22.264%)  route 1.690ns (77.736%))
  Logic Levels:           1  (LUT2=1)
  Clock Path Skew:        -0.041ns (DCD - SCD + CPR)
    Destination Clock Delay (DCD):    -1.427ns = ( 2.573 - 4.000 ) 
    Source Clock Delay      (SCD):    -1.007ns
    Clock Pessimism Removal (CPR):    0.380ns
  Clock Uncertainty:      0.064ns  ((TSJ^2 + DJ^2)^1/2) / 2 + PE
    Total System Jitter     (TSJ):    0.071ns
    Discrete Jitter          (DJ):    0.108ns
    Phase Error              (PE):    0.000ns

    Location             Delay type                Incr(ns)  Path(ns)    Netlist Resource(s)
  -------------------------------------------------------------------    -------------------
                         (clock clk_125_clk_gen rise edge)
                                                      0.000     0.000 r  
    R4                                                0.000     0.000 r  clk_in1_p (IN)
                         net (fo=0)                   0.000     0.000    u_clk_gen/inst/clk_in1_p
    R4                   IBUFDS (Prop_ibufds_I_O)     0.851     0.851 r  u_clk_gen/inst/clkin1_ibufgds/O
                         net (fo=1, routed)           1.065     1.916    u_clk_gen/inst/clk_in1_clk_gen
    MMCME2_ADV_X1Y1      MMCME2_ADV (Prop_mmcme2_adv_CLKIN1_CLKOUT1)
                                                     -5.972    -4.056 r  u_clk_gen/inst/mmcm_adv_inst/CLKOUT1
                         net (fo=1, routed)           1.449    -2.608    u_clk_gen/inst/clk_125_clk_gen
    BUFGCTRL_X0Y0        BUFG (Prop_bufg_I_O)         0.081    -2.527 r  u_clk_gen/inst/clkout2_buf/O
                         net (fo=5509, routed)        1.520    -1.007    u_vio_tx_gmii/inst/PROBE_OUT_ALL_INST/G_PROBE_OUT[0].PROBE_OUT0_INST/clk
    SLICE_X13Y173        FDRE                                         r  u_vio_tx_gmii/inst/PROBE_OUT_ALL_INST/G_PROBE_OUT[0].PROBE_OUT0_INST/Probe_out_reg[0]/C
  -------------------------------------------------------------------    -------------------
    SLICE_X13Y173        FDRE (Prop_fdre_C_Q)         0.379    -0.628 f  u_vio_tx_gmii/inst/PROBE_OUT_ALL_INST/G_PROBE_OUT[0].PROBE_OUT0_INST/Probe_out_reg[0]/Q
                         net (fo=21, routed)          0.694     0.066    u_gmii_inst/rst
    SLICE_X8Y170         LUT2 (Prop_lut2_I1_O)        0.105     0.171 r  u_gmii_inst/frame_mem[8][7]_i_1/O
                         net (fo=144, routed)         0.996     1.167    u_gmii_inst/frame_mem[8][7]_i_1_n_0
    SLICE_X24Y177        FDRE                                         r  u_gmii_inst/frame_mem_reg[18][5]/CE
  -------------------------------------------------------------------    -------------------

                         (clock clk_125_clk_gen fall edge)
                                                      4.000     4.000 f  
    R4                                                0.000     4.000 f  clk_in1_p (IN)
                         net (fo=0)                   0.000     4.000    u_clk_gen/inst/clk_in1_p
    R4                   IBUFDS (Prop_ibufds_I_O)     0.813     4.813 f  u_clk_gen/inst/clkin1_ibufgds/O
                         net (fo=1, routed)           1.004     5.817    u_clk_gen/inst/clk_in1_clk_gen
    MMCME2_ADV_X1Y1      MMCME2_ADV (Prop_mmcme2_adv_CLKIN1_CLKOUT1)
                                                     -6.107    -0.291 f  u_clk_gen/inst/mmcm_adv_inst/CLKOUT1
                         net (fo=1, routed)           1.381     1.091    u_clk_gen/inst/clk_125_clk_gen
    BUFGCTRL_X0Y0        BUFG (Prop_bufg_I_O)         0.077     1.168 f  u_clk_gen/inst/clkout2_buf/O
                         net (fo=5509, routed)        1.405     2.573    u_gmii_inst/clk
    SLICE_X24Y177        FDRE                                         r  u_gmii_inst/frame_mem_reg[18][5]/C  (IS_INVERTED)
                         clock pessimism              0.380     2.952    
                         clock uncertainty           -0.064     2.888    
    SLICE_X24Y177        FDRE (Setup_fdre_C_CE)      -0.164     2.724    u_gmii_inst/frame_mem_reg[18][5]
  -------------------------------------------------------------------
                         required time                          2.724    
                         arrival time                          -1.167    
  -------------------------------------------------------------------
                         slack                                  1.557    

Slack (MET) :             1.557ns  (required time - arrival time)
  Source:                 u_vio_tx_gmii/inst/PROBE_OUT_ALL_INST/G_PROBE_OUT[0].PROBE_OUT0_INST/Probe_out_reg[0]/C
                            (rising edge-triggered cell FDRE clocked by clk_125_clk_gen  {rise@0.000ns fall@4.000ns period=8.000ns})
  Destination:            u_gmii_inst/frame_mem_reg[19][5]/CE
                            (falling edge-triggered cell FDRE clocked by clk_125_clk_gen  {rise@0.000ns fall@4.000ns period=8.000ns})
  Path Group:             clk_125_clk_gen
  Path Type:              Setup (Max at Slow Process Corner)
  Requirement:            4.000ns  (clk_125_clk_gen fall@4.000ns - clk_125_clk_gen rise@0.000ns)
  Data Path Delay:        2.174ns  (logic 0.484ns (22.264%)  route 1.690ns (77.736%))
  Logic Levels:           1  (LUT2=1)
  Clock Path Skew:        -0.041ns (DCD - SCD + CPR)
    Destination Clock Delay (DCD):    -1.427ns = ( 2.573 - 4.000 ) 
    Source Clock Delay      (SCD):    -1.007ns
    Clock Pessimism Removal (CPR):    0.380ns
  Clock Uncertainty:      0.064ns  ((TSJ^2 + DJ^2)^1/2) / 2 + PE
    Total System Jitter     (TSJ):    0.071ns
    Discrete Jitter          (DJ):    0.108ns
    Phase Error              (PE):    0.000ns

    Location             Delay type                Incr(ns)  Path(ns)    Netlist Resource(s)
  -------------------------------------------------------------------    -------------------
                         (clock clk_125_clk_gen rise edge)
                                                      0.000     0.000 r  
    R4                                                0.000     0.000 r  clk_in1_p (IN)
                         net (fo=0)                   0.000     0.000    u_clk_gen/inst/clk_in1_p
    R4                   IBUFDS (Prop_ibufds_I_O)     0.851     0.851 r  u_clk_gen/inst/clkin1_ibufgds/O
                         net (fo=1, routed)           1.065     1.916    u_clk_gen/inst/clk_in1_clk_gen
    MMCME2_ADV_X1Y1      MMCME2_ADV (Prop_mmcme2_adv_CLKIN1_CLKOUT1)
                                                     -5.972    -4.056 r  u_clk_gen/inst/mmcm_adv_inst/CLKOUT1
                         net (fo=1, routed)           1.449    -2.608    u_clk_gen/inst/clk_125_clk_gen
    BUFGCTRL_X0Y0        BUFG (Prop_bufg_I_O)         0.081    -2.527 r  u_clk_gen/inst/clkout2_buf/O
                         net (fo=5509, routed)        1.520    -1.007    u_vio_tx_gmii/inst/PROBE_OUT_ALL_INST/G_PROBE_OUT[0].PROBE_OUT0_INST/clk
    SLICE_X13Y173        FDRE                                         r  u_vio_tx_gmii/inst/PROBE_OUT_ALL_INST/G_PROBE_OUT[0].PROBE_OUT0_INST/Probe_out_reg[0]/C
  -------------------------------------------------------------------    -------------------
    SLICE_X13Y173        FDRE (Prop_fdre_C_Q)         0.379    -0.628 f  u_vio_tx_gmii/inst/PROBE_OUT_ALL_INST/G_PROBE_OUT[0].PROBE_OUT0_INST/Probe_out_reg[0]/Q
                         net (fo=21, routed)          0.694     0.066    u_gmii_inst/rst
    SLICE_X8Y170         LUT2 (Prop_lut2_I1_O)        0.105     0.171 r  u_gmii_inst/frame_mem[8][7]_i_1/O
                         net (fo=144, routed)         0.996     1.167    u_gmii_inst/frame_mem[8][7]_i_1_n_0
    SLICE_X24Y177        FDRE                                         r  u_gmii_inst/frame_mem_reg[19][5]/CE
  -------------------------------------------------------------------    -------------------

                         (clock clk_125_clk_gen fall edge)
                                                      4.000     4.000 f  
    R4                                                0.000     4.000 f  clk_in1_p (IN)
                         net (fo=0)                   0.000     4.000    u_clk_gen/inst/clk_in1_p
    R4                   IBUFDS (Prop_ibufds_I_O)     0.813     4.813 f  u_clk_gen/inst/clkin1_ibufgds/O
                         net (fo=1, routed)           1.004     5.817    u_clk_gen/inst/clk_in1_clk_gen
    MMCME2_ADV_X1Y1      MMCME2_ADV (Prop_mmcme2_adv_CLKIN1_CLKOUT1)
                                                     -6.107    -0.291 f  u_clk_gen/inst/mmcm_adv_inst/CLKOUT1
                         net (fo=1, routed)           1.381     1.091    u_clk_gen/inst/clk_125_clk_gen
    BUFGCTRL_X0Y0        BUFG (Prop_bufg_I_O)         0.077     1.168 f  u_clk_gen/inst/clkout2_buf/O
                         net (fo=5509, routed)        1.405     2.573    u_gmii_inst/clk
    SLICE_X24Y177        FDRE                                         r  u_gmii_inst/frame_mem_reg[19][5]/C  (IS_INVERTED)
                         clock pessimism              0.380     2.952    
                         clock uncertainty           -0.064     2.888    
    SLICE_X24Y177        FDRE (Setup_fdre_C_CE)      -0.164     2.724    u_gmii_inst/frame_mem_reg[19][5]
  -------------------------------------------------------------------
                         required time                          2.724    
                         arrival time                          -1.167    
  -------------------------------------------------------------------
                         slack                                  1.557    

Slack (MET) :             1.579ns  (required time - arrival time)
  Source:                 u_vio_tx_gmii/inst/PROBE_OUT_ALL_INST/G_PROBE_OUT[0].PROBE_OUT0_INST/Probe_out_reg[0]/C
                            (rising edge-triggered cell FDRE clocked by clk_125_clk_gen  {rise@0.000ns fall@4.000ns period=8.000ns})
  Destination:            u_gmii_inst/frame_mem_reg[12][6]/CE
                            (falling edge-triggered cell FDRE clocked by clk_125_clk_gen  {rise@0.000ns fall@4.000ns period=8.000ns})
  Path Group:             clk_125_clk_gen
  Path Type:              Setup (Max at Slow Process Corner)
  Requirement:            4.000ns  (clk_125_clk_gen fall@4.000ns - clk_125_clk_gen rise@0.000ns)
  Data Path Delay:        2.151ns  (logic 0.484ns (22.500%)  route 1.667ns (77.500%))
  Logic Levels:           1  (LUT2=1)
  Clock Path Skew:        -0.042ns (DCD - SCD + CPR)
    Destination Clock Delay (DCD):    -1.428ns = ( 2.572 - 4.000 ) 
    Source Clock Delay      (SCD):    -1.007ns
    Clock Pessimism Removal (CPR):    0.380ns
  Clock Uncertainty:      0.064ns  ((TSJ^2 + DJ^2)^1/2) / 2 + PE
    Total System Jitter     (TSJ):    0.071ns
    Discrete Jitter          (DJ):    0.108ns
    Phase Error              (PE):    0.000ns

    Location             Delay type                Incr(ns)  Path(ns)    Netlist Resource(s)
  -------------------------------------------------------------------    -------------------
                         (clock clk_125_clk_gen rise edge)
                                                      0.000     0.000 r  
    R4                                                0.000     0.000 r  clk_in1_p (IN)
                         net (fo=0)                   0.000     0.000    u_clk_gen/inst/clk_in1_p
    R4                   IBUFDS (Prop_ibufds_I_O)     0.851     0.851 r  u_clk_gen/inst/clkin1_ibufgds/O
                         net (fo=1, routed)           1.065     1.916    u_clk_gen/inst/clk_in1_clk_gen
    MMCME2_ADV_X1Y1      MMCME2_ADV (Prop_mmcme2_adv_CLKIN1_CLKOUT1)
                                                     -5.972    -4.056 r  u_clk_gen/inst/mmcm_adv_inst/CLKOUT1
                         net (fo=1, routed)           1.449    -2.608    u_clk_gen/inst/clk_125_clk_gen
    BUFGCTRL_X0Y0        BUFG (Prop_bufg_I_O)         0.081    -2.527 r  u_clk_gen/inst/clkout2_buf/O
                         net (fo=5509, routed)        1.520    -1.007    u_vio_tx_gmii/inst/PROBE_OUT_ALL_INST/G_PROBE_OUT[0].PROBE_OUT0_INST/clk
    SLICE_X13Y173        FDRE                                         r  u_vio_tx_gmii/inst/PROBE_OUT_ALL_INST/G_PROBE_OUT[0].PROBE_OUT0_INST/Probe_out_reg[0]/C
  -------------------------------------------------------------------    -------------------
    SLICE_X13Y173        FDRE (Prop_fdre_C_Q)         0.379    -0.628 f  u_vio_tx_gmii/inst/PROBE_OUT_ALL_INST/G_PROBE_OUT[0].PROBE_OUT0_INST/Probe_out_reg[0]/Q
                         net (fo=21, routed)          0.694     0.066    u_gmii_inst/rst
    SLICE_X8Y170         LUT2 (Prop_lut2_I1_O)        0.105     0.171 r  u_gmii_inst/frame_mem[8][7]_i_1/O
                         net (fo=144, routed)         0.973     1.144    u_gmii_inst/frame_mem[8][7]_i_1_n_0
    SLICE_X23Y176        FDRE                                         r  u_gmii_inst/frame_mem_reg[12][6]/CE
  -------------------------------------------------------------------    -------------------

                         (clock clk_125_clk_gen fall edge)
                                                      4.000     4.000 f  
    R4                                                0.000     4.000 f  clk_in1_p (IN)
                         net (fo=0)                   0.000     4.000    u_clk_gen/inst/clk_in1_p
    R4                   IBUFDS (Prop_ibufds_I_O)     0.813     4.813 f  u_clk_gen/inst/clkin1_ibufgds/O
                         net (fo=1, routed)           1.004     5.817    u_clk_gen/inst/clk_in1_clk_gen
    MMCME2_ADV_X1Y1      MMCME2_ADV (Prop_mmcme2_adv_CLKIN1_CLKOUT1)
                                                     -6.107    -0.291 f  u_clk_gen/inst/mmcm_adv_inst/CLKOUT1
                         net (fo=1, routed)           1.381     1.091    u_clk_gen/inst/clk_125_clk_gen
    BUFGCTRL_X0Y0        BUFG (Prop_bufg_I_O)         0.077     1.168 f  u_clk_gen/inst/clkout2_buf/O
                         net (fo=5509, routed)        1.404     2.572    u_gmii_inst/clk
    SLICE_X23Y176        FDRE                                         r  u_gmii_inst/frame_mem_reg[12][6]/C  (IS_INVERTED)
                         clock pessimism              0.380     2.951    
                         clock uncertainty           -0.064     2.887    
    SLICE_X23Y176        FDRE (Setup_fdre_C_CE)      -0.164     2.723    u_gmii_inst/frame_mem_reg[12][6]
  -------------------------------------------------------------------
                         required time                          2.723    
                         arrival time                          -1.144    
  -------------------------------------------------------------------
                         slack                                  1.579    

Slack (MET) :             1.579ns  (required time - arrival time)
  Source:                 u_vio_tx_gmii/inst/PROBE_OUT_ALL_INST/G_PROBE_OUT[0].PROBE_OUT0_INST/Probe_out_reg[0]/C
                            (rising edge-triggered cell FDRE clocked by clk_125_clk_gen  {rise@0.000ns fall@4.000ns period=8.000ns})
  Destination:            u_gmii_inst/frame_mem_reg[13][6]/CE
                            (falling edge-triggered cell FDRE clocked by clk_125_clk_gen  {rise@0.000ns fall@4.000ns period=8.000ns})
  Path Group:             clk_125_clk_gen
  Path Type:              Setup (Max at Slow Process Corner)
  Requirement:            4.000ns  (clk_125_clk_gen fall@4.000ns - clk_125_clk_gen rise@0.000ns)
  Data Path Delay:        2.151ns  (logic 0.484ns (22.500%)  route 1.667ns (77.500%))
  Logic Levels:           1  (LUT2=1)
  Clock Path Skew:        -0.042ns (DCD - SCD + CPR)
    Destination Clock Delay (DCD):    -1.428ns = ( 2.572 - 4.000 ) 
    Source Clock Delay      (SCD):    -1.007ns
    Clock Pessimism Removal (CPR):    0.380ns
  Clock Uncertainty:      0.064ns  ((TSJ^2 + DJ^2)^1/2) / 2 + PE
    Total System Jitter     (TSJ):    0.071ns
    Discrete Jitter          (DJ):    0.108ns
    Phase Error              (PE):    0.000ns

    Location             Delay type                Incr(ns)  Path(ns)    Netlist Resource(s)
  -------------------------------------------------------------------    -------------------
                         (clock clk_125_clk_gen rise edge)
                                                      0.000     0.000 r  
    R4                                                0.000     0.000 r  clk_in1_p (IN)
                         net (fo=0)                   0.000     0.000    u_clk_gen/inst/clk_in1_p
    R4                   IBUFDS (Prop_ibufds_I_O)     0.851     0.851 r  u_clk_gen/inst/clkin1_ibufgds/O
                         net (fo=1, routed)           1.065     1.916    u_clk_gen/inst/clk_in1_clk_gen
    MMCME2_ADV_X1Y1      MMCME2_ADV (Prop_mmcme2_adv_CLKIN1_CLKOUT1)
                                                     -5.972    -4.056 r  u_clk_gen/inst/mmcm_adv_inst/CLKOUT1
                         net (fo=1, routed)           1.449    -2.608    u_clk_gen/inst/clk_125_clk_gen
    BUFGCTRL_X0Y0        BUFG (Prop_bufg_I_O)         0.081    -2.527 r  u_clk_gen/inst/clkout2_buf/O
                         net (fo=5509, routed)        1.520    -1.007    u_vio_tx_gmii/inst/PROBE_OUT_ALL_INST/G_PROBE_OUT[0].PROBE_OUT0_INST/clk
    SLICE_X13Y173        FDRE                                         r  u_vio_tx_gmii/inst/PROBE_OUT_ALL_INST/G_PROBE_OUT[0].PROBE_OUT0_INST/Probe_out_reg[0]/C
  -------------------------------------------------------------------    -------------------
    SLICE_X13Y173        FDRE (Prop_fdre_C_Q)         0.379    -0.628 f  u_vio_tx_gmii/inst/PROBE_OUT_ALL_INST/G_PROBE_OUT[0].PROBE_OUT0_INST/Probe_out_reg[0]/Q
                         net (fo=21, routed)          0.694     0.066    u_gmii_inst/rst
    SLICE_X8Y170         LUT2 (Prop_lut2_I1_O)        0.105     0.171 r  u_gmii_inst/frame_mem[8][7]_i_1/O
                         net (fo=144, routed)         0.973     1.144    u_gmii_inst/frame_mem[8][7]_i_1_n_0
    SLICE_X23Y176        FDRE                                         r  u_gmii_inst/frame_mem_reg[13][6]/CE
  -------------------------------------------------------------------    -------------------

                         (clock clk_125_clk_gen fall edge)
                                                      4.000     4.000 f  
    R4                                                0.000     4.000 f  clk_in1_p (IN)
                         net (fo=0)                   0.000     4.000    u_clk_gen/inst/clk_in1_p
    R4                   IBUFDS (Prop_ibufds_I_O)     0.813     4.813 f  u_clk_gen/inst/clkin1_ibufgds/O
                         net (fo=1, routed)           1.004     5.817    u_clk_gen/inst/clk_in1_clk_gen
    MMCME2_ADV_X1Y1      MMCME2_ADV (Prop_mmcme2_adv_CLKIN1_CLKOUT1)
                                                     -6.107    -0.291 f  u_clk_gen/inst/mmcm_adv_inst/CLKOUT1
                         net (fo=1, routed)           1.381     1.091    u_clk_gen/inst/clk_125_clk_gen
    BUFGCTRL_X0Y0        BUFG (Prop_bufg_I_O)         0.077     1.168 f  u_clk_gen/inst/clkout2_buf/O
                         net (fo=5509, routed)        1.404     2.572    u_gmii_inst/clk
    SLICE_X23Y176        FDRE                                         r  u_gmii_inst/frame_mem_reg[13][6]/C  (IS_INVERTED)
                         clock pessimism              0.380     2.951    
                         clock uncertainty           -0.064     2.887    
    SLICE_X23Y176        FDRE (Setup_fdre_C_CE)      -0.164     2.723    u_gmii_inst/frame_mem_reg[13][6]
  -------------------------------------------------------------------
                         required time                          2.723    
                         arrival time                          -1.144    
  -------------------------------------------------------------------
                         slack                                  1.579    

Slack (MET) :             1.579ns  (required time - arrival time)
  Source:                 u_vio_tx_gmii/inst/PROBE_OUT_ALL_INST/G_PROBE_OUT[0].PROBE_OUT0_INST/Probe_out_reg[0]/C
                            (rising edge-triggered cell FDRE clocked by clk_125_clk_gen  {rise@0.000ns fall@4.000ns period=8.000ns})
  Destination:            u_gmii_inst/frame_mem_reg[14][6]/CE
                            (falling edge-triggered cell FDRE clocked by clk_125_clk_gen  {rise@0.000ns fall@4.000ns period=8.000ns})
  Path Group:             clk_125_clk_gen
  Path Type:              Setup (Max at Slow Process Corner)
  Requirement:            4.000ns  (clk_125_clk_gen fall@4.000ns - clk_125_clk_gen rise@0.000ns)
  Data Path Delay:        2.151ns  (logic 0.484ns (22.500%)  route 1.667ns (77.500%))
  Logic Levels:           1  (LUT2=1)
  Clock Path Skew:        -0.042ns (DCD - SCD + CPR)
    Destination Clock Delay (DCD):    -1.428ns = ( 2.572 - 4.000 ) 
    Source Clock Delay      (SCD):    -1.007ns
    Clock Pessimism Removal (CPR):    0.380ns
  Clock Uncertainty:      0.064ns  ((TSJ^2 + DJ^2)^1/2) / 2 + PE
    Total System Jitter     (TSJ):    0.071ns
    Discrete Jitter          (DJ):    0.108ns
    Phase Error              (PE):    0.000ns

    Location             Delay type                Incr(ns)  Path(ns)    Netlist Resource(s)
  -------------------------------------------------------------------    -------------------
                         (clock clk_125_clk_gen rise edge)
                                                      0.000     0.000 r  
    R4                                                0.000     0.000 r  clk_in1_p (IN)
                         net (fo=0)                   0.000     0.000    u_clk_gen/inst/clk_in1_p
    R4                   IBUFDS (Prop_ibufds_I_O)     0.851     0.851 r  u_clk_gen/inst/clkin1_ibufgds/O
                         net (fo=1, routed)           1.065     1.916    u_clk_gen/inst/clk_in1_clk_gen
    MMCME2_ADV_X1Y1      MMCME2_ADV (Prop_mmcme2_adv_CLKIN1_CLKOUT1)
                                                     -5.972    -4.056 r  u_clk_gen/inst/mmcm_adv_inst/CLKOUT1
                         net (fo=1, routed)           1.449    -2.608    u_clk_gen/inst/clk_125_clk_gen
    BUFGCTRL_X0Y0        BUFG (Prop_bufg_I_O)         0.081    -2.527 r  u_clk_gen/inst/clkout2_buf/O
                         net (fo=5509, routed)        1.520    -1.007    u_vio_tx_gmii/inst/PROBE_OUT_ALL_INST/G_PROBE_OUT[0].PROBE_OUT0_INST/clk
    SLICE_X13Y173        FDRE                                         r  u_vio_tx_gmii/inst/PROBE_OUT_ALL_INST/G_PROBE_OUT[0].PROBE_OUT0_INST/Probe_out_reg[0]/C
  -------------------------------------------------------------------    -------------------
    SLICE_X13Y173        FDRE (Prop_fdre_C_Q)         0.379    -0.628 f  u_vio_tx_gmii/inst/PROBE_OUT_ALL_INST/G_PROBE_OUT[0].PROBE_OUT0_INST/Probe_out_reg[0]/Q
                         net (fo=21, routed)          0.694     0.066    u_gmii_inst/rst
    SLICE_X8Y170         LUT2 (Prop_lut2_I1_O)        0.105     0.171 r  u_gmii_inst/frame_mem[8][7]_i_1/O
                         net (fo=144, routed)         0.973     1.144    u_gmii_inst/frame_mem[8][7]_i_1_n_0
    SLICE_X23Y176        FDRE                                         r  u_gmii_inst/frame_mem_reg[14][6]/CE
  -------------------------------------------------------------------    -------------------

                         (clock clk_125_clk_gen fall edge)
                                                      4.000     4.000 f  
    R4                                                0.000     4.000 f  clk_in1_p (IN)
                         net (fo=0)                   0.000     4.000    u_clk_gen/inst/clk_in1_p
    R4                   IBUFDS (Prop_ibufds_I_O)     0.813     4.813 f  u_clk_gen/inst/clkin1_ibufgds/O
                         net (fo=1, routed)           1.004     5.817    u_clk_gen/inst/clk_in1_clk_gen
    MMCME2_ADV_X1Y1      MMCME2_ADV (Prop_mmcme2_adv_CLKIN1_CLKOUT1)
                                                     -6.107    -0.291 f  u_clk_gen/inst/mmcm_adv_inst/CLKOUT1
                         net (fo=1, routed)           1.381     1.091    u_clk_gen/inst/clk_125_clk_gen
    BUFGCTRL_X0Y0        BUFG (Prop_bufg_I_O)         0.077     1.168 f  u_clk_gen/inst/clkout2_buf/O
                         net (fo=5509, routed)        1.404     2.572    u_gmii_inst/clk
    SLICE_X23Y176        FDRE                                         r  u_gmii_inst/frame_mem_reg[14][6]/C  (IS_INVERTED)
                         clock pessimism              0.380     2.951    
                         clock uncertainty           -0.064     2.887    
    SLICE_X23Y176        FDRE (Setup_fdre_C_CE)      -0.164     2.723    u_gmii_inst/frame_mem_reg[14][6]
  -------------------------------------------------------------------
                         required time                          2.723    
                         arrival time                          -1.144    
  -------------------------------------------------------------------
                         slack                                  1.579    

Slack (MET) :             1.579ns  (required time - arrival time)
  Source:                 u_vio_tx_gmii/inst/PROBE_OUT_ALL_INST/G_PROBE_OUT[0].PROBE_OUT0_INST/Probe_out_reg[0]/C
                            (rising edge-triggered cell FDRE clocked by clk_125_clk_gen  {rise@0.000ns fall@4.000ns period=8.000ns})
  Destination:            u_gmii_inst/frame_mem_reg[15][6]/CE
                            (falling edge-triggered cell FDRE clocked by clk_125_clk_gen  {rise@0.000ns fall@4.000ns period=8.000ns})
  Path Group:             clk_125_clk_gen
  Path Type:              Setup (Max at Slow Process Corner)
  Requirement:            4.000ns  (clk_125_clk_gen fall@4.000ns - clk_125_clk_gen rise@0.000ns)
  Data Path Delay:        2.151ns  (logic 0.484ns (22.500%)  route 1.667ns (77.500%))
  Logic Levels:           1  (LUT2=1)
  Clock Path Skew:        -0.042ns (DCD - SCD + CPR)
    Destination Clock Delay (DCD):    -1.428ns = ( 2.572 - 4.000 ) 
    Source Clock Delay      (SCD):    -1.007ns
    Clock Pessimism Removal (CPR):    0.380ns
  Clock Uncertainty:      0.064ns  ((TSJ^2 + DJ^2)^1/2) / 2 + PE
    Total System Jitter     (TSJ):    0.071ns
    Discrete Jitter          (DJ):    0.108ns
    Phase Error              (PE):    0.000ns

    Location             Delay type                Incr(ns)  Path(ns)    Netlist Resource(s)
  -------------------------------------------------------------------    -------------------
                         (clock clk_125_clk_gen rise edge)
                                                      0.000     0.000 r  
    R4                                                0.000     0.000 r  clk_in1_p (IN)
                         net (fo=0)                   0.000     0.000    u_clk_gen/inst/clk_in1_p
    R4                   IBUFDS (Prop_ibufds_I_O)     0.851     0.851 r  u_clk_gen/inst/clkin1_ibufgds/O
                         net (fo=1, routed)           1.065     1.916    u_clk_gen/inst/clk_in1_clk_gen
    MMCME2_ADV_X1Y1      MMCME2_ADV (Prop_mmcme2_adv_CLKIN1_CLKOUT1)
                                                     -5.972    -4.056 r  u_clk_gen/inst/mmcm_adv_inst/CLKOUT1
                         net (fo=1, routed)           1.449    -2.608    u_clk_gen/inst/clk_125_clk_gen
    BUFGCTRL_X0Y0        BUFG (Prop_bufg_I_O)         0.081    -2.527 r  u_clk_gen/inst/clkout2_buf/O
                         net (fo=5509, routed)        1.520    -1.007    u_vio_tx_gmii/inst/PROBE_OUT_ALL_INST/G_PROBE_OUT[0].PROBE_OUT0_INST/clk
    SLICE_X13Y173        FDRE                                         r  u_vio_tx_gmii/inst/PROBE_OUT_ALL_INST/G_PROBE_OUT[0].PROBE_OUT0_INST/Probe_out_reg[0]/C
  -------------------------------------------------------------------    -------------------
    SLICE_X13Y173        FDRE (Prop_fdre_C_Q)         0.379    -0.628 f  u_vio_tx_gmii/inst/PROBE_OUT_ALL_INST/G_PROBE_OUT[0].PROBE_OUT0_INST/Probe_out_reg[0]/Q
                         net (fo=21, routed)          0.694     0.066    u_gmii_inst/rst
    SLICE_X8Y170         LUT2 (Prop_lut2_I1_O)        0.105     0.171 r  u_gmii_inst/frame_mem[8][7]_i_1/O
                         net (fo=144, routed)         0.973     1.144    u_gmii_inst/frame_mem[8][7]_i_1_n_0
    SLICE_X23Y176        FDRE                                         r  u_gmii_inst/frame_mem_reg[15][6]/CE
  -------------------------------------------------------------------    -------------------

                         (clock clk_125_clk_gen fall edge)
                                                      4.000     4.000 f  
    R4                                                0.000     4.000 f  clk_in1_p (IN)
                         net (fo=0)                   0.000     4.000    u_clk_gen/inst/clk_in1_p
    R4                   IBUFDS (Prop_ibufds_I_O)     0.813     4.813 f  u_clk_gen/inst/clkin1_ibufgds/O
                         net (fo=1, routed)           1.004     5.817    u_clk_gen/inst/clk_in1_clk_gen
    MMCME2_ADV_X1Y1      MMCME2_ADV (Prop_mmcme2_adv_CLKIN1_CLKOUT1)
                                                     -6.107    -0.291 f  u_clk_gen/inst/mmcm_adv_inst/CLKOUT1
                         net (fo=1, routed)           1.381     1.091    u_clk_gen/inst/clk_125_clk_gen
    BUFGCTRL_X0Y0        BUFG (Prop_bufg_I_O)         0.077     1.168 f  u_clk_gen/inst/clkout2_buf/O
                         net (fo=5509, routed)        1.404     2.572    u_gmii_inst/clk
    SLICE_X23Y176        FDRE                                         r  u_gmii_inst/frame_mem_reg[15][6]/C  (IS_INVERTED)
                         clock pessimism              0.380     2.951    
                         clock uncertainty           -0.064     2.887    
    SLICE_X23Y176        FDRE (Setup_fdre_C_CE)      -0.164     2.723    u_gmii_inst/frame_mem_reg[15][6]
  -------------------------------------------------------------------
                         required time                          2.723    
                         arrival time                          -1.144    
  -------------------------------------------------------------------
                         slack                                  1.579    

Slack (MET) :             1.582ns  (required time - arrival time)
  Source:                 u_vio_tx_gmii/inst/PROBE_OUT_ALL_INST/G_PROBE_OUT[0].PROBE_OUT0_INST/Probe_out_reg[0]/C
                            (rising edge-triggered cell FDRE clocked by clk_125_clk_gen  {rise@0.000ns fall@4.000ns period=8.000ns})
  Destination:            u_gmii_inst/frame_mem_reg[10][5]/CE
                            (falling edge-triggered cell FDRE clocked by clk_125_clk_gen  {rise@0.000ns fall@4.000ns period=8.000ns})
  Path Group:             clk_125_clk_gen
  Path Type:              Setup (Max at Slow Process Corner)
  Requirement:            4.000ns  (clk_125_clk_gen fall@4.000ns - clk_125_clk_gen rise@0.000ns)
  Data Path Delay:        2.150ns  (logic 0.484ns (22.511%)  route 1.666ns (77.489%))
  Logic Levels:           1  (LUT2=1)
  Clock Path Skew:        -0.040ns (DCD - SCD + CPR)
    Destination Clock Delay (DCD):    -1.426ns = ( 2.574 - 4.000 ) 
    Source Clock Delay      (SCD):    -1.007ns
    Clock Pessimism Removal (CPR):    0.380ns
  Clock Uncertainty:      0.064ns  ((TSJ^2 + DJ^2)^1/2) / 2 + PE
    Total System Jitter     (TSJ):    0.071ns
    Discrete Jitter          (DJ):    0.108ns
    Phase Error              (PE):    0.000ns

    Location             Delay type                Incr(ns)  Path(ns)    Netlist Resource(s)
  -------------------------------------------------------------------    -------------------
                         (clock clk_125_clk_gen rise edge)
                                                      0.000     0.000 r  
    R4                                                0.000     0.000 r  clk_in1_p (IN)
                         net (fo=0)                   0.000     0.000    u_clk_gen/inst/clk_in1_p
    R4                   IBUFDS (Prop_ibufds_I_O)     0.851     0.851 r  u_clk_gen/inst/clkin1_ibufgds/O
                         net (fo=1, routed)           1.065     1.916    u_clk_gen/inst/clk_in1_clk_gen
    MMCME2_ADV_X1Y1      MMCME2_ADV (Prop_mmcme2_adv_CLKIN1_CLKOUT1)
                                                     -5.972    -4.056 r  u_clk_gen/inst/mmcm_adv_inst/CLKOUT1
                         net (fo=1, routed)           1.449    -2.608    u_clk_gen/inst/clk_125_clk_gen
    BUFGCTRL_X0Y0        BUFG (Prop_bufg_I_O)         0.081    -2.527 r  u_clk_gen/inst/clkout2_buf/O
                         net (fo=5509, routed)        1.520    -1.007    u_vio_tx_gmii/inst/PROBE_OUT_ALL_INST/G_PROBE_OUT[0].PROBE_OUT0_INST/clk
    SLICE_X13Y173        FDRE                                         r  u_vio_tx_gmii/inst/PROBE_OUT_ALL_INST/G_PROBE_OUT[0].PROBE_OUT0_INST/Probe_out_reg[0]/C
  -------------------------------------------------------------------    -------------------
    SLICE_X13Y173        FDRE (Prop_fdre_C_Q)         0.379    -0.628 f  u_vio_tx_gmii/inst/PROBE_OUT_ALL_INST/G_PROBE_OUT[0].PROBE_OUT0_INST/Probe_out_reg[0]/Q
                         net (fo=21, routed)          0.694     0.066    u_gmii_inst/rst
    SLICE_X8Y170         LUT2 (Prop_lut2_I1_O)        0.105     0.171 r  u_gmii_inst/frame_mem[8][7]_i_1/O
                         net (fo=144, routed)         0.972     1.143    u_gmii_inst/frame_mem[8][7]_i_1_n_0
    SLICE_X20Y177        FDRE                                         r  u_gmii_inst/frame_mem_reg[10][5]/CE
  -------------------------------------------------------------------    -------------------

                         (clock clk_125_clk_gen fall edge)
                                                      4.000     4.000 f  
    R4                                                0.000     4.000 f  clk_in1_p (IN)
                         net (fo=0)                   0.000     4.000    u_clk_gen/inst/clk_in1_p
    R4                   IBUFDS (Prop_ibufds_I_O)     0.813     4.813 f  u_clk_gen/inst/clkin1_ibufgds/O
                         net (fo=1, routed)           1.004     5.817    u_clk_gen/inst/clk_in1_clk_gen
    MMCME2_ADV_X1Y1      MMCME2_ADV (Prop_mmcme2_adv_CLKIN1_CLKOUT1)
                                                     -6.107    -0.291 f  u_clk_gen/inst/mmcm_adv_inst/CLKOUT1
                         net (fo=1, routed)           1.381     1.091    u_clk_gen/inst/clk_125_clk_gen
    BUFGCTRL_X0Y0        BUFG (Prop_bufg_I_O)         0.077     1.168 f  u_clk_gen/inst/clkout2_buf/O
                         net (fo=5509, routed)        1.406     2.574    u_gmii_inst/clk
    SLICE_X20Y177        FDRE                                         r  u_gmii_inst/frame_mem_reg[10][5]/C  (IS_INVERTED)
                         clock pessimism              0.380     2.953    
                         clock uncertainty           -0.064     2.889    
    SLICE_X20Y177        FDRE (Setup_fdre_C_CE)      -0.164     2.725    u_gmii_inst/frame_mem_reg[10][5]
  -------------------------------------------------------------------
                         required time                          2.725    
                         arrival time                          -1.143    
  -------------------------------------------------------------------
                         slack                                  1.582    

Slack (MET) :             1.582ns  (required time - arrival time)
  Source:                 u_vio_tx_gmii/inst/PROBE_OUT_ALL_INST/G_PROBE_OUT[0].PROBE_OUT0_INST/Probe_out_reg[0]/C
                            (rising edge-triggered cell FDRE clocked by clk_125_clk_gen  {rise@0.000ns fall@4.000ns period=8.000ns})
  Destination:            u_gmii_inst/frame_mem_reg[11][5]/CE
                            (falling edge-triggered cell FDRE clocked by clk_125_clk_gen  {rise@0.000ns fall@4.000ns period=8.000ns})
  Path Group:             clk_125_clk_gen
  Path Type:              Setup (Max at Slow Process Corner)
  Requirement:            4.000ns  (clk_125_clk_gen fall@4.000ns - clk_125_clk_gen rise@0.000ns)
  Data Path Delay:        2.150ns  (logic 0.484ns (22.511%)  route 1.666ns (77.489%))
  Logic Levels:           1  (LUT2=1)
  Clock Path Skew:        -0.040ns (DCD - SCD + CPR)
    Destination Clock Delay (DCD):    -1.426ns = ( 2.574 - 4.000 ) 
    Source Clock Delay      (SCD):    -1.007ns
    Clock Pessimism Removal (CPR):    0.380ns
  Clock Uncertainty:      0.064ns  ((TSJ^2 + DJ^2)^1/2) / 2 + PE
    Total System Jitter     (TSJ):    0.071ns
    Discrete Jitter          (DJ):    0.108ns
    Phase Error              (PE):    0.000ns

    Location             Delay type                Incr(ns)  Path(ns)    Netlist Resource(s)
  -------------------------------------------------------------------    -------------------
                         (clock clk_125_clk_gen rise edge)
                                                      0.000     0.000 r  
    R4                                                0.000     0.000 r  clk_in1_p (IN)
                         net (fo=0)                   0.000     0.000    u_clk_gen/inst/clk_in1_p
    R4                   IBUFDS (Prop_ibufds_I_O)     0.851     0.851 r  u_clk_gen/inst/clkin1_ibufgds/O
                         net (fo=1, routed)           1.065     1.916    u_clk_gen/inst/clk_in1_clk_gen
    MMCME2_ADV_X1Y1      MMCME2_ADV (Prop_mmcme2_adv_CLKIN1_CLKOUT1)
                                                     -5.972    -4.056 r  u_clk_gen/inst/mmcm_adv_inst/CLKOUT1
                         net (fo=1, routed)           1.449    -2.608    u_clk_gen/inst/clk_125_clk_gen
    BUFGCTRL_X0Y0        BUFG (Prop_bufg_I_O)         0.081    -2.527 r  u_clk_gen/inst/clkout2_buf/O
                         net (fo=5509, routed)        1.520    -1.007    u_vio_tx_gmii/inst/PROBE_OUT_ALL_INST/G_PROBE_OUT[0].PROBE_OUT0_INST/clk
    SLICE_X13Y173        FDRE                                         r  u_vio_tx_gmii/inst/PROBE_OUT_ALL_INST/G_PROBE_OUT[0].PROBE_OUT0_INST/Probe_out_reg[0]/C
  -------------------------------------------------------------------    -------------------
    SLICE_X13Y173        FDRE (Prop_fdre_C_Q)         0.379    -0.628 f  u_vio_tx_gmii/inst/PROBE_OUT_ALL_INST/G_PROBE_OUT[0].PROBE_OUT0_INST/Probe_out_reg[0]/Q
                         net (fo=21, routed)          0.694     0.066    u_gmii_inst/rst
    SLICE_X8Y170         LUT2 (Prop_lut2_I1_O)        0.105     0.171 r  u_gmii_inst/frame_mem[8][7]_i_1/O
                         net (fo=144, routed)         0.972     1.143    u_gmii_inst/frame_mem[8][7]_i_1_n_0
    SLICE_X20Y177        FDRE                                         r  u_gmii_inst/frame_mem_reg[11][5]/CE
  -------------------------------------------------------------------    -------------------

                         (clock clk_125_clk_gen fall edge)
                                                      4.000     4.000 f  
    R4                                                0.000     4.000 f  clk_in1_p (IN)
                         net (fo=0)                   0.000     4.000    u_clk_gen/inst/clk_in1_p
    R4                   IBUFDS (Prop_ibufds_I_O)     0.813     4.813 f  u_clk_gen/inst/clkin1_ibufgds/O
                         net (fo=1, routed)           1.004     5.817    u_clk_gen/inst/clk_in1_clk_gen
    MMCME2_ADV_X1Y1      MMCME2_ADV (Prop_mmcme2_adv_CLKIN1_CLKOUT1)
                                                     -6.107    -0.291 f  u_clk_gen/inst/mmcm_adv_inst/CLKOUT1
                         net (fo=1, routed)           1.381     1.091    u_clk_gen/inst/clk_125_clk_gen
    BUFGCTRL_X0Y0        BUFG (Prop_bufg_I_O)         0.077     1.168 f  u_clk_gen/inst/clkout2_buf/O
                         net (fo=5509, routed)        1.406     2.574    u_gmii_inst/clk
    SLICE_X20Y177        FDRE                                         r  u_gmii_inst/frame_mem_reg[11][5]/C  (IS_INVERTED)
                         clock pessimism              0.380     2.953    
                         clock uncertainty           -0.064     2.889    
    SLICE_X20Y177        FDRE (Setup_fdre_C_CE)      -0.164     2.725    u_gmii_inst/frame_mem_reg[11][5]
  -------------------------------------------------------------------
                         required time                          2.725    
                         arrival time                          -1.143    
  -------------------------------------------------------------------
                         slack                                  1.582    

Slack (MET) :             1.582ns  (required time - arrival time)
  Source:                 u_vio_tx_gmii/inst/PROBE_OUT_ALL_INST/G_PROBE_OUT[0].PROBE_OUT0_INST/Probe_out_reg[0]/C
                            (rising edge-triggered cell FDRE clocked by clk_125_clk_gen  {rise@0.000ns fall@4.000ns period=8.000ns})
  Destination:            u_gmii_inst/frame_mem_reg[20][5]/CE
                            (falling edge-triggered cell FDRE clocked by clk_125_clk_gen  {rise@0.000ns fall@4.000ns period=8.000ns})
  Path Group:             clk_125_clk_gen
  Path Type:              Setup (Max at Slow Process Corner)
  Requirement:            4.000ns  (clk_125_clk_gen fall@4.000ns - clk_125_clk_gen rise@0.000ns)
  Data Path Delay:        2.150ns  (logic 0.484ns (22.511%)  route 1.666ns (77.489%))
  Logic Levels:           1  (LUT2=1)
  Clock Path Skew:        -0.040ns (DCD - SCD + CPR)
    Destination Clock Delay (DCD):    -1.426ns = ( 2.574 - 4.000 ) 
    Source Clock Delay      (SCD):    -1.007ns
    Clock Pessimism Removal (CPR):    0.380ns
  Clock Uncertainty:      0.064ns  ((TSJ^2 + DJ^2)^1/2) / 2 + PE
    Total System Jitter     (TSJ):    0.071ns
    Discrete Jitter          (DJ):    0.108ns
    Phase Error              (PE):    0.000ns

    Location             Delay type                Incr(ns)  Path(ns)    Netlist Resource(s)
  -------------------------------------------------------------------    -------------------
                         (clock clk_125_clk_gen rise edge)
                                                      0.000     0.000 r  
    R4                                                0.000     0.000 r  clk_in1_p (IN)
                         net (fo=0)                   0.000     0.000    u_clk_gen/inst/clk_in1_p
    R4                   IBUFDS (Prop_ibufds_I_O)     0.851     0.851 r  u_clk_gen/inst/clkin1_ibufgds/O
                         net (fo=1, routed)           1.065     1.916    u_clk_gen/inst/clk_in1_clk_gen
    MMCME2_ADV_X1Y1      MMCME2_ADV (Prop_mmcme2_adv_CLKIN1_CLKOUT1)
                                                     -5.972    -4.056 r  u_clk_gen/inst/mmcm_adv_inst/CLKOUT1
                         net (fo=1, routed)           1.449    -2.608    u_clk_gen/inst/clk_125_clk_gen
    BUFGCTRL_X0Y0        BUFG (Prop_bufg_I_O)         0.081    -2.527 r  u_clk_gen/inst/clkout2_buf/O
                         net (fo=5509, routed)        1.520    -1.007    u_vio_tx_gmii/inst/PROBE_OUT_ALL_INST/G_PROBE_OUT[0].PROBE_OUT0_INST/clk
    SLICE_X13Y173        FDRE                                         r  u_vio_tx_gmii/inst/PROBE_OUT_ALL_INST/G_PROBE_OUT[0].PROBE_OUT0_INST/Probe_out_reg[0]/C
  -------------------------------------------------------------------    -------------------
    SLICE_X13Y173        FDRE (Prop_fdre_C_Q)         0.379    -0.628 f  u_vio_tx_gmii/inst/PROBE_OUT_ALL_INST/G_PROBE_OUT[0].PROBE_OUT0_INST/Probe_out_reg[0]/Q
                         net (fo=21, routed)          0.694     0.066    u_gmii_inst/rst
    SLICE_X8Y170         LUT2 (Prop_lut2_I1_O)        0.105     0.171 r  u_gmii_inst/frame_mem[8][7]_i_1/O
                         net (fo=144, routed)         0.972     1.143    u_gmii_inst/frame_mem[8][7]_i_1_n_0
    SLICE_X20Y177        FDRE                                         r  u_gmii_inst/frame_mem_reg[20][5]/CE
  -------------------------------------------------------------------    -------------------

                         (clock clk_125_clk_gen fall edge)
                                                      4.000     4.000 f  
    R4                                                0.000     4.000 f  clk_in1_p (IN)
                         net (fo=0)                   0.000     4.000    u_clk_gen/inst/clk_in1_p
    R4                   IBUFDS (Prop_ibufds_I_O)     0.813     4.813 f  u_clk_gen/inst/clkin1_ibufgds/O
                         net (fo=1, routed)           1.004     5.817    u_clk_gen/inst/clk_in1_clk_gen
    MMCME2_ADV_X1Y1      MMCME2_ADV (Prop_mmcme2_adv_CLKIN1_CLKOUT1)
                                                     -6.107    -0.291 f  u_clk_gen/inst/mmcm_adv_inst/CLKOUT1
                         net (fo=1, routed)           1.381     1.091    u_clk_gen/inst/clk_125_clk_gen
    BUFGCTRL_X0Y0        BUFG (Prop_bufg_I_O)         0.077     1.168 f  u_clk_gen/inst/clkout2_buf/O
                         net (fo=5509, routed)        1.406     2.574    u_gmii_inst/clk
    SLICE_X20Y177        FDRE                                         r  u_gmii_inst/frame_mem_reg[20][5]/C  (IS_INVERTED)
                         clock pessimism              0.380     2.953    
                         clock uncertainty           -0.064     2.889    
    SLICE_X20Y177        FDRE (Setup_fdre_C_CE)      -0.164     2.725    u_gmii_inst/frame_mem_reg[20][5]
  -------------------------------------------------------------------
                         required time                          2.725    
                         arrival time                          -1.143    
  -------------------------------------------------------------------
                         slack                                  1.582    

Slack (MET) :             1.582ns  (required time - arrival time)
  Source:                 u_vio_tx_gmii/inst/PROBE_OUT_ALL_INST/G_PROBE_OUT[0].PROBE_OUT0_INST/Probe_out_reg[0]/C
                            (rising edge-triggered cell FDRE clocked by clk_125_clk_gen  {rise@0.000ns fall@4.000ns period=8.000ns})
  Destination:            u_gmii_inst/frame_mem_reg[21][5]/CE
                            (falling edge-triggered cell FDRE clocked by clk_125_clk_gen  {rise@0.000ns fall@4.000ns period=8.000ns})
  Path Group:             clk_125_clk_gen
  Path Type:              Setup (Max at Slow Process Corner)
  Requirement:            4.000ns  (clk_125_clk_gen fall@4.000ns - clk_125_clk_gen rise@0.000ns)
  Data Path Delay:        2.150ns  (logic 0.484ns (22.511%)  route 1.666ns (77.489%))
  Logic Levels:           1  (LUT2=1)
  Clock Path Skew:        -0.040ns (DCD - SCD + CPR)
    Destination Clock Delay (DCD):    -1.426ns = ( 2.574 - 4.000 ) 
    Source Clock Delay      (SCD):    -1.007ns
    Clock Pessimism Removal (CPR):    0.380ns
  Clock Uncertainty:      0.064ns  ((TSJ^2 + DJ^2)^1/2) / 2 + PE
    Total System Jitter     (TSJ):    0.071ns
    Discrete Jitter          (DJ):    0.108ns
    Phase Error              (PE):    0.000ns

    Location             Delay type                Incr(ns)  Path(ns)    Netlist Resource(s)
  -------------------------------------------------------------------    -------------------
                         (clock clk_125_clk_gen rise edge)
                                                      0.000     0.000 r  
    R4                                                0.000     0.000 r  clk_in1_p (IN)
                         net (fo=0)                   0.000     0.000    u_clk_gen/inst/clk_in1_p
    R4                   IBUFDS (Prop_ibufds_I_O)     0.851     0.851 r  u_clk_gen/inst/clkin1_ibufgds/O
                         net (fo=1, routed)           1.065     1.916    u_clk_gen/inst/clk_in1_clk_gen
    MMCME2_ADV_X1Y1      MMCME2_ADV (Prop_mmcme2_adv_CLKIN1_CLKOUT1)
                                                     -5.972    -4.056 r  u_clk_gen/inst/mmcm_adv_inst/CLKOUT1
                         net (fo=1, routed)           1.449    -2.608    u_clk_gen/inst/clk_125_clk_gen
    BUFGCTRL_X0Y0        BUFG (Prop_bufg_I_O)         0.081    -2.527 r  u_clk_gen/inst/clkout2_buf/O
                         net (fo=5509, routed)        1.520    -1.007    u_vio_tx_gmii/inst/PROBE_OUT_ALL_INST/G_PROBE_OUT[0].PROBE_OUT0_INST/clk
    SLICE_X13Y173        FDRE                                         r  u_vio_tx_gmii/inst/PROBE_OUT_ALL_INST/G_PROBE_OUT[0].PROBE_OUT0_INST/Probe_out_reg[0]/C
  -------------------------------------------------------------------    -------------------
    SLICE_X13Y173        FDRE (Prop_fdre_C_Q)         0.379    -0.628 f  u_vio_tx_gmii/inst/PROBE_OUT_ALL_INST/G_PROBE_OUT[0].PROBE_OUT0_INST/Probe_out_reg[0]/Q
                         net (fo=21, routed)          0.694     0.066    u_gmii_inst/rst
    SLICE_X8Y170         LUT2 (Prop_lut2_I1_O)        0.105     0.171 r  u_gmii_inst/frame_mem[8][7]_i_1/O
                         net (fo=144, routed)         0.972     1.143    u_gmii_inst/frame_mem[8][7]_i_1_n_0
    SLICE_X20Y177        FDRE                                         r  u_gmii_inst/frame_mem_reg[21][5]/CE
  -------------------------------------------------------------------    -------------------

                         (clock clk_125_clk_gen fall edge)
                                                      4.000     4.000 f  
    R4                                                0.000     4.000 f  clk_in1_p (IN)
                         net (fo=0)                   0.000     4.000    u_clk_gen/inst/clk_in1_p
    R4                   IBUFDS (Prop_ibufds_I_O)     0.813     4.813 f  u_clk_gen/inst/clkin1_ibufgds/O
                         net (fo=1, routed)           1.004     5.817    u_clk_gen/inst/clk_in1_clk_gen
    MMCME2_ADV_X1Y1      MMCME2_ADV (Prop_mmcme2_adv_CLKIN1_CLKOUT1)
                                                     -6.107    -0.291 f  u_clk_gen/inst/mmcm_adv_inst/CLKOUT1
                         net (fo=1, routed)           1.381     1.091    u_clk_gen/inst/clk_125_clk_gen
    BUFGCTRL_X0Y0        BUFG (Prop_bufg_I_O)         0.077     1.168 f  u_clk_gen/inst/clkout2_buf/O
                         net (fo=5509, routed)        1.406     2.574    u_gmii_inst/clk
    SLICE_X20Y177        FDRE                                         r  u_gmii_inst/frame_mem_reg[21][5]/C  (IS_INVERTED)
                         clock pessimism              0.380     2.953    
                         clock uncertainty           -0.064     2.889    
    SLICE_X20Y177        FDRE (Setup_fdre_C_CE)      -0.164     2.725    u_gmii_inst/frame_mem_reg[21][5]
  -------------------------------------------------------------------
                         required time                          2.725    
                         arrival time                          -1.143    
  -------------------------------------------------------------------
                         slack                                  1.582    

Slack (MET) :             1.582ns  (required time - arrival time)
  Source:                 u_vio_tx_gmii/inst/PROBE_OUT_ALL_INST/G_PROBE_OUT[0].PROBE_OUT0_INST/Probe_out_reg[0]/C
                            (rising edge-triggered cell FDRE clocked by clk_125_clk_gen  {rise@0.000ns fall@4.000ns period=8.000ns})
  Destination:            u_gmii_inst/frame_mem_reg[8][5]/CE
                            (falling edge-triggered cell FDRE clocked by clk_125_clk_gen  {rise@0.000ns fall@4.000ns period=8.000ns})
  Path Group:             clk_125_clk_gen
  Path Type:              Setup (Max at Slow Process Corner)
  Requirement:            4.000ns  (clk_125_clk_gen fall@4.000ns - clk_125_clk_gen rise@0.000ns)
  Data Path Delay:        2.150ns  (logic 0.484ns (22.511%)  route 1.666ns (77.489%))
  Logic Levels:           1  (LUT2=1)
  Clock Path Skew:        -0.040ns (DCD - SCD + CPR)
    Destination Clock Delay (DCD):    -1.426ns = ( 2.574 - 4.000 ) 
    Source Clock Delay      (SCD):    -1.007ns
    Clock Pessimism Removal (CPR):    0.380ns
  Clock Uncertainty:      0.064ns  ((TSJ^2 + DJ^2)^1/2) / 2 + PE
    Total System Jitter     (TSJ):    0.071ns
    Discrete Jitter          (DJ):    0.108ns
    Phase Error              (PE):    0.000ns

    Location             Delay type                Incr(ns)  Path(ns)    Netlist Resource(s)
  -------------------------------------------------------------------    -------------------
                         (clock clk_125_clk_gen rise edge)
                                                      0.000     0.000 r  
    R4                                                0.000     0.000 r  clk_in1_p (IN)
                         net (fo=0)                   0.000     0.000    u_clk_gen/inst/clk_in1_p
    R4                   IBUFDS (Prop_ibufds_I_O)     0.851     0.851 r  u_clk_gen/inst/clkin1_ibufgds/O
                         net (fo=1, routed)           1.065     1.916    u_clk_gen/inst/clk_in1_clk_gen
    MMCME2_ADV_X1Y1      MMCME2_ADV (Prop_mmcme2_adv_CLKIN1_CLKOUT1)
                                                     -5.972    -4.056 r  u_clk_gen/inst/mmcm_adv_inst/CLKOUT1
                         net (fo=1, routed)           1.449    -2.608    u_clk_gen/inst/clk_125_clk_gen
    BUFGCTRL_X0Y0        BUFG (Prop_bufg_I_O)         0.081    -2.527 r  u_clk_gen/inst/clkout2_buf/O
                         net (fo=5509, routed)        1.520    -1.007    u_vio_tx_gmii/inst/PROBE_OUT_ALL_INST/G_PROBE_OUT[0].PROBE_OUT0_INST/clk
    SLICE_X13Y173        FDRE                                         r  u_vio_tx_gmii/inst/PROBE_OUT_ALL_INST/G_PROBE_OUT[0].PROBE_OUT0_INST/Probe_out_reg[0]/C
  -------------------------------------------------------------------    -------------------
    SLICE_X13Y173        FDRE (Prop_fdre_C_Q)         0.379    -0.628 f  u_vio_tx_gmii/inst/PROBE_OUT_ALL_INST/G_PROBE_OUT[0].PROBE_OUT0_INST/Probe_out_reg[0]/Q
                         net (fo=21, routed)          0.694     0.066    u_gmii_inst/rst
    SLICE_X8Y170         LUT2 (Prop_lut2_I1_O)        0.105     0.171 r  u_gmii_inst/frame_mem[8][7]_i_1/O
                         net (fo=144, routed)         0.972     1.143    u_gmii_inst/frame_mem[8][7]_i_1_n_0
    SLICE_X20Y177        FDRE                                         r  u_gmii_inst/frame_mem_reg[8][5]/CE
  -------------------------------------------------------------------    -------------------

                         (clock clk_125_clk_gen fall edge)
                                                      4.000     4.000 f  
    R4                                                0.000     4.000 f  clk_in1_p (IN)
                         net (fo=0)                   0.000     4.000    u_clk_gen/inst/clk_in1_p
    R4                   IBUFDS (Prop_ibufds_I_O)     0.813     4.813 f  u_clk_gen/inst/clkin1_ibufgds/O
                         net (fo=1, routed)           1.004     5.817    u_clk_gen/inst/clk_in1_clk_gen
    MMCME2_ADV_X1Y1      MMCME2_ADV (Prop_mmcme2_adv_CLKIN1_CLKOUT1)
                                                     -6.107    -0.291 f  u_clk_gen/inst/mmcm_adv_inst/CLKOUT1
                         net (fo=1, routed)           1.381     1.091    u_clk_gen/inst/clk_125_clk_gen
    BUFGCTRL_X0Y0        BUFG (Prop_bufg_I_O)         0.077     1.168 f  u_clk_gen/inst/clkout2_buf/O
                         net (fo=5509, routed)        1.406     2.574    u_gmii_inst/clk
    SLICE_X20Y177        FDRE                                         r  u_gmii_inst/frame_mem_reg[8][5]/C  (IS_INVERTED)
                         clock pessimism              0.380     2.953    
                         clock uncertainty           -0.064     2.889    
    SLICE_X20Y177        FDRE (Setup_fdre_C_CE)      -0.164     2.725    u_gmii_inst/frame_mem_reg[8][5]
  -------------------------------------------------------------------
                         required time                          2.725    
                         arrival time                          -1.143    
  -------------------------------------------------------------------
                         slack                                  1.582    

Slack (MET) :             1.582ns  (required time - arrival time)
  Source:                 u_vio_tx_gmii/inst/PROBE_OUT_ALL_INST/G_PROBE_OUT[0].PROBE_OUT0_INST/Probe_out_reg[0]/C
                            (rising edge-triggered cell FDRE clocked by clk_125_clk_gen  {rise@0.000ns fall@4.000ns period=8.000ns})
  Destination:            u_gmii_inst/frame_mem_reg[9][5]/CE
                            (falling edge-triggered cell FDRE clocked by clk_125_clk_gen  {rise@0.000ns fall@4.000ns period=8.000ns})
  Path Group:             clk_125_clk_gen
  Path Type:              Setup (Max at Slow Process Corner)
  Requirement:            4.000ns  (clk_125_clk_gen fall@4.000ns - clk_125_clk_gen rise@0.000ns)
  Data Path Delay:        2.150ns  (logic 0.484ns (22.511%)  route 1.666ns (77.489%))
  Logic Levels:           1  (LUT2=1)
  Clock Path Skew:        -0.040ns (DCD - SCD + CPR)
    Destination Clock Delay (DCD):    -1.426ns = ( 2.574 - 4.000 ) 
    Source Clock Delay      (SCD):    -1.007ns
    Clock Pessimism Removal (CPR):    0.380ns
  Clock Uncertainty:      0.064ns  ((TSJ^2 + DJ^2)^1/2) / 2 + PE
    Total System Jitter     (TSJ):    0.071ns
    Discrete Jitter          (DJ):    0.108ns
    Phase Error              (PE):    0.000ns

    Location             Delay type                Incr(ns)  Path(ns)    Netlist Resource(s)
  -------------------------------------------------------------------    -------------------
                         (clock clk_125_clk_gen rise edge)
                                                      0.000     0.000 r  
    R4                                                0.000     0.000 r  clk_in1_p (IN)
                         net (fo=0)                   0.000     0.000    u_clk_gen/inst/clk_in1_p
    R4                   IBUFDS (Prop_ibufds_I_O)     0.851     0.851 r  u_clk_gen/inst/clkin1_ibufgds/O
                         net (fo=1, routed)           1.065     1.916    u_clk_gen/inst/clk_in1_clk_gen
    MMCME2_ADV_X1Y1      MMCME2_ADV (Prop_mmcme2_adv_CLKIN1_CLKOUT1)
                                                     -5.972    -4.056 r  u_clk_gen/inst/mmcm_adv_inst/CLKOUT1
                         net (fo=1, routed)           1.449    -2.608    u_clk_gen/inst/clk_125_clk_gen
    BUFGCTRL_X0Y0        BUFG (Prop_bufg_I_O)         0.081    -2.527 r  u_clk_gen/inst/clkout2_buf/O
                         net (fo=5509, routed)        1.520    -1.007    u_vio_tx_gmii/inst/PROBE_OUT_ALL_INST/G_PROBE_OUT[0].PROBE_OUT0_INST/clk
    SLICE_X13Y173        FDRE                                         r  u_vio_tx_gmii/inst/PROBE_OUT_ALL_INST/G_PROBE_OUT[0].PROBE_OUT0_INST/Probe_out_reg[0]/C
  -------------------------------------------------------------------    -------------------
    SLICE_X13Y173        FDRE (Prop_fdre_C_Q)         0.379    -0.628 f  u_vio_tx_gmii/inst/PROBE_OUT_ALL_INST/G_PROBE_OUT[0].PROBE_OUT0_INST/Probe_out_reg[0]/Q
                         net (fo=21, routed)          0.694     0.066    u_gmii_inst/rst
    SLICE_X8Y170         LUT2 (Prop_lut2_I1_O)        0.105     0.171 r  u_gmii_inst/frame_mem[8][7]_i_1/O
                         net (fo=144, routed)         0.972     1.143    u_gmii_inst/frame_mem[8][7]_i_1_n_0
    SLICE_X20Y177        FDRE                                         r  u_gmii_inst/frame_mem_reg[9][5]/CE
  -------------------------------------------------------------------    -------------------

                         (clock clk_125_clk_gen fall edge)
                                                      4.000     4.000 f  
    R4                                                0.000     4.000 f  clk_in1_p (IN)
                         net (fo=0)                   0.000     4.000    u_clk_gen/inst/clk_in1_p
    R4                   IBUFDS (Prop_ibufds_I_O)     0.813     4.813 f  u_clk_gen/inst/clkin1_ibufgds/O
                         net (fo=1, routed)           1.004     5.817    u_clk_gen/inst/clk_in1_clk_gen
    MMCME2_ADV_X1Y1      MMCME2_ADV (Prop_mmcme2_adv_CLKIN1_CLKOUT1)
                                                     -6.107    -0.291 f  u_clk_gen/inst/mmcm_adv_inst/CLKOUT1
                         net (fo=1, routed)           1.381     1.091    u_clk_gen/inst/clk_125_clk_gen
    BUFGCTRL_X0Y0        BUFG (Prop_bufg_I_O)         0.077     1.168 f  u_clk_gen/inst/clkout2_buf/O
                         net (fo=5509, routed)        1.406     2.574    u_gmii_inst/clk
    SLICE_X20Y177        FDRE                                         r  u_gmii_inst/frame_mem_reg[9][5]/C  (IS_INVERTED)
                         clock pessimism              0.380     2.953    
                         clock uncertainty           -0.064     2.889    
    SLICE_X20Y177        FDRE (Setup_fdre_C_CE)      -0.164     2.725    u_gmii_inst/frame_mem_reg[9][5]
  -------------------------------------------------------------------
                         required time                          2.725    
                         arrival time                          -1.143    
  -------------------------------------------------------------------
                         slack                                  1.582    

Slack (MET) :             1.665ns  (required time - arrival time)
  Source:                 u_vio_tx_gmii/inst/PROBE_OUT_ALL_INST/G_PROBE_OUT[0].PROBE_OUT0_INST/Probe_out_reg[0]/C
                            (rising edge-triggered cell FDRE clocked by clk_125_clk_gen  {rise@0.000ns fall@4.000ns period=8.000ns})
  Destination:            u_gmii_inst/frame_mem_reg[16][6]/CE
                            (falling edge-triggered cell FDRE clocked by clk_125_clk_gen  {rise@0.000ns fall@4.000ns period=8.000ns})
  Path Group:             clk_125_clk_gen
  Path Type:              Setup (Max at Slow Process Corner)
  Requirement:            4.000ns  (clk_125_clk_gen fall@4.000ns - clk_125_clk_gen rise@0.000ns)
  Data Path Delay:        2.064ns  (logic 0.484ns (23.449%)  route 1.580ns (76.551%))
  Logic Levels:           1  (LUT2=1)
  Clock Path Skew:        -0.043ns (DCD - SCD + CPR)
    Destination Clock Delay (DCD):    -1.429ns = ( 2.571 - 4.000 ) 
    Source Clock Delay      (SCD):    -1.007ns
    Clock Pessimism Removal (CPR):    0.380ns
  Clock Uncertainty:      0.064ns  ((TSJ^2 + DJ^2)^1/2) / 2 + PE
    Total System Jitter     (TSJ):    0.071ns
    Discrete Jitter          (DJ):    0.108ns
    Phase Error              (PE):    0.000ns

    Location             Delay type                Incr(ns)  Path(ns)    Netlist Resource(s)
  -------------------------------------------------------------------    -------------------
                         (clock clk_125_clk_gen rise edge)
                                                      0.000     0.000 r  
    R4                                                0.000     0.000 r  clk_in1_p (IN)
                         net (fo=0)                   0.000     0.000    u_clk_gen/inst/clk_in1_p
    R4                   IBUFDS (Prop_ibufds_I_O)     0.851     0.851 r  u_clk_gen/inst/clkin1_ibufgds/O
                         net (fo=1, routed)           1.065     1.916    u_clk_gen/inst/clk_in1_clk_gen
    MMCME2_ADV_X1Y1      MMCME2_ADV (Prop_mmcme2_adv_CLKIN1_CLKOUT1)
                                                     -5.972    -4.056 r  u_clk_gen/inst/mmcm_adv_inst/CLKOUT1
                         net (fo=1, routed)           1.449    -2.608    u_clk_gen/inst/clk_125_clk_gen
    BUFGCTRL_X0Y0        BUFG (Prop_bufg_I_O)         0.081    -2.527 r  u_clk_gen/inst/clkout2_buf/O
                         net (fo=5509, routed)        1.520    -1.007    u_vio_tx_gmii/inst/PROBE_OUT_ALL_INST/G_PROBE_OUT[0].PROBE_OUT0_INST/clk
    SLICE_X13Y173        FDRE                                         r  u_vio_tx_gmii/inst/PROBE_OUT_ALL_INST/G_PROBE_OUT[0].PROBE_OUT0_INST/Probe_out_reg[0]/C
  -------------------------------------------------------------------    -------------------
    SLICE_X13Y173        FDRE (Prop_fdre_C_Q)         0.379    -0.628 f  u_vio_tx_gmii/inst/PROBE_OUT_ALL_INST/G_PROBE_OUT[0].PROBE_OUT0_INST/Probe_out_reg[0]/Q
                         net (fo=21, routed)          0.694     0.066    u_gmii_inst/rst
    SLICE_X8Y170         LUT2 (Prop_lut2_I1_O)        0.105     0.171 r  u_gmii_inst/frame_mem[8][7]_i_1/O
                         net (fo=144, routed)         0.886     1.057    u_gmii_inst/frame_mem[8][7]_i_1_n_0
    SLICE_X24Y176        FDRE                                         r  u_gmii_inst/frame_mem_reg[16][6]/CE
  -------------------------------------------------------------------    -------------------

                         (clock clk_125_clk_gen fall edge)
                                                      4.000     4.000 f  
    R4                                                0.000     4.000 f  clk_in1_p (IN)
                         net (fo=0)                   0.000     4.000    u_clk_gen/inst/clk_in1_p
    R4                   IBUFDS (Prop_ibufds_I_O)     0.813     4.813 f  u_clk_gen/inst/clkin1_ibufgds/O
                         net (fo=1, routed)           1.004     5.817    u_clk_gen/inst/clk_in1_clk_gen
    MMCME2_ADV_X1Y1      MMCME2_ADV (Prop_mmcme2_adv_CLKIN1_CLKOUT1)
                                                     -6.107    -0.291 f  u_clk_gen/inst/mmcm_adv_inst/CLKOUT1
                         net (fo=1, routed)           1.381     1.091    u_clk_gen/inst/clk_125_clk_gen
    BUFGCTRL_X0Y0        BUFG (Prop_bufg_I_O)         0.077     1.168 f  u_clk_gen/inst/clkout2_buf/O
                         net (fo=5509, routed)        1.403     2.571    u_gmii_inst/clk
    SLICE_X24Y176        FDRE                                         r  u_gmii_inst/frame_mem_reg[16][6]/C  (IS_INVERTED)
                         clock pessimism              0.380     2.950    
                         clock uncertainty           -0.064     2.886    
    SLICE_X24Y176        FDRE (Setup_fdre_C_CE)      -0.164     2.722    u_gmii_inst/frame_mem_reg[16][6]
  -------------------------------------------------------------------
                         required time                          2.722    
                         arrival time                          -1.057    
  -------------------------------------------------------------------
                         slack                                  1.665    

Slack (MET) :             1.665ns  (required time - arrival time)
  Source:                 u_vio_tx_gmii/inst/PROBE_OUT_ALL_INST/G_PROBE_OUT[0].PROBE_OUT0_INST/Probe_out_reg[0]/C
                            (rising edge-triggered cell FDRE clocked by clk_125_clk_gen  {rise@0.000ns fall@4.000ns period=8.000ns})
  Destination:            u_gmii_inst/frame_mem_reg[17][6]/CE
                            (falling edge-triggered cell FDRE clocked by clk_125_clk_gen  {rise@0.000ns fall@4.000ns period=8.000ns})
  Path Group:             clk_125_clk_gen
  Path Type:              Setup (Max at Slow Process Corner)
  Requirement:            4.000ns  (clk_125_clk_gen fall@4.000ns - clk_125_clk_gen rise@0.000ns)
  Data Path Delay:        2.064ns  (logic 0.484ns (23.449%)  route 1.580ns (76.551%))
  Logic Levels:           1  (LUT2=1)
  Clock Path Skew:        -0.043ns (DCD - SCD + CPR)
    Destination Clock Delay (DCD):    -1.429ns = ( 2.571 - 4.000 ) 
    Source Clock Delay      (SCD):    -1.007ns
    Clock Pessimism Removal (CPR):    0.380ns
  Clock Uncertainty:      0.064ns  ((TSJ^2 + DJ^2)^1/2) / 2 + PE
    Total System Jitter     (TSJ):    0.071ns
    Discrete Jitter          (DJ):    0.108ns
    Phase Error              (PE):    0.000ns

    Location             Delay type                Incr(ns)  Path(ns)    Netlist Resource(s)
  -------------------------------------------------------------------    -------------------
                         (clock clk_125_clk_gen rise edge)
                                                      0.000     0.000 r  
    R4                                                0.000     0.000 r  clk_in1_p (IN)
                         net (fo=0)                   0.000     0.000    u_clk_gen/inst/clk_in1_p
    R4                   IBUFDS (Prop_ibufds_I_O)     0.851     0.851 r  u_clk_gen/inst/clkin1_ibufgds/O
                         net (fo=1, routed)           1.065     1.916    u_clk_gen/inst/clk_in1_clk_gen
    MMCME2_ADV_X1Y1      MMCME2_ADV (Prop_mmcme2_adv_CLKIN1_CLKOUT1)
                                                     -5.972    -4.056 r  u_clk_gen/inst/mmcm_adv_inst/CLKOUT1
                         net (fo=1, routed)           1.449    -2.608    u_clk_gen/inst/clk_125_clk_gen
    BUFGCTRL_X0Y0        BUFG (Prop_bufg_I_O)         0.081    -2.527 r  u_clk_gen/inst/clkout2_buf/O
                         net (fo=5509, routed)        1.520    -1.007    u_vio_tx_gmii/inst/PROBE_OUT_ALL_INST/G_PROBE_OUT[0].PROBE_OUT0_INST/clk
    SLICE_X13Y173        FDRE                                         r  u_vio_tx_gmii/inst/PROBE_OUT_ALL_INST/G_PROBE_OUT[0].PROBE_OUT0_INST/Probe_out_reg[0]/C
  -------------------------------------------------------------------    -------------------
    SLICE_X13Y173        FDRE (Prop_fdre_C_Q)         0.379    -0.628 f  u_vio_tx_gmii/inst/PROBE_OUT_ALL_INST/G_PROBE_OUT[0].PROBE_OUT0_INST/Probe_out_reg[0]/Q
                         net (fo=21, routed)          0.694     0.066    u_gmii_inst/rst
    SLICE_X8Y170         LUT2 (Prop_lut2_I1_O)        0.105     0.171 r  u_gmii_inst/frame_mem[8][7]_i_1/O
                         net (fo=144, routed)         0.886     1.057    u_gmii_inst/frame_mem[8][7]_i_1_n_0
    SLICE_X24Y176        FDRE                                         r  u_gmii_inst/frame_mem_reg[17][6]/CE
  -------------------------------------------------------------------    -------------------

                         (clock clk_125_clk_gen fall edge)
                                                      4.000     4.000 f  
    R4                                                0.000     4.000 f  clk_in1_p (IN)
                         net (fo=0)                   0.000     4.000    u_clk_gen/inst/clk_in1_p
    R4                   IBUFDS (Prop_ibufds_I_O)     0.813     4.813 f  u_clk_gen/inst/clkin1_ibufgds/O
                         net (fo=1, routed)           1.004     5.817    u_clk_gen/inst/clk_in1_clk_gen
    MMCME2_ADV_X1Y1      MMCME2_ADV (Prop_mmcme2_adv_CLKIN1_CLKOUT1)
                                                     -6.107    -0.291 f  u_clk_gen/inst/mmcm_adv_inst/CLKOUT1
                         net (fo=1, routed)           1.381     1.091    u_clk_gen/inst/clk_125_clk_gen
    BUFGCTRL_X0Y0        BUFG (Prop_bufg_I_O)         0.077     1.168 f  u_clk_gen/inst/clkout2_buf/O
                         net (fo=5509, routed)        1.403     2.571    u_gmii_inst/clk
    SLICE_X24Y176        FDRE                                         r  u_gmii_inst/frame_mem_reg[17][6]/C  (IS_INVERTED)
                         clock pessimism              0.380     2.950    
                         clock uncertainty           -0.064     2.886    
    SLICE_X24Y176        FDRE (Setup_fdre_C_CE)      -0.164     2.722    u_gmii_inst/frame_mem_reg[17][6]
  -------------------------------------------------------------------
                         required time                          2.722    
                         arrival time                          -1.057    
  -------------------------------------------------------------------
                         slack                                  1.665    

Slack (MET) :             1.665ns  (required time - arrival time)
  Source:                 u_vio_tx_gmii/inst/PROBE_OUT_ALL_INST/G_PROBE_OUT[0].PROBE_OUT0_INST/Probe_out_reg[0]/C
                            (rising edge-triggered cell FDRE clocked by clk_125_clk_gen  {rise@0.000ns fall@4.000ns period=8.000ns})
  Destination:            u_gmii_inst/frame_mem_reg[18][6]/CE
                            (falling edge-triggered cell FDRE clocked by clk_125_clk_gen  {rise@0.000ns fall@4.000ns period=8.000ns})
  Path Group:             clk_125_clk_gen
  Path Type:              Setup (Max at Slow Process Corner)
  Requirement:            4.000ns  (clk_125_clk_gen fall@4.000ns - clk_125_clk_gen rise@0.000ns)
  Data Path Delay:        2.064ns  (logic 0.484ns (23.449%)  route 1.580ns (76.551%))
  Logic Levels:           1  (LUT2=1)
  Clock Path Skew:        -0.043ns (DCD - SCD + CPR)
    Destination Clock Delay (DCD):    -1.429ns = ( 2.571 - 4.000 ) 
    Source Clock Delay      (SCD):    -1.007ns
    Clock Pessimism Removal (CPR):    0.380ns
  Clock Uncertainty:      0.064ns  ((TSJ^2 + DJ^2)^1/2) / 2 + PE
    Total System Jitter     (TSJ):    0.071ns
    Discrete Jitter          (DJ):    0.108ns
    Phase Error              (PE):    0.000ns

    Location             Delay type                Incr(ns)  Path(ns)    Netlist Resource(s)
  -------------------------------------------------------------------    -------------------
                         (clock clk_125_clk_gen rise edge)
                                                      0.000     0.000 r  
    R4                                                0.000     0.000 r  clk_in1_p (IN)
                         net (fo=0)                   0.000     0.000    u_clk_gen/inst/clk_in1_p
    R4                   IBUFDS (Prop_ibufds_I_O)     0.851     0.851 r  u_clk_gen/inst/clkin1_ibufgds/O
                         net (fo=1, routed)           1.065     1.916    u_clk_gen/inst/clk_in1_clk_gen
    MMCME2_ADV_X1Y1      MMCME2_ADV (Prop_mmcme2_adv_CLKIN1_CLKOUT1)
                                                     -5.972    -4.056 r  u_clk_gen/inst/mmcm_adv_inst/CLKOUT1
                         net (fo=1, routed)           1.449    -2.608    u_clk_gen/inst/clk_125_clk_gen
    BUFGCTRL_X0Y0        BUFG (Prop_bufg_I_O)         0.081    -2.527 r  u_clk_gen/inst/clkout2_buf/O
                         net (fo=5509, routed)        1.520    -1.007    u_vio_tx_gmii/inst/PROBE_OUT_ALL_INST/G_PROBE_OUT[0].PROBE_OUT0_INST/clk
    SLICE_X13Y173        FDRE                                         r  u_vio_tx_gmii/inst/PROBE_OUT_ALL_INST/G_PROBE_OUT[0].PROBE_OUT0_INST/Probe_out_reg[0]/C
  -------------------------------------------------------------------    -------------------
    SLICE_X13Y173        FDRE (Prop_fdre_C_Q)         0.379    -0.628 f  u_vio_tx_gmii/inst/PROBE_OUT_ALL_INST/G_PROBE_OUT[0].PROBE_OUT0_INST/Probe_out_reg[0]/Q
                         net (fo=21, routed)          0.694     0.066    u_gmii_inst/rst
    SLICE_X8Y170         LUT2 (Prop_lut2_I1_O)        0.105     0.171 r  u_gmii_inst/frame_mem[8][7]_i_1/O
                         net (fo=144, routed)         0.886     1.057    u_gmii_inst/frame_mem[8][7]_i_1_n_0
    SLICE_X24Y176        FDRE                                         r  u_gmii_inst/frame_mem_reg[18][6]/CE
  -------------------------------------------------------------------    -------------------

                         (clock clk_125_clk_gen fall edge)
                                                      4.000     4.000 f  
    R4                                                0.000     4.000 f  clk_in1_p (IN)
                         net (fo=0)                   0.000     4.000    u_clk_gen/inst/clk_in1_p
    R4                   IBUFDS (Prop_ibufds_I_O)     0.813     4.813 f  u_clk_gen/inst/clkin1_ibufgds/O
                         net (fo=1, routed)           1.004     5.817    u_clk_gen/inst/clk_in1_clk_gen
    MMCME2_ADV_X1Y1      MMCME2_ADV (Prop_mmcme2_adv_CLKIN1_CLKOUT1)
                                                     -6.107    -0.291 f  u_clk_gen/inst/mmcm_adv_inst/CLKOUT1
                         net (fo=1, routed)           1.381     1.091    u_clk_gen/inst/clk_125_clk_gen
    BUFGCTRL_X0Y0        BUFG (Prop_bufg_I_O)         0.077     1.168 f  u_clk_gen/inst/clkout2_buf/O
                         net (fo=5509, routed)        1.403     2.571    u_gmii_inst/clk
    SLICE_X24Y176        FDRE                                         r  u_gmii_inst/frame_mem_reg[18][6]/C  (IS_INVERTED)
                         clock pessimism              0.380     2.950    
                         clock uncertainty           -0.064     2.886    
    SLICE_X24Y176        FDRE (Setup_fdre_C_CE)      -0.164     2.722    u_gmii_inst/frame_mem_reg[18][6]
  -------------------------------------------------------------------
                         required time                          2.722    
                         arrival time                          -1.057    
  -------------------------------------------------------------------
                         slack                                  1.665    

Slack (MET) :             1.665ns  (required time - arrival time)
  Source:                 u_vio_tx_gmii/inst/PROBE_OUT_ALL_INST/G_PROBE_OUT[0].PROBE_OUT0_INST/Probe_out_reg[0]/C
                            (rising edge-triggered cell FDRE clocked by clk_125_clk_gen  {rise@0.000ns fall@4.000ns period=8.000ns})
  Destination:            u_gmii_inst/frame_mem_reg[19][6]/CE
                            (falling edge-triggered cell FDRE clocked by clk_125_clk_gen  {rise@0.000ns fall@4.000ns period=8.000ns})
  Path Group:             clk_125_clk_gen
  Path Type:              Setup (Max at Slow Process Corner)
  Requirement:            4.000ns  (clk_125_clk_gen fall@4.000ns - clk_125_clk_gen rise@0.000ns)
  Data Path Delay:        2.064ns  (logic 0.484ns (23.449%)  route 1.580ns (76.551%))
  Logic Levels:           1  (LUT2=1)
  Clock Path Skew:        -0.043ns (DCD - SCD + CPR)
    Destination Clock Delay (DCD):    -1.429ns = ( 2.571 - 4.000 ) 
    Source Clock Delay      (SCD):    -1.007ns
    Clock Pessimism Removal (CPR):    0.380ns
  Clock Uncertainty:      0.064ns  ((TSJ^2 + DJ^2)^1/2) / 2 + PE
    Total System Jitter     (TSJ):    0.071ns
    Discrete Jitter          (DJ):    0.108ns
    Phase Error              (PE):    0.000ns

    Location             Delay type                Incr(ns)  Path(ns)    Netlist Resource(s)
  -------------------------------------------------------------------    -------------------
                         (clock clk_125_clk_gen rise edge)
                                                      0.000     0.000 r  
    R4                                                0.000     0.000 r  clk_in1_p (IN)
                         net (fo=0)                   0.000     0.000    u_clk_gen/inst/clk_in1_p
    R4                   IBUFDS (Prop_ibufds_I_O)     0.851     0.851 r  u_clk_gen/inst/clkin1_ibufgds/O
                         net (fo=1, routed)           1.065     1.916    u_clk_gen/inst/clk_in1_clk_gen
    MMCME2_ADV_X1Y1      MMCME2_ADV (Prop_mmcme2_adv_CLKIN1_CLKOUT1)
                                                     -5.972    -4.056 r  u_clk_gen/inst/mmcm_adv_inst/CLKOUT1
                         net (fo=1, routed)           1.449    -2.608    u_clk_gen/inst/clk_125_clk_gen
    BUFGCTRL_X0Y0        BUFG (Prop_bufg_I_O)         0.081    -2.527 r  u_clk_gen/inst/clkout2_buf/O
                         net (fo=5509, routed)        1.520    -1.007    u_vio_tx_gmii/inst/PROBE_OUT_ALL_INST/G_PROBE_OUT[0].PROBE_OUT0_INST/clk
    SLICE_X13Y173        FDRE                                         r  u_vio_tx_gmii/inst/PROBE_OUT_ALL_INST/G_PROBE_OUT[0].PROBE_OUT0_INST/Probe_out_reg[0]/C
  -------------------------------------------------------------------    -------------------
    SLICE_X13Y173        FDRE (Prop_fdre_C_Q)         0.379    -0.628 f  u_vio_tx_gmii/inst/PROBE_OUT_ALL_INST/G_PROBE_OUT[0].PROBE_OUT0_INST/Probe_out_reg[0]/Q
                         net (fo=21, routed)          0.694     0.066    u_gmii_inst/rst
    SLICE_X8Y170         LUT2 (Prop_lut2_I1_O)        0.105     0.171 r  u_gmii_inst/frame_mem[8][7]_i_1/O
                         net (fo=144, routed)         0.886     1.057    u_gmii_inst/frame_mem[8][7]_i_1_n_0
    SLICE_X24Y176        FDRE                                         r  u_gmii_inst/frame_mem_reg[19][6]/CE
  -------------------------------------------------------------------    -------------------

                         (clock clk_125_clk_gen fall edge)
                                                      4.000     4.000 f  
    R4                                                0.000     4.000 f  clk_in1_p (IN)
                         net (fo=0)                   0.000     4.000    u_clk_gen/inst/clk_in1_p
    R4                   IBUFDS (Prop_ibufds_I_O)     0.813     4.813 f  u_clk_gen/inst/clkin1_ibufgds/O
                         net (fo=1, routed)           1.004     5.817    u_clk_gen/inst/clk_in1_clk_gen
    MMCME2_ADV_X1Y1      MMCME2_ADV (Prop_mmcme2_adv_CLKIN1_CLKOUT1)
                                                     -6.107    -0.291 f  u_clk_gen/inst/mmcm_adv_inst/CLKOUT1
                         net (fo=1, routed)           1.381     1.091    u_clk_gen/inst/clk_125_clk_gen
    BUFGCTRL_X0Y0        BUFG (Prop_bufg_I_O)         0.077     1.168 f  u_clk_gen/inst/clkout2_buf/O
                         net (fo=5509, routed)        1.403     2.571    u_gmii_inst/clk
    SLICE_X24Y176        FDRE                                         r  u_gmii_inst/frame_mem_reg[19][6]/C  (IS_INVERTED)
                         clock pessimism              0.380     2.950    
                         clock uncertainty           -0.064     2.886    
    SLICE_X24Y176        FDRE (Setup_fdre_C_CE)      -0.164     2.722    u_gmii_inst/frame_mem_reg[19][6]
  -------------------------------------------------------------------
                         required time                          2.722    
                         arrival time                          -1.057    
  -------------------------------------------------------------------
                         slack                                  1.665    

Slack (MET) :             1.667ns  (required time - arrival time)
  Source:                 u_vio_tx_gmii/inst/PROBE_OUT_ALL_INST/G_PROBE_OUT[0].PROBE_OUT0_INST/Probe_out_reg[0]/C
                            (rising edge-triggered cell FDRE clocked by clk_125_clk_gen  {rise@0.000ns fall@4.000ns period=8.000ns})
  Destination:            u_gmii_inst/frame_mem_reg[12][7]/CE
                            (falling edge-triggered cell FDRE clocked by clk_125_clk_gen  {rise@0.000ns fall@4.000ns period=8.000ns})
  Path Group:             clk_125_clk_gen
  Path Type:              Setup (Max at Slow Process Corner)
  Requirement:            4.000ns  (clk_125_clk_gen fall@4.000ns - clk_125_clk_gen rise@0.000ns)
  Data Path Delay:        2.062ns  (logic 0.484ns (23.467%)  route 1.578ns (76.533%))
  Logic Levels:           1  (LUT2=1)
  Clock Path Skew:        -0.042ns (DCD - SCD + CPR)
    Destination Clock Delay (DCD):    -1.428ns = ( 2.572 - 4.000 ) 
    Source Clock Delay      (SCD):    -1.007ns
    Clock Pessimism Removal (CPR):    0.380ns
  Clock Uncertainty:      0.064ns  ((TSJ^2 + DJ^2)^1/2) / 2 + PE
    Total System Jitter     (TSJ):    0.071ns
    Discrete Jitter          (DJ):    0.108ns
    Phase Error              (PE):    0.000ns

    Location             Delay type                Incr(ns)  Path(ns)    Netlist Resource(s)
  -------------------------------------------------------------------    -------------------
                         (clock clk_125_clk_gen rise edge)
                                                      0.000     0.000 r  
    R4                                                0.000     0.000 r  clk_in1_p (IN)
                         net (fo=0)                   0.000     0.000    u_clk_gen/inst/clk_in1_p
    R4                   IBUFDS (Prop_ibufds_I_O)     0.851     0.851 r  u_clk_gen/inst/clkin1_ibufgds/O
                         net (fo=1, routed)           1.065     1.916    u_clk_gen/inst/clk_in1_clk_gen
    MMCME2_ADV_X1Y1      MMCME2_ADV (Prop_mmcme2_adv_CLKIN1_CLKOUT1)
                                                     -5.972    -4.056 r  u_clk_gen/inst/mmcm_adv_inst/CLKOUT1
                         net (fo=1, routed)           1.449    -2.608    u_clk_gen/inst/clk_125_clk_gen
    BUFGCTRL_X0Y0        BUFG (Prop_bufg_I_O)         0.081    -2.527 r  u_clk_gen/inst/clkout2_buf/O
                         net (fo=5509, routed)        1.520    -1.007    u_vio_tx_gmii/inst/PROBE_OUT_ALL_INST/G_PROBE_OUT[0].PROBE_OUT0_INST/clk
    SLICE_X13Y173        FDRE                                         r  u_vio_tx_gmii/inst/PROBE_OUT_ALL_INST/G_PROBE_OUT[0].PROBE_OUT0_INST/Probe_out_reg[0]/C
  -------------------------------------------------------------------    -------------------
    SLICE_X13Y173        FDRE (Prop_fdre_C_Q)         0.379    -0.628 f  u_vio_tx_gmii/inst/PROBE_OUT_ALL_INST/G_PROBE_OUT[0].PROBE_OUT0_INST/Probe_out_reg[0]/Q
                         net (fo=21, routed)          0.694     0.066    u_gmii_inst/rst
    SLICE_X8Y170         LUT2 (Prop_lut2_I1_O)        0.105     0.171 r  u_gmii_inst/frame_mem[8][7]_i_1/O
                         net (fo=144, routed)         0.885     1.056    u_gmii_inst/frame_mem[8][7]_i_1_n_0
    SLICE_X18Y174        FDRE                                         r  u_gmii_inst/frame_mem_reg[12][7]/CE
  -------------------------------------------------------------------    -------------------

                         (clock clk_125_clk_gen fall edge)
                                                      4.000     4.000 f  
    R4                                                0.000     4.000 f  clk_in1_p (IN)
                         net (fo=0)                   0.000     4.000    u_clk_gen/inst/clk_in1_p
    R4                   IBUFDS (Prop_ibufds_I_O)     0.813     4.813 f  u_clk_gen/inst/clkin1_ibufgds/O
                         net (fo=1, routed)           1.004     5.817    u_clk_gen/inst/clk_in1_clk_gen
    MMCME2_ADV_X1Y1      MMCME2_ADV (Prop_mmcme2_adv_CLKIN1_CLKOUT1)
                                                     -6.107    -0.291 f  u_clk_gen/inst/mmcm_adv_inst/CLKOUT1
                         net (fo=1, routed)           1.381     1.091    u_clk_gen/inst/clk_125_clk_gen
    BUFGCTRL_X0Y0        BUFG (Prop_bufg_I_O)         0.077     1.168 f  u_clk_gen/inst/clkout2_buf/O
                         net (fo=5509, routed)        1.404     2.572    u_gmii_inst/clk
    SLICE_X18Y174        FDRE                                         r  u_gmii_inst/frame_mem_reg[12][7]/C  (IS_INVERTED)
                         clock pessimism              0.380     2.951    
                         clock uncertainty           -0.064     2.887    
    SLICE_X18Y174        FDRE (Setup_fdre_C_CE)      -0.164     2.723    u_gmii_inst/frame_mem_reg[12][7]
  -------------------------------------------------------------------
                         required time                          2.723    
                         arrival time                          -1.056    
  -------------------------------------------------------------------
                         slack                                  1.667    

Slack (MET) :             1.667ns  (required time - arrival time)
  Source:                 u_vio_tx_gmii/inst/PROBE_OUT_ALL_INST/G_PROBE_OUT[0].PROBE_OUT0_INST/Probe_out_reg[0]/C
                            (rising edge-triggered cell FDRE clocked by clk_125_clk_gen  {rise@0.000ns fall@4.000ns period=8.000ns})
  Destination:            u_gmii_inst/frame_mem_reg[13][7]/CE
                            (falling edge-triggered cell FDRE clocked by clk_125_clk_gen  {rise@0.000ns fall@4.000ns period=8.000ns})
  Path Group:             clk_125_clk_gen
  Path Type:              Setup (Max at Slow Process Corner)
  Requirement:            4.000ns  (clk_125_clk_gen fall@4.000ns - clk_125_clk_gen rise@0.000ns)
  Data Path Delay:        2.062ns  (logic 0.484ns (23.467%)  route 1.578ns (76.533%))
  Logic Levels:           1  (LUT2=1)
  Clock Path Skew:        -0.042ns (DCD - SCD + CPR)
    Destination Clock Delay (DCD):    -1.428ns = ( 2.572 - 4.000 ) 
    Source Clock Delay      (SCD):    -1.007ns
    Clock Pessimism Removal (CPR):    0.380ns
  Clock Uncertainty:      0.064ns  ((TSJ^2 + DJ^2)^1/2) / 2 + PE
    Total System Jitter     (TSJ):    0.071ns
    Discrete Jitter          (DJ):    0.108ns
    Phase Error              (PE):    0.000ns

    Location             Delay type                Incr(ns)  Path(ns)    Netlist Resource(s)
  -------------------------------------------------------------------    -------------------
                         (clock clk_125_clk_gen rise edge)
                                                      0.000     0.000 r  
    R4                                                0.000     0.000 r  clk_in1_p (IN)
                         net (fo=0)                   0.000     0.000    u_clk_gen/inst/clk_in1_p
    R4                   IBUFDS (Prop_ibufds_I_O)     0.851     0.851 r  u_clk_gen/inst/clkin1_ibufgds/O
                         net (fo=1, routed)           1.065     1.916    u_clk_gen/inst/clk_in1_clk_gen
    MMCME2_ADV_X1Y1      MMCME2_ADV (Prop_mmcme2_adv_CLKIN1_CLKOUT1)
                                                     -5.972    -4.056 r  u_clk_gen/inst/mmcm_adv_inst/CLKOUT1
                         net (fo=1, routed)           1.449    -2.608    u_clk_gen/inst/clk_125_clk_gen
    BUFGCTRL_X0Y0        BUFG (Prop_bufg_I_O)         0.081    -2.527 r  u_clk_gen/inst/clkout2_buf/O
                         net (fo=5509, routed)        1.520    -1.007    u_vio_tx_gmii/inst/PROBE_OUT_ALL_INST/G_PROBE_OUT[0].PROBE_OUT0_INST/clk
    SLICE_X13Y173        FDRE                                         r  u_vio_tx_gmii/inst/PROBE_OUT_ALL_INST/G_PROBE_OUT[0].PROBE_OUT0_INST/Probe_out_reg[0]/C
  -------------------------------------------------------------------    -------------------
    SLICE_X13Y173        FDRE (Prop_fdre_C_Q)         0.379    -0.628 f  u_vio_tx_gmii/inst/PROBE_OUT_ALL_INST/G_PROBE_OUT[0].PROBE_OUT0_INST/Probe_out_reg[0]/Q
                         net (fo=21, routed)          0.694     0.066    u_gmii_inst/rst
    SLICE_X8Y170         LUT2 (Prop_lut2_I1_O)        0.105     0.171 r  u_gmii_inst/frame_mem[8][7]_i_1/O
                         net (fo=144, routed)         0.885     1.056    u_gmii_inst/frame_mem[8][7]_i_1_n_0
    SLICE_X18Y174        FDRE                                         r  u_gmii_inst/frame_mem_reg[13][7]/CE
  -------------------------------------------------------------------    -------------------

                         (clock clk_125_clk_gen fall edge)
                                                      4.000     4.000 f  
    R4                                                0.000     4.000 f  clk_in1_p (IN)
                         net (fo=0)                   0.000     4.000    u_clk_gen/inst/clk_in1_p
    R4                   IBUFDS (Prop_ibufds_I_O)     0.813     4.813 f  u_clk_gen/inst/clkin1_ibufgds/O
                         net (fo=1, routed)           1.004     5.817    u_clk_gen/inst/clk_in1_clk_gen
    MMCME2_ADV_X1Y1      MMCME2_ADV (Prop_mmcme2_adv_CLKIN1_CLKOUT1)
                                                     -6.107    -0.291 f  u_clk_gen/inst/mmcm_adv_inst/CLKOUT1
                         net (fo=1, routed)           1.381     1.091    u_clk_gen/inst/clk_125_clk_gen
    BUFGCTRL_X0Y0        BUFG (Prop_bufg_I_O)         0.077     1.168 f  u_clk_gen/inst/clkout2_buf/O
                         net (fo=5509, routed)        1.404     2.572    u_gmii_inst/clk
    SLICE_X18Y174        FDRE                                         r  u_gmii_inst/frame_mem_reg[13][7]/C  (IS_INVERTED)
                         clock pessimism              0.380     2.951    
                         clock uncertainty           -0.064     2.887    
    SLICE_X18Y174        FDRE (Setup_fdre_C_CE)      -0.164     2.723    u_gmii_inst/frame_mem_reg[13][7]
  -------------------------------------------------------------------
                         required time                          2.723    
                         arrival time                          -1.056    
  -------------------------------------------------------------------
                         slack                                  1.667    

Slack (MET) :             1.667ns  (required time - arrival time)
  Source:                 u_vio_tx_gmii/inst/PROBE_OUT_ALL_INST/G_PROBE_OUT[0].PROBE_OUT0_INST/Probe_out_reg[0]/C
                            (rising edge-triggered cell FDRE clocked by clk_125_clk_gen  {rise@0.000ns fall@4.000ns period=8.000ns})
  Destination:            u_gmii_inst/frame_mem_reg[14][7]/CE
                            (falling edge-triggered cell FDRE clocked by clk_125_clk_gen  {rise@0.000ns fall@4.000ns period=8.000ns})
  Path Group:             clk_125_clk_gen
  Path Type:              Setup (Max at Slow Process Corner)
  Requirement:            4.000ns  (clk_125_clk_gen fall@4.000ns - clk_125_clk_gen rise@0.000ns)
  Data Path Delay:        2.062ns  (logic 0.484ns (23.467%)  route 1.578ns (76.533%))
  Logic Levels:           1  (LUT2=1)
  Clock Path Skew:        -0.042ns (DCD - SCD + CPR)
    Destination Clock Delay (DCD):    -1.428ns = ( 2.572 - 4.000 ) 
    Source Clock Delay      (SCD):    -1.007ns
    Clock Pessimism Removal (CPR):    0.380ns
  Clock Uncertainty:      0.064ns  ((TSJ^2 + DJ^2)^1/2) / 2 + PE
    Total System Jitter     (TSJ):    0.071ns
    Discrete Jitter          (DJ):    0.108ns
    Phase Error              (PE):    0.000ns

    Location             Delay type                Incr(ns)  Path(ns)    Netlist Resource(s)
  -------------------------------------------------------------------    -------------------
                         (clock clk_125_clk_gen rise edge)
                                                      0.000     0.000 r  
    R4                                                0.000     0.000 r  clk_in1_p (IN)
                         net (fo=0)                   0.000     0.000    u_clk_gen/inst/clk_in1_p
    R4                   IBUFDS (Prop_ibufds_I_O)     0.851     0.851 r  u_clk_gen/inst/clkin1_ibufgds/O
                         net (fo=1, routed)           1.065     1.916    u_clk_gen/inst/clk_in1_clk_gen
    MMCME2_ADV_X1Y1      MMCME2_ADV (Prop_mmcme2_adv_CLKIN1_CLKOUT1)
                                                     -5.972    -4.056 r  u_clk_gen/inst/mmcm_adv_inst/CLKOUT1
                         net (fo=1, routed)           1.449    -2.608    u_clk_gen/inst/clk_125_clk_gen
    BUFGCTRL_X0Y0        BUFG (Prop_bufg_I_O)         0.081    -2.527 r  u_clk_gen/inst/clkout2_buf/O
                         net (fo=5509, routed)        1.520    -1.007    u_vio_tx_gmii/inst/PROBE_OUT_ALL_INST/G_PROBE_OUT[0].PROBE_OUT0_INST/clk
    SLICE_X13Y173        FDRE                                         r  u_vio_tx_gmii/inst/PROBE_OUT_ALL_INST/G_PROBE_OUT[0].PROBE_OUT0_INST/Probe_out_reg[0]/C
  -------------------------------------------------------------------    -------------------
    SLICE_X13Y173        FDRE (Prop_fdre_C_Q)         0.379    -0.628 f  u_vio_tx_gmii/inst/PROBE_OUT_ALL_INST/G_PROBE_OUT[0].PROBE_OUT0_INST/Probe_out_reg[0]/Q
                         net (fo=21, routed)          0.694     0.066    u_gmii_inst/rst
    SLICE_X8Y170         LUT2 (Prop_lut2_I1_O)        0.105     0.171 r  u_gmii_inst/frame_mem[8][7]_i_1/O
                         net (fo=144, routed)         0.885     1.056    u_gmii_inst/frame_mem[8][7]_i_1_n_0
    SLICE_X18Y174        FDRE                                         r  u_gmii_inst/frame_mem_reg[14][7]/CE
  -------------------------------------------------------------------    -------------------

                         (clock clk_125_clk_gen fall edge)
                                                      4.000     4.000 f  
    R4                                                0.000     4.000 f  clk_in1_p (IN)
                         net (fo=0)                   0.000     4.000    u_clk_gen/inst/clk_in1_p
    R4                   IBUFDS (Prop_ibufds_I_O)     0.813     4.813 f  u_clk_gen/inst/clkin1_ibufgds/O
                         net (fo=1, routed)           1.004     5.817    u_clk_gen/inst/clk_in1_clk_gen
    MMCME2_ADV_X1Y1      MMCME2_ADV (Prop_mmcme2_adv_CLKIN1_CLKOUT1)
                                                     -6.107    -0.291 f  u_clk_gen/inst/mmcm_adv_inst/CLKOUT1
                         net (fo=1, routed)           1.381     1.091    u_clk_gen/inst/clk_125_clk_gen
    BUFGCTRL_X0Y0        BUFG (Prop_bufg_I_O)         0.077     1.168 f  u_clk_gen/inst/clkout2_buf/O
                         net (fo=5509, routed)        1.404     2.572    u_gmii_inst/clk
    SLICE_X18Y174        FDRE                                         r  u_gmii_inst/frame_mem_reg[14][7]/C  (IS_INVERTED)
                         clock pessimism              0.380     2.951    
                         clock uncertainty           -0.064     2.887    
    SLICE_X18Y174        FDRE (Setup_fdre_C_CE)      -0.164     2.723    u_gmii_inst/frame_mem_reg[14][7]
  -------------------------------------------------------------------
                         required time                          2.723    
                         arrival time                          -1.056    
  -------------------------------------------------------------------
                         slack                                  1.667    

Slack (MET) :             1.667ns  (required time - arrival time)
  Source:                 u_vio_tx_gmii/inst/PROBE_OUT_ALL_INST/G_PROBE_OUT[0].PROBE_OUT0_INST/Probe_out_reg[0]/C
                            (rising edge-triggered cell FDRE clocked by clk_125_clk_gen  {rise@0.000ns fall@4.000ns period=8.000ns})
  Destination:            u_gmii_inst/frame_mem_reg[15][7]/CE
                            (falling edge-triggered cell FDRE clocked by clk_125_clk_gen  {rise@0.000ns fall@4.000ns period=8.000ns})
  Path Group:             clk_125_clk_gen
  Path Type:              Setup (Max at Slow Process Corner)
  Requirement:            4.000ns  (clk_125_clk_gen fall@4.000ns - clk_125_clk_gen rise@0.000ns)
  Data Path Delay:        2.062ns  (logic 0.484ns (23.467%)  route 1.578ns (76.533%))
  Logic Levels:           1  (LUT2=1)
  Clock Path Skew:        -0.042ns (DCD - SCD + CPR)
    Destination Clock Delay (DCD):    -1.428ns = ( 2.572 - 4.000 ) 
    Source Clock Delay      (SCD):    -1.007ns
    Clock Pessimism Removal (CPR):    0.380ns
  Clock Uncertainty:      0.064ns  ((TSJ^2 + DJ^2)^1/2) / 2 + PE
    Total System Jitter     (TSJ):    0.071ns
    Discrete Jitter          (DJ):    0.108ns
    Phase Error              (PE):    0.000ns

    Location             Delay type                Incr(ns)  Path(ns)    Netlist Resource(s)
  -------------------------------------------------------------------    -------------------
                         (clock clk_125_clk_gen rise edge)
                                                      0.000     0.000 r  
    R4                                                0.000     0.000 r  clk_in1_p (IN)
                         net (fo=0)                   0.000     0.000    u_clk_gen/inst/clk_in1_p
    R4                   IBUFDS (Prop_ibufds_I_O)     0.851     0.851 r  u_clk_gen/inst/clkin1_ibufgds/O
                         net (fo=1, routed)           1.065     1.916    u_clk_gen/inst/clk_in1_clk_gen
    MMCME2_ADV_X1Y1      MMCME2_ADV (Prop_mmcme2_adv_CLKIN1_CLKOUT1)
                                                     -5.972    -4.056 r  u_clk_gen/inst/mmcm_adv_inst/CLKOUT1
                         net (fo=1, routed)           1.449    -2.608    u_clk_gen/inst/clk_125_clk_gen
    BUFGCTRL_X0Y0        BUFG (Prop_bufg_I_O)         0.081    -2.527 r  u_clk_gen/inst/clkout2_buf/O
                         net (fo=5509, routed)        1.520    -1.007    u_vio_tx_gmii/inst/PROBE_OUT_ALL_INST/G_PROBE_OUT[0].PROBE_OUT0_INST/clk
    SLICE_X13Y173        FDRE                                         r  u_vio_tx_gmii/inst/PROBE_OUT_ALL_INST/G_PROBE_OUT[0].PROBE_OUT0_INST/Probe_out_reg[0]/C
  -------------------------------------------------------------------    -------------------
    SLICE_X13Y173        FDRE (Prop_fdre_C_Q)         0.379    -0.628 f  u_vio_tx_gmii/inst/PROBE_OUT_ALL_INST/G_PROBE_OUT[0].PROBE_OUT0_INST/Probe_out_reg[0]/Q
                         net (fo=21, routed)          0.694     0.066    u_gmii_inst/rst
    SLICE_X8Y170         LUT2 (Prop_lut2_I1_O)        0.105     0.171 r  u_gmii_inst/frame_mem[8][7]_i_1/O
                         net (fo=144, routed)         0.885     1.056    u_gmii_inst/frame_mem[8][7]_i_1_n_0
    SLICE_X18Y174        FDRE                                         r  u_gmii_inst/frame_mem_reg[15][7]/CE
  -------------------------------------------------------------------    -------------------

                         (clock clk_125_clk_gen fall edge)
                                                      4.000     4.000 f  
    R4                                                0.000     4.000 f  clk_in1_p (IN)
                         net (fo=0)                   0.000     4.000    u_clk_gen/inst/clk_in1_p
    R4                   IBUFDS (Prop_ibufds_I_O)     0.813     4.813 f  u_clk_gen/inst/clkin1_ibufgds/O
                         net (fo=1, routed)           1.004     5.817    u_clk_gen/inst/clk_in1_clk_gen
    MMCME2_ADV_X1Y1      MMCME2_ADV (Prop_mmcme2_adv_CLKIN1_CLKOUT1)
                                                     -6.107    -0.291 f  u_clk_gen/inst/mmcm_adv_inst/CLKOUT1
                         net (fo=1, routed)           1.381     1.091    u_clk_gen/inst/clk_125_clk_gen
    BUFGCTRL_X0Y0        BUFG (Prop_bufg_I_O)         0.077     1.168 f  u_clk_gen/inst/clkout2_buf/O
                         net (fo=5509, routed)        1.404     2.572    u_gmii_inst/clk
    SLICE_X18Y174        FDRE                                         r  u_gmii_inst/frame_mem_reg[15][7]/C  (IS_INVERTED)
                         clock pessimism              0.380     2.951    
                         clock uncertainty           -0.064     2.887    
    SLICE_X18Y174        FDRE (Setup_fdre_C_CE)      -0.164     2.723    u_gmii_inst/frame_mem_reg[15][7]
  -------------------------------------------------------------------
                         required time                          2.723    
                         arrival time                          -1.056    
  -------------------------------------------------------------------
                         slack                                  1.667    

Slack (MET) :             1.667ns  (required time - arrival time)
  Source:                 u_vio_tx_gmii/inst/PROBE_OUT_ALL_INST/G_PROBE_OUT[0].PROBE_OUT0_INST/Probe_out_reg[0]/C
                            (rising edge-triggered cell FDRE clocked by clk_125_clk_gen  {rise@0.000ns fall@4.000ns period=8.000ns})
  Destination:            u_gmii_inst/frame_mem_reg[20][6]/CE
                            (falling edge-triggered cell FDRE clocked by clk_125_clk_gen  {rise@0.000ns fall@4.000ns period=8.000ns})
  Path Group:             clk_125_clk_gen
  Path Type:              Setup (Max at Slow Process Corner)
  Requirement:            4.000ns  (clk_125_clk_gen fall@4.000ns - clk_125_clk_gen rise@0.000ns)
  Data Path Delay:        2.062ns  (logic 0.484ns (23.467%)  route 1.578ns (76.533%))
  Logic Levels:           1  (LUT2=1)
  Clock Path Skew:        -0.042ns (DCD - SCD + CPR)
    Destination Clock Delay (DCD):    -1.428ns = ( 2.572 - 4.000 ) 
    Source Clock Delay      (SCD):    -1.007ns
    Clock Pessimism Removal (CPR):    0.380ns
  Clock Uncertainty:      0.064ns  ((TSJ^2 + DJ^2)^1/2) / 2 + PE
    Total System Jitter     (TSJ):    0.071ns
    Discrete Jitter          (DJ):    0.108ns
    Phase Error              (PE):    0.000ns

    Location             Delay type                Incr(ns)  Path(ns)    Netlist Resource(s)
  -------------------------------------------------------------------    -------------------
                         (clock clk_125_clk_gen rise edge)
                                                      0.000     0.000 r  
    R4                                                0.000     0.000 r  clk_in1_p (IN)
                         net (fo=0)                   0.000     0.000    u_clk_gen/inst/clk_in1_p
    R4                   IBUFDS (Prop_ibufds_I_O)     0.851     0.851 r  u_clk_gen/inst/clkin1_ibufgds/O
                         net (fo=1, routed)           1.065     1.916    u_clk_gen/inst/clk_in1_clk_gen
    MMCME2_ADV_X1Y1      MMCME2_ADV (Prop_mmcme2_adv_CLKIN1_CLKOUT1)
                                                     -5.972    -4.056 r  u_clk_gen/inst/mmcm_adv_inst/CLKOUT1
                         net (fo=1, routed)           1.449    -2.608    u_clk_gen/inst/clk_125_clk_gen
    BUFGCTRL_X0Y0        BUFG (Prop_bufg_I_O)         0.081    -2.527 r  u_clk_gen/inst/clkout2_buf/O
                         net (fo=5509, routed)        1.520    -1.007    u_vio_tx_gmii/inst/PROBE_OUT_ALL_INST/G_PROBE_OUT[0].PROBE_OUT0_INST/clk
    SLICE_X13Y173        FDRE                                         r  u_vio_tx_gmii/inst/PROBE_OUT_ALL_INST/G_PROBE_OUT[0].PROBE_OUT0_INST/Probe_out_reg[0]/C
  -------------------------------------------------------------------    -------------------
    SLICE_X13Y173        FDRE (Prop_fdre_C_Q)         0.379    -0.628 f  u_vio_tx_gmii/inst/PROBE_OUT_ALL_INST/G_PROBE_OUT[0].PROBE_OUT0_INST/Probe_out_reg[0]/Q
                         net (fo=21, routed)          0.694     0.066    u_gmii_inst/rst
    SLICE_X8Y170         LUT2 (Prop_lut2_I1_O)        0.105     0.171 r  u_gmii_inst/frame_mem[8][7]_i_1/O
                         net (fo=144, routed)         0.885     1.056    u_gmii_inst/frame_mem[8][7]_i_1_n_0
    SLICE_X18Y174        FDRE                                         r  u_gmii_inst/frame_mem_reg[20][6]/CE
  -------------------------------------------------------------------    -------------------

                         (clock clk_125_clk_gen fall edge)
                                                      4.000     4.000 f  
    R4                                                0.000     4.000 f  clk_in1_p (IN)
                         net (fo=0)                   0.000     4.000    u_clk_gen/inst/clk_in1_p
    R4                   IBUFDS (Prop_ibufds_I_O)     0.813     4.813 f  u_clk_gen/inst/clkin1_ibufgds/O
                         net (fo=1, routed)           1.004     5.817    u_clk_gen/inst/clk_in1_clk_gen
    MMCME2_ADV_X1Y1      MMCME2_ADV (Prop_mmcme2_adv_CLKIN1_CLKOUT1)
                                                     -6.107    -0.291 f  u_clk_gen/inst/mmcm_adv_inst/CLKOUT1
                         net (fo=1, routed)           1.381     1.091    u_clk_gen/inst/clk_125_clk_gen
    BUFGCTRL_X0Y0        BUFG (Prop_bufg_I_O)         0.077     1.168 f  u_clk_gen/inst/clkout2_buf/O
                         net (fo=5509, routed)        1.404     2.572    u_gmii_inst/clk
    SLICE_X18Y174        FDRE                                         r  u_gmii_inst/frame_mem_reg[20][6]/C  (IS_INVERTED)
                         clock pessimism              0.380     2.951    
                         clock uncertainty           -0.064     2.887    
    SLICE_X18Y174        FDRE (Setup_fdre_C_CE)      -0.164     2.723    u_gmii_inst/frame_mem_reg[20][6]
  -------------------------------------------------------------------
                         required time                          2.723    
                         arrival time                          -1.056    
  -------------------------------------------------------------------
                         slack                                  1.667    

Slack (MET) :             1.667ns  (required time - arrival time)
  Source:                 u_vio_tx_gmii/inst/PROBE_OUT_ALL_INST/G_PROBE_OUT[0].PROBE_OUT0_INST/Probe_out_reg[0]/C
                            (rising edge-triggered cell FDRE clocked by clk_125_clk_gen  {rise@0.000ns fall@4.000ns period=8.000ns})
  Destination:            u_gmii_inst/frame_mem_reg[21][6]/CE
                            (falling edge-triggered cell FDRE clocked by clk_125_clk_gen  {rise@0.000ns fall@4.000ns period=8.000ns})
  Path Group:             clk_125_clk_gen
  Path Type:              Setup (Max at Slow Process Corner)
  Requirement:            4.000ns  (clk_125_clk_gen fall@4.000ns - clk_125_clk_gen rise@0.000ns)
  Data Path Delay:        2.062ns  (logic 0.484ns (23.467%)  route 1.578ns (76.533%))
  Logic Levels:           1  (LUT2=1)
  Clock Path Skew:        -0.042ns (DCD - SCD + CPR)
    Destination Clock Delay (DCD):    -1.428ns = ( 2.572 - 4.000 ) 
    Source Clock Delay      (SCD):    -1.007ns
    Clock Pessimism Removal (CPR):    0.380ns
  Clock Uncertainty:      0.064ns  ((TSJ^2 + DJ^2)^1/2) / 2 + PE
    Total System Jitter     (TSJ):    0.071ns
    Discrete Jitter          (DJ):    0.108ns
    Phase Error              (PE):    0.000ns

    Location             Delay type                Incr(ns)  Path(ns)    Netlist Resource(s)
  -------------------------------------------------------------------    -------------------
                         (clock clk_125_clk_gen rise edge)
                                                      0.000     0.000 r  
    R4                                                0.000     0.000 r  clk_in1_p (IN)
                         net (fo=0)                   0.000     0.000    u_clk_gen/inst/clk_in1_p
    R4                   IBUFDS (Prop_ibufds_I_O)     0.851     0.851 r  u_clk_gen/inst/clkin1_ibufgds/O
                         net (fo=1, routed)           1.065     1.916    u_clk_gen/inst/clk_in1_clk_gen
    MMCME2_ADV_X1Y1      MMCME2_ADV (Prop_mmcme2_adv_CLKIN1_CLKOUT1)
                                                     -5.972    -4.056 r  u_clk_gen/inst/mmcm_adv_inst/CLKOUT1
                         net (fo=1, routed)           1.449    -2.608    u_clk_gen/inst/clk_125_clk_gen
    BUFGCTRL_X0Y0        BUFG (Prop_bufg_I_O)         0.081    -2.527 r  u_clk_gen/inst/clkout2_buf/O
                         net (fo=5509, routed)        1.520    -1.007    u_vio_tx_gmii/inst/PROBE_OUT_ALL_INST/G_PROBE_OUT[0].PROBE_OUT0_INST/clk
    SLICE_X13Y173        FDRE                                         r  u_vio_tx_gmii/inst/PROBE_OUT_ALL_INST/G_PROBE_OUT[0].PROBE_OUT0_INST/Probe_out_reg[0]/C
  -------------------------------------------------------------------    -------------------
    SLICE_X13Y173        FDRE (Prop_fdre_C_Q)         0.379    -0.628 f  u_vio_tx_gmii/inst/PROBE_OUT_ALL_INST/G_PROBE_OUT[0].PROBE_OUT0_INST/Probe_out_reg[0]/Q
                         net (fo=21, routed)          0.694     0.066    u_gmii_inst/rst
    SLICE_X8Y170         LUT2 (Prop_lut2_I1_O)        0.105     0.171 r  u_gmii_inst/frame_mem[8][7]_i_1/O
                         net (fo=144, routed)         0.885     1.056    u_gmii_inst/frame_mem[8][7]_i_1_n_0
    SLICE_X18Y174        FDRE                                         r  u_gmii_inst/frame_mem_reg[21][6]/CE
  -------------------------------------------------------------------    -------------------

                         (clock clk_125_clk_gen fall edge)
                                                      4.000     4.000 f  
    R4                                                0.000     4.000 f  clk_in1_p (IN)
                         net (fo=0)                   0.000     4.000    u_clk_gen/inst/clk_in1_p
    R4                   IBUFDS (Prop_ibufds_I_O)     0.813     4.813 f  u_clk_gen/inst/clkin1_ibufgds/O
                         net (fo=1, routed)           1.004     5.817    u_clk_gen/inst/clk_in1_clk_gen
    MMCME2_ADV_X1Y1      MMCME2_ADV (Prop_mmcme2_adv_CLKIN1_CLKOUT1)
                                                     -6.107    -0.291 f  u_clk_gen/inst/mmcm_adv_inst/CLKOUT1
                         net (fo=1, routed)           1.381     1.091    u_clk_gen/inst/clk_125_clk_gen
    BUFGCTRL_X0Y0        BUFG (Prop_bufg_I_O)         0.077     1.168 f  u_clk_gen/inst/clkout2_buf/O
                         net (fo=5509, routed)        1.404     2.572    u_gmii_inst/clk
    SLICE_X18Y174        FDRE                                         r  u_gmii_inst/frame_mem_reg[21][6]/C  (IS_INVERTED)
                         clock pessimism              0.380     2.951    
                         clock uncertainty           -0.064     2.887    
    SLICE_X18Y174        FDRE (Setup_fdre_C_CE)      -0.164     2.723    u_gmii_inst/frame_mem_reg[21][6]
  -------------------------------------------------------------------
                         required time                          2.723    
                         arrival time                          -1.056    
  -------------------------------------------------------------------
                         slack                                  1.667    

Slack (MET) :             1.667ns  (required time - arrival time)
  Source:                 u_vio_tx_gmii/inst/PROBE_OUT_ALL_INST/G_PROBE_OUT[0].PROBE_OUT0_INST/Probe_out_reg[0]/C
                            (rising edge-triggered cell FDRE clocked by clk_125_clk_gen  {rise@0.000ns fall@4.000ns period=8.000ns})
  Destination:            u_gmii_inst/frame_mem_reg[21][7]/CE
                            (falling edge-triggered cell FDRE clocked by clk_125_clk_gen  {rise@0.000ns fall@4.000ns period=8.000ns})
  Path Group:             clk_125_clk_gen
  Path Type:              Setup (Max at Slow Process Corner)
  Requirement:            4.000ns  (clk_125_clk_gen fall@4.000ns - clk_125_clk_gen rise@0.000ns)
  Data Path Delay:        2.062ns  (logic 0.484ns (23.467%)  route 1.578ns (76.533%))
  Logic Levels:           1  (LUT2=1)
  Clock Path Skew:        -0.042ns (DCD - SCD + CPR)
    Destination Clock Delay (DCD):    -1.428ns = ( 2.572 - 4.000 ) 
    Source Clock Delay      (SCD):    -1.007ns
    Clock Pessimism Removal (CPR):    0.380ns
  Clock Uncertainty:      0.064ns  ((TSJ^2 + DJ^2)^1/2) / 2 + PE
    Total System Jitter     (TSJ):    0.071ns
    Discrete Jitter          (DJ):    0.108ns
    Phase Error              (PE):    0.000ns

    Location             Delay type                Incr(ns)  Path(ns)    Netlist Resource(s)
  -------------------------------------------------------------------    -------------------
                         (clock clk_125_clk_gen rise edge)
                                                      0.000     0.000 r  
    R4                                                0.000     0.000 r  clk_in1_p (IN)
                         net (fo=0)                   0.000     0.000    u_clk_gen/inst/clk_in1_p
    R4                   IBUFDS (Prop_ibufds_I_O)     0.851     0.851 r  u_clk_gen/inst/clkin1_ibufgds/O
                         net (fo=1, routed)           1.065     1.916    u_clk_gen/inst/clk_in1_clk_gen
    MMCME2_ADV_X1Y1      MMCME2_ADV (Prop_mmcme2_adv_CLKIN1_CLKOUT1)
                                                     -5.972    -4.056 r  u_clk_gen/inst/mmcm_adv_inst/CLKOUT1
                         net (fo=1, routed)           1.449    -2.608    u_clk_gen/inst/clk_125_clk_gen
    BUFGCTRL_X0Y0        BUFG (Prop_bufg_I_O)         0.081    -2.527 r  u_clk_gen/inst/clkout2_buf/O
                         net (fo=5509, routed)        1.520    -1.007    u_vio_tx_gmii/inst/PROBE_OUT_ALL_INST/G_PROBE_OUT[0].PROBE_OUT0_INST/clk
    SLICE_X13Y173        FDRE                                         r  u_vio_tx_gmii/inst/PROBE_OUT_ALL_INST/G_PROBE_OUT[0].PROBE_OUT0_INST/Probe_out_reg[0]/C
  -------------------------------------------------------------------    -------------------
    SLICE_X13Y173        FDRE (Prop_fdre_C_Q)         0.379    -0.628 f  u_vio_tx_gmii/inst/PROBE_OUT_ALL_INST/G_PROBE_OUT[0].PROBE_OUT0_INST/Probe_out_reg[0]/Q
                         net (fo=21, routed)          0.694     0.066    u_gmii_inst/rst
    SLICE_X8Y170         LUT2 (Prop_lut2_I1_O)        0.105     0.171 r  u_gmii_inst/frame_mem[8][7]_i_1/O
                         net (fo=144, routed)         0.885     1.056    u_gmii_inst/frame_mem[8][7]_i_1_n_0
    SLICE_X18Y174        FDRE                                         r  u_gmii_inst/frame_mem_reg[21][7]/CE
  -------------------------------------------------------------------    -------------------

                         (clock clk_125_clk_gen fall edge)
                                                      4.000     4.000 f  
    R4                                                0.000     4.000 f  clk_in1_p (IN)
                         net (fo=0)                   0.000     4.000    u_clk_gen/inst/clk_in1_p
    R4                   IBUFDS (Prop_ibufds_I_O)     0.813     4.813 f  u_clk_gen/inst/clkin1_ibufgds/O
                         net (fo=1, routed)           1.004     5.817    u_clk_gen/inst/clk_in1_clk_gen
    MMCME2_ADV_X1Y1      MMCME2_ADV (Prop_mmcme2_adv_CLKIN1_CLKOUT1)
                                                     -6.107    -0.291 f  u_clk_gen/inst/mmcm_adv_inst/CLKOUT1
                         net (fo=1, routed)           1.381     1.091    u_clk_gen/inst/clk_125_clk_gen
    BUFGCTRL_X0Y0        BUFG (Prop_bufg_I_O)         0.077     1.168 f  u_clk_gen/inst/clkout2_buf/O
                         net (fo=5509, routed)        1.404     2.572    u_gmii_inst/clk
    SLICE_X18Y174        FDRE                                         r  u_gmii_inst/frame_mem_reg[21][7]/C  (IS_INVERTED)
                         clock pessimism              0.380     2.951    
                         clock uncertainty           -0.064     2.887    
    SLICE_X18Y174        FDRE (Setup_fdre_C_CE)      -0.164     2.723    u_gmii_inst/frame_mem_reg[21][7]
  -------------------------------------------------------------------
                         required time                          2.723    
                         arrival time                          -1.056    
  -------------------------------------------------------------------
                         slack                                  1.667    

Slack (MET) :             1.689ns  (required time - arrival time)
  Source:                 u_vio_tx_gmii/inst/PROBE_OUT_ALL_INST/G_PROBE_OUT[0].PROBE_OUT0_INST/Probe_out_reg[0]/C
                            (rising edge-triggered cell FDRE clocked by clk_125_clk_gen  {rise@0.000ns fall@4.000ns period=8.000ns})
  Destination:            u_gmii_inst/frame_mem_reg[10][6]/CE
                            (falling edge-triggered cell FDRE clocked by clk_125_clk_gen  {rise@0.000ns fall@4.000ns period=8.000ns})
  Path Group:             clk_125_clk_gen
  Path Type:              Setup (Max at Slow Process Corner)
  Requirement:            4.000ns  (clk_125_clk_gen fall@4.000ns - clk_125_clk_gen rise@0.000ns)
  Data Path Delay:        2.040ns  (logic 0.484ns (23.723%)  route 1.556ns (76.277%))
  Logic Levels:           1  (LUT2=1)
  Clock Path Skew:        -0.042ns (DCD - SCD + CPR)
    Destination Clock Delay (DCD):    -1.428ns = ( 2.572 - 4.000 ) 
    Source Clock Delay      (SCD):    -1.007ns
    Clock Pessimism Removal (CPR):    0.380ns
  Clock Uncertainty:      0.064ns  ((TSJ^2 + DJ^2)^1/2) / 2 + PE
    Total System Jitter     (TSJ):    0.071ns
    Discrete Jitter          (DJ):    0.108ns
    Phase Error              (PE):    0.000ns

    Location             Delay type                Incr(ns)  Path(ns)    Netlist Resource(s)
  -------------------------------------------------------------------    -------------------
                         (clock clk_125_clk_gen rise edge)
                                                      0.000     0.000 r  
    R4                                                0.000     0.000 r  clk_in1_p (IN)
                         net (fo=0)                   0.000     0.000    u_clk_gen/inst/clk_in1_p
    R4                   IBUFDS (Prop_ibufds_I_O)     0.851     0.851 r  u_clk_gen/inst/clkin1_ibufgds/O
                         net (fo=1, routed)           1.065     1.916    u_clk_gen/inst/clk_in1_clk_gen
    MMCME2_ADV_X1Y1      MMCME2_ADV (Prop_mmcme2_adv_CLKIN1_CLKOUT1)
                                                     -5.972    -4.056 r  u_clk_gen/inst/mmcm_adv_inst/CLKOUT1
                         net (fo=1, routed)           1.449    -2.608    u_clk_gen/inst/clk_125_clk_gen
    BUFGCTRL_X0Y0        BUFG (Prop_bufg_I_O)         0.081    -2.527 r  u_clk_gen/inst/clkout2_buf/O
                         net (fo=5509, routed)        1.520    -1.007    u_vio_tx_gmii/inst/PROBE_OUT_ALL_INST/G_PROBE_OUT[0].PROBE_OUT0_INST/clk
    SLICE_X13Y173        FDRE                                         r  u_vio_tx_gmii/inst/PROBE_OUT_ALL_INST/G_PROBE_OUT[0].PROBE_OUT0_INST/Probe_out_reg[0]/C
  -------------------------------------------------------------------    -------------------
    SLICE_X13Y173        FDRE (Prop_fdre_C_Q)         0.379    -0.628 f  u_vio_tx_gmii/inst/PROBE_OUT_ALL_INST/G_PROBE_OUT[0].PROBE_OUT0_INST/Probe_out_reg[0]/Q
                         net (fo=21, routed)          0.694     0.066    u_gmii_inst/rst
    SLICE_X8Y170         LUT2 (Prop_lut2_I1_O)        0.105     0.171 r  u_gmii_inst/frame_mem[8][7]_i_1/O
                         net (fo=144, routed)         0.863     1.034    u_gmii_inst/frame_mem[8][7]_i_1_n_0
    SLICE_X20Y176        FDRE                                         r  u_gmii_inst/frame_mem_reg[10][6]/CE
  -------------------------------------------------------------------    -------------------

                         (clock clk_125_clk_gen fall edge)
                                                      4.000     4.000 f  
    R4                                                0.000     4.000 f  clk_in1_p (IN)
                         net (fo=0)                   0.000     4.000    u_clk_gen/inst/clk_in1_p
    R4                   IBUFDS (Prop_ibufds_I_O)     0.813     4.813 f  u_clk_gen/inst/clkin1_ibufgds/O
                         net (fo=1, routed)           1.004     5.817    u_clk_gen/inst/clk_in1_clk_gen
    MMCME2_ADV_X1Y1      MMCME2_ADV (Prop_mmcme2_adv_CLKIN1_CLKOUT1)
                                                     -6.107    -0.291 f  u_clk_gen/inst/mmcm_adv_inst/CLKOUT1
                         net (fo=1, routed)           1.381     1.091    u_clk_gen/inst/clk_125_clk_gen
    BUFGCTRL_X0Y0        BUFG (Prop_bufg_I_O)         0.077     1.168 f  u_clk_gen/inst/clkout2_buf/O
                         net (fo=5509, routed)        1.404     2.572    u_gmii_inst/clk
    SLICE_X20Y176        FDRE                                         r  u_gmii_inst/frame_mem_reg[10][6]/C  (IS_INVERTED)
                         clock pessimism              0.380     2.951    
                         clock uncertainty           -0.064     2.887    
    SLICE_X20Y176        FDRE (Setup_fdre_C_CE)      -0.164     2.723    u_gmii_inst/frame_mem_reg[10][6]
  -------------------------------------------------------------------
                         required time                          2.723    
                         arrival time                          -1.034    
  -------------------------------------------------------------------
                         slack                                  1.689    

Slack (MET) :             1.689ns  (required time - arrival time)
  Source:                 u_vio_tx_gmii/inst/PROBE_OUT_ALL_INST/G_PROBE_OUT[0].PROBE_OUT0_INST/Probe_out_reg[0]/C
                            (rising edge-triggered cell FDRE clocked by clk_125_clk_gen  {rise@0.000ns fall@4.000ns period=8.000ns})
  Destination:            u_gmii_inst/frame_mem_reg[11][6]/CE
                            (falling edge-triggered cell FDRE clocked by clk_125_clk_gen  {rise@0.000ns fall@4.000ns period=8.000ns})
  Path Group:             clk_125_clk_gen
  Path Type:              Setup (Max at Slow Process Corner)
  Requirement:            4.000ns  (clk_125_clk_gen fall@4.000ns - clk_125_clk_gen rise@0.000ns)
  Data Path Delay:        2.040ns  (logic 0.484ns (23.723%)  route 1.556ns (76.277%))
  Logic Levels:           1  (LUT2=1)
  Clock Path Skew:        -0.042ns (DCD - SCD + CPR)
    Destination Clock Delay (DCD):    -1.428ns = ( 2.572 - 4.000 ) 
    Source Clock Delay      (SCD):    -1.007ns
    Clock Pessimism Removal (CPR):    0.380ns
  Clock Uncertainty:      0.064ns  ((TSJ^2 + DJ^2)^1/2) / 2 + PE
    Total System Jitter     (TSJ):    0.071ns
    Discrete Jitter          (DJ):    0.108ns
    Phase Error              (PE):    0.000ns

    Location             Delay type                Incr(ns)  Path(ns)    Netlist Resource(s)
  -------------------------------------------------------------------    -------------------
                         (clock clk_125_clk_gen rise edge)
                                                      0.000     0.000 r  
    R4                                                0.000     0.000 r  clk_in1_p (IN)
                         net (fo=0)                   0.000     0.000    u_clk_gen/inst/clk_in1_p
    R4                   IBUFDS (Prop_ibufds_I_O)     0.851     0.851 r  u_clk_gen/inst/clkin1_ibufgds/O
                         net (fo=1, routed)           1.065     1.916    u_clk_gen/inst/clk_in1_clk_gen
    MMCME2_ADV_X1Y1      MMCME2_ADV (Prop_mmcme2_adv_CLKIN1_CLKOUT1)
                                                     -5.972    -4.056 r  u_clk_gen/inst/mmcm_adv_inst/CLKOUT1
                         net (fo=1, routed)           1.449    -2.608    u_clk_gen/inst/clk_125_clk_gen
    BUFGCTRL_X0Y0        BUFG (Prop_bufg_I_O)         0.081    -2.527 r  u_clk_gen/inst/clkout2_buf/O
                         net (fo=5509, routed)        1.520    -1.007    u_vio_tx_gmii/inst/PROBE_OUT_ALL_INST/G_PROBE_OUT[0].PROBE_OUT0_INST/clk
    SLICE_X13Y173        FDRE                                         r  u_vio_tx_gmii/inst/PROBE_OUT_ALL_INST/G_PROBE_OUT[0].PROBE_OUT0_INST/Probe_out_reg[0]/C
  -------------------------------------------------------------------    -------------------
    SLICE_X13Y173        FDRE (Prop_fdre_C_Q)         0.379    -0.628 f  u_vio_tx_gmii/inst/PROBE_OUT_ALL_INST/G_PROBE_OUT[0].PROBE_OUT0_INST/Probe_out_reg[0]/Q
                         net (fo=21, routed)          0.694     0.066    u_gmii_inst/rst
    SLICE_X8Y170         LUT2 (Prop_lut2_I1_O)        0.105     0.171 r  u_gmii_inst/frame_mem[8][7]_i_1/O
                         net (fo=144, routed)         0.863     1.034    u_gmii_inst/frame_mem[8][7]_i_1_n_0
    SLICE_X20Y176        FDRE                                         r  u_gmii_inst/frame_mem_reg[11][6]/CE
  -------------------------------------------------------------------    -------------------

                         (clock clk_125_clk_gen fall edge)
                                                      4.000     4.000 f  
    R4                                                0.000     4.000 f  clk_in1_p (IN)
                         net (fo=0)                   0.000     4.000    u_clk_gen/inst/clk_in1_p
    R4                   IBUFDS (Prop_ibufds_I_O)     0.813     4.813 f  u_clk_gen/inst/clkin1_ibufgds/O
                         net (fo=1, routed)           1.004     5.817    u_clk_gen/inst/clk_in1_clk_gen
    MMCME2_ADV_X1Y1      MMCME2_ADV (Prop_mmcme2_adv_CLKIN1_CLKOUT1)
                                                     -6.107    -0.291 f  u_clk_gen/inst/mmcm_adv_inst/CLKOUT1
                         net (fo=1, routed)           1.381     1.091    u_clk_gen/inst/clk_125_clk_gen
    BUFGCTRL_X0Y0        BUFG (Prop_bufg_I_O)         0.077     1.168 f  u_clk_gen/inst/clkout2_buf/O
                         net (fo=5509, routed)        1.404     2.572    u_gmii_inst/clk
    SLICE_X20Y176        FDRE                                         r  u_gmii_inst/frame_mem_reg[11][6]/C  (IS_INVERTED)
                         clock pessimism              0.380     2.951    
                         clock uncertainty           -0.064     2.887    
    SLICE_X20Y176        FDRE (Setup_fdre_C_CE)      -0.164     2.723    u_gmii_inst/frame_mem_reg[11][6]
  -------------------------------------------------------------------
                         required time                          2.723    
                         arrival time                          -1.034    
  -------------------------------------------------------------------
                         slack                                  1.689    

Slack (MET) :             1.689ns  (required time - arrival time)
  Source:                 u_vio_tx_gmii/inst/PROBE_OUT_ALL_INST/G_PROBE_OUT[0].PROBE_OUT0_INST/Probe_out_reg[0]/C
                            (rising edge-triggered cell FDRE clocked by clk_125_clk_gen  {rise@0.000ns fall@4.000ns period=8.000ns})
  Destination:            u_gmii_inst/frame_mem_reg[8][6]/CE
                            (falling edge-triggered cell FDRE clocked by clk_125_clk_gen  {rise@0.000ns fall@4.000ns period=8.000ns})
  Path Group:             clk_125_clk_gen
  Path Type:              Setup (Max at Slow Process Corner)
  Requirement:            4.000ns  (clk_125_clk_gen fall@4.000ns - clk_125_clk_gen rise@0.000ns)
  Data Path Delay:        2.040ns  (logic 0.484ns (23.723%)  route 1.556ns (76.277%))
  Logic Levels:           1  (LUT2=1)
  Clock Path Skew:        -0.042ns (DCD - SCD + CPR)
    Destination Clock Delay (DCD):    -1.428ns = ( 2.572 - 4.000 ) 
    Source Clock Delay      (SCD):    -1.007ns
    Clock Pessimism Removal (CPR):    0.380ns
  Clock Uncertainty:      0.064ns  ((TSJ^2 + DJ^2)^1/2) / 2 + PE
    Total System Jitter     (TSJ):    0.071ns
    Discrete Jitter          (DJ):    0.108ns
    Phase Error              (PE):    0.000ns

    Location             Delay type                Incr(ns)  Path(ns)    Netlist Resource(s)
  -------------------------------------------------------------------    -------------------
                         (clock clk_125_clk_gen rise edge)
                                                      0.000     0.000 r  
    R4                                                0.000     0.000 r  clk_in1_p (IN)
                         net (fo=0)                   0.000     0.000    u_clk_gen/inst/clk_in1_p
    R4                   IBUFDS (Prop_ibufds_I_O)     0.851     0.851 r  u_clk_gen/inst/clkin1_ibufgds/O
                         net (fo=1, routed)           1.065     1.916    u_clk_gen/inst/clk_in1_clk_gen
    MMCME2_ADV_X1Y1      MMCME2_ADV (Prop_mmcme2_adv_CLKIN1_CLKOUT1)
                                                     -5.972    -4.056 r  u_clk_gen/inst/mmcm_adv_inst/CLKOUT1
                         net (fo=1, routed)           1.449    -2.608    u_clk_gen/inst/clk_125_clk_gen
    BUFGCTRL_X0Y0        BUFG (Prop_bufg_I_O)         0.081    -2.527 r  u_clk_gen/inst/clkout2_buf/O
                         net (fo=5509, routed)        1.520    -1.007    u_vio_tx_gmii/inst/PROBE_OUT_ALL_INST/G_PROBE_OUT[0].PROBE_OUT0_INST/clk
    SLICE_X13Y173        FDRE                                         r  u_vio_tx_gmii/inst/PROBE_OUT_ALL_INST/G_PROBE_OUT[0].PROBE_OUT0_INST/Probe_out_reg[0]/C
  -------------------------------------------------------------------    -------------------
    SLICE_X13Y173        FDRE (Prop_fdre_C_Q)         0.379    -0.628 f  u_vio_tx_gmii/inst/PROBE_OUT_ALL_INST/G_PROBE_OUT[0].PROBE_OUT0_INST/Probe_out_reg[0]/Q
                         net (fo=21, routed)          0.694     0.066    u_gmii_inst/rst
    SLICE_X8Y170         LUT2 (Prop_lut2_I1_O)        0.105     0.171 r  u_gmii_inst/frame_mem[8][7]_i_1/O
                         net (fo=144, routed)         0.863     1.034    u_gmii_inst/frame_mem[8][7]_i_1_n_0
    SLICE_X20Y176        FDRE                                         r  u_gmii_inst/frame_mem_reg[8][6]/CE
  -------------------------------------------------------------------    -------------------

                         (clock clk_125_clk_gen fall edge)
                                                      4.000     4.000 f  
    R4                                                0.000     4.000 f  clk_in1_p (IN)
                         net (fo=0)                   0.000     4.000    u_clk_gen/inst/clk_in1_p
    R4                   IBUFDS (Prop_ibufds_I_O)     0.813     4.813 f  u_clk_gen/inst/clkin1_ibufgds/O
                         net (fo=1, routed)           1.004     5.817    u_clk_gen/inst/clk_in1_clk_gen
    MMCME2_ADV_X1Y1      MMCME2_ADV (Prop_mmcme2_adv_CLKIN1_CLKOUT1)
                                                     -6.107    -0.291 f  u_clk_gen/inst/mmcm_adv_inst/CLKOUT1
                         net (fo=1, routed)           1.381     1.091    u_clk_gen/inst/clk_125_clk_gen
    BUFGCTRL_X0Y0        BUFG (Prop_bufg_I_O)         0.077     1.168 f  u_clk_gen/inst/clkout2_buf/O
                         net (fo=5509, routed)        1.404     2.572    u_gmii_inst/clk
    SLICE_X20Y176        FDRE                                         r  u_gmii_inst/frame_mem_reg[8][6]/C  (IS_INVERTED)
                         clock pessimism              0.380     2.951    
                         clock uncertainty           -0.064     2.887    
    SLICE_X20Y176        FDRE (Setup_fdre_C_CE)      -0.164     2.723    u_gmii_inst/frame_mem_reg[8][6]
  -------------------------------------------------------------------
                         required time                          2.723    
                         arrival time                          -1.034    
  -------------------------------------------------------------------
                         slack                                  1.689    

Slack (MET) :             1.689ns  (required time - arrival time)
  Source:                 u_vio_tx_gmii/inst/PROBE_OUT_ALL_INST/G_PROBE_OUT[0].PROBE_OUT0_INST/Probe_out_reg[0]/C
                            (rising edge-triggered cell FDRE clocked by clk_125_clk_gen  {rise@0.000ns fall@4.000ns period=8.000ns})
  Destination:            u_gmii_inst/frame_mem_reg[9][6]/CE
                            (falling edge-triggered cell FDRE clocked by clk_125_clk_gen  {rise@0.000ns fall@4.000ns period=8.000ns})
  Path Group:             clk_125_clk_gen
  Path Type:              Setup (Max at Slow Process Corner)
  Requirement:            4.000ns  (clk_125_clk_gen fall@4.000ns - clk_125_clk_gen rise@0.000ns)
  Data Path Delay:        2.040ns  (logic 0.484ns (23.723%)  route 1.556ns (76.277%))
  Logic Levels:           1  (LUT2=1)
  Clock Path Skew:        -0.042ns (DCD - SCD + CPR)
    Destination Clock Delay (DCD):    -1.428ns = ( 2.572 - 4.000 ) 
    Source Clock Delay      (SCD):    -1.007ns
    Clock Pessimism Removal (CPR):    0.380ns
  Clock Uncertainty:      0.064ns  ((TSJ^2 + DJ^2)^1/2) / 2 + PE
    Total System Jitter     (TSJ):    0.071ns
    Discrete Jitter          (DJ):    0.108ns
    Phase Error              (PE):    0.000ns

    Location             Delay type                Incr(ns)  Path(ns)    Netlist Resource(s)
  -------------------------------------------------------------------    -------------------
                         (clock clk_125_clk_gen rise edge)
                                                      0.000     0.000 r  
    R4                                                0.000     0.000 r  clk_in1_p (IN)
                         net (fo=0)                   0.000     0.000    u_clk_gen/inst/clk_in1_p
    R4                   IBUFDS (Prop_ibufds_I_O)     0.851     0.851 r  u_clk_gen/inst/clkin1_ibufgds/O
                         net (fo=1, routed)           1.065     1.916    u_clk_gen/inst/clk_in1_clk_gen
    MMCME2_ADV_X1Y1      MMCME2_ADV (Prop_mmcme2_adv_CLKIN1_CLKOUT1)
                                                     -5.972    -4.056 r  u_clk_gen/inst/mmcm_adv_inst/CLKOUT1
                         net (fo=1, routed)           1.449    -2.608    u_clk_gen/inst/clk_125_clk_gen
    BUFGCTRL_X0Y0        BUFG (Prop_bufg_I_O)         0.081    -2.527 r  u_clk_gen/inst/clkout2_buf/O
                         net (fo=5509, routed)        1.520    -1.007    u_vio_tx_gmii/inst/PROBE_OUT_ALL_INST/G_PROBE_OUT[0].PROBE_OUT0_INST/clk
    SLICE_X13Y173        FDRE                                         r  u_vio_tx_gmii/inst/PROBE_OUT_ALL_INST/G_PROBE_OUT[0].PROBE_OUT0_INST/Probe_out_reg[0]/C
  -------------------------------------------------------------------    -------------------
    SLICE_X13Y173        FDRE (Prop_fdre_C_Q)         0.379    -0.628 f  u_vio_tx_gmii/inst/PROBE_OUT_ALL_INST/G_PROBE_OUT[0].PROBE_OUT0_INST/Probe_out_reg[0]/Q
                         net (fo=21, routed)          0.694     0.066    u_gmii_inst/rst
    SLICE_X8Y170         LUT2 (Prop_lut2_I1_O)        0.105     0.171 r  u_gmii_inst/frame_mem[8][7]_i_1/O
                         net (fo=144, routed)         0.863     1.034    u_gmii_inst/frame_mem[8][7]_i_1_n_0
    SLICE_X20Y176        FDRE                                         r  u_gmii_inst/frame_mem_reg[9][6]/CE
  -------------------------------------------------------------------    -------------------

                         (clock clk_125_clk_gen fall edge)
                                                      4.000     4.000 f  
    R4                                                0.000     4.000 f  clk_in1_p (IN)
                         net (fo=0)                   0.000     4.000    u_clk_gen/inst/clk_in1_p
    R4                   IBUFDS (Prop_ibufds_I_O)     0.813     4.813 f  u_clk_gen/inst/clkin1_ibufgds/O
                         net (fo=1, routed)           1.004     5.817    u_clk_gen/inst/clk_in1_clk_gen
    MMCME2_ADV_X1Y1      MMCME2_ADV (Prop_mmcme2_adv_CLKIN1_CLKOUT1)
                                                     -6.107    -0.291 f  u_clk_gen/inst/mmcm_adv_inst/CLKOUT1
                         net (fo=1, routed)           1.381     1.091    u_clk_gen/inst/clk_125_clk_gen
    BUFGCTRL_X0Y0        BUFG (Prop_bufg_I_O)         0.077     1.168 f  u_clk_gen/inst/clkout2_buf/O
                         net (fo=5509, routed)        1.404     2.572    u_gmii_inst/clk
    SLICE_X20Y176        FDRE                                         r  u_gmii_inst/frame_mem_reg[9][6]/C  (IS_INVERTED)
                         clock pessimism              0.380     2.951    
                         clock uncertainty           -0.064     2.887    
    SLICE_X20Y176        FDRE (Setup_fdre_C_CE)      -0.164     2.723    u_gmii_inst/frame_mem_reg[9][6]
  -------------------------------------------------------------------
                         required time                          2.723    
                         arrival time                          -1.034    
  -------------------------------------------------------------------
                         slack                                  1.689    

Slack (MET) :             1.698ns  (required time - arrival time)
  Source:                 u_vio_tx_gmii/inst/PROBE_OUT_ALL_INST/G_PROBE_OUT[0].PROBE_OUT0_INST/Probe_out_reg[0]/C
                            (rising edge-triggered cell FDRE clocked by clk_125_clk_gen  {rise@0.000ns fall@4.000ns period=8.000ns})
  Destination:            u_gmii_inst/frame_mem_reg[10][4]/CE
                            (falling edge-triggered cell FDRE clocked by clk_125_clk_gen  {rise@0.000ns fall@4.000ns period=8.000ns})
  Path Group:             clk_125_clk_gen
  Path Type:              Setup (Max at Slow Process Corner)
  Requirement:            4.000ns  (clk_125_clk_gen fall@4.000ns - clk_125_clk_gen rise@0.000ns)
  Data Path Delay:        2.035ns  (logic 0.484ns (23.787%)  route 1.551ns (76.213%))
  Logic Levels:           1  (LUT2=1)
  Clock Path Skew:        -0.039ns (DCD - SCD + CPR)
    Destination Clock Delay (DCD):    -1.425ns = ( 2.575 - 4.000 ) 
    Source Clock Delay      (SCD):    -1.007ns
    Clock Pessimism Removal (CPR):    0.380ns
  Clock Uncertainty:      0.064ns  ((TSJ^2 + DJ^2)^1/2) / 2 + PE
    Total System Jitter     (TSJ):    0.071ns
    Discrete Jitter          (DJ):    0.108ns
    Phase Error              (PE):    0.000ns

    Location             Delay type                Incr(ns)  Path(ns)    Netlist Resource(s)
  -------------------------------------------------------------------    -------------------
                         (clock clk_125_clk_gen rise edge)
                                                      0.000     0.000 r  
    R4                                                0.000     0.000 r  clk_in1_p (IN)
                         net (fo=0)                   0.000     0.000    u_clk_gen/inst/clk_in1_p
    R4                   IBUFDS (Prop_ibufds_I_O)     0.851     0.851 r  u_clk_gen/inst/clkin1_ibufgds/O
                         net (fo=1, routed)           1.065     1.916    u_clk_gen/inst/clk_in1_clk_gen
    MMCME2_ADV_X1Y1      MMCME2_ADV (Prop_mmcme2_adv_CLKIN1_CLKOUT1)
                                                     -5.972    -4.056 r  u_clk_gen/inst/mmcm_adv_inst/CLKOUT1
                         net (fo=1, routed)           1.449    -2.608    u_clk_gen/inst/clk_125_clk_gen
    BUFGCTRL_X0Y0        BUFG (Prop_bufg_I_O)         0.081    -2.527 r  u_clk_gen/inst/clkout2_buf/O
                         net (fo=5509, routed)        1.520    -1.007    u_vio_tx_gmii/inst/PROBE_OUT_ALL_INST/G_PROBE_OUT[0].PROBE_OUT0_INST/clk
    SLICE_X13Y173        FDRE                                         r  u_vio_tx_gmii/inst/PROBE_OUT_ALL_INST/G_PROBE_OUT[0].PROBE_OUT0_INST/Probe_out_reg[0]/C
  -------------------------------------------------------------------    -------------------
    SLICE_X13Y173        FDRE (Prop_fdre_C_Q)         0.379    -0.628 f  u_vio_tx_gmii/inst/PROBE_OUT_ALL_INST/G_PROBE_OUT[0].PROBE_OUT0_INST/Probe_out_reg[0]/Q
                         net (fo=21, routed)          0.694     0.066    u_gmii_inst/rst
    SLICE_X8Y170         LUT2 (Prop_lut2_I1_O)        0.105     0.171 r  u_gmii_inst/frame_mem[8][7]_i_1/O
                         net (fo=144, routed)         0.857     1.028    u_gmii_inst/frame_mem[8][7]_i_1_n_0
    SLICE_X17Y177        FDRE                                         r  u_gmii_inst/frame_mem_reg[10][4]/CE
  -------------------------------------------------------------------    -------------------

                         (clock clk_125_clk_gen fall edge)
                                                      4.000     4.000 f  
    R4                                                0.000     4.000 f  clk_in1_p (IN)
                         net (fo=0)                   0.000     4.000    u_clk_gen/inst/clk_in1_p
    R4                   IBUFDS (Prop_ibufds_I_O)     0.813     4.813 f  u_clk_gen/inst/clkin1_ibufgds/O
                         net (fo=1, routed)           1.004     5.817    u_clk_gen/inst/clk_in1_clk_gen
    MMCME2_ADV_X1Y1      MMCME2_ADV (Prop_mmcme2_adv_CLKIN1_CLKOUT1)
                                                     -6.107    -0.291 f  u_clk_gen/inst/mmcm_adv_inst/CLKOUT1
                         net (fo=1, routed)           1.381     1.091    u_clk_gen/inst/clk_125_clk_gen
    BUFGCTRL_X0Y0        BUFG (Prop_bufg_I_O)         0.077     1.168 f  u_clk_gen/inst/clkout2_buf/O
                         net (fo=5509, routed)        1.407     2.575    u_gmii_inst/clk
    SLICE_X17Y177        FDRE                                         r  u_gmii_inst/frame_mem_reg[10][4]/C  (IS_INVERTED)
                         clock pessimism              0.380     2.954    
                         clock uncertainty           -0.064     2.890    
    SLICE_X17Y177        FDRE (Setup_fdre_C_CE)      -0.164     2.726    u_gmii_inst/frame_mem_reg[10][4]
  -------------------------------------------------------------------
                         required time                          2.726    
                         arrival time                          -1.028    
  -------------------------------------------------------------------
                         slack                                  1.698    

Slack (MET) :             1.698ns  (required time - arrival time)
  Source:                 u_vio_tx_gmii/inst/PROBE_OUT_ALL_INST/G_PROBE_OUT[0].PROBE_OUT0_INST/Probe_out_reg[0]/C
                            (rising edge-triggered cell FDRE clocked by clk_125_clk_gen  {rise@0.000ns fall@4.000ns period=8.000ns})
  Destination:            u_gmii_inst/frame_mem_reg[11][4]/CE
                            (falling edge-triggered cell FDRE clocked by clk_125_clk_gen  {rise@0.000ns fall@4.000ns period=8.000ns})
  Path Group:             clk_125_clk_gen
  Path Type:              Setup (Max at Slow Process Corner)
  Requirement:            4.000ns  (clk_125_clk_gen fall@4.000ns - clk_125_clk_gen rise@0.000ns)
  Data Path Delay:        2.035ns  (logic 0.484ns (23.787%)  route 1.551ns (76.213%))
  Logic Levels:           1  (LUT2=1)
  Clock Path Skew:        -0.039ns (DCD - SCD + CPR)
    Destination Clock Delay (DCD):    -1.425ns = ( 2.575 - 4.000 ) 
    Source Clock Delay      (SCD):    -1.007ns
    Clock Pessimism Removal (CPR):    0.380ns
  Clock Uncertainty:      0.064ns  ((TSJ^2 + DJ^2)^1/2) / 2 + PE
    Total System Jitter     (TSJ):    0.071ns
    Discrete Jitter          (DJ):    0.108ns
    Phase Error              (PE):    0.000ns

    Location             Delay type                Incr(ns)  Path(ns)    Netlist Resource(s)
  -------------------------------------------------------------------    -------------------
                         (clock clk_125_clk_gen rise edge)
                                                      0.000     0.000 r  
    R4                                                0.000     0.000 r  clk_in1_p (IN)
                         net (fo=0)                   0.000     0.000    u_clk_gen/inst/clk_in1_p
    R4                   IBUFDS (Prop_ibufds_I_O)     0.851     0.851 r  u_clk_gen/inst/clkin1_ibufgds/O
                         net (fo=1, routed)           1.065     1.916    u_clk_gen/inst/clk_in1_clk_gen
    MMCME2_ADV_X1Y1      MMCME2_ADV (Prop_mmcme2_adv_CLKIN1_CLKOUT1)
                                                     -5.972    -4.056 r  u_clk_gen/inst/mmcm_adv_inst/CLKOUT1
                         net (fo=1, routed)           1.449    -2.608    u_clk_gen/inst/clk_125_clk_gen
    BUFGCTRL_X0Y0        BUFG (Prop_bufg_I_O)         0.081    -2.527 r  u_clk_gen/inst/clkout2_buf/O
                         net (fo=5509, routed)        1.520    -1.007    u_vio_tx_gmii/inst/PROBE_OUT_ALL_INST/G_PROBE_OUT[0].PROBE_OUT0_INST/clk
    SLICE_X13Y173        FDRE                                         r  u_vio_tx_gmii/inst/PROBE_OUT_ALL_INST/G_PROBE_OUT[0].PROBE_OUT0_INST/Probe_out_reg[0]/C
  -------------------------------------------------------------------    -------------------
    SLICE_X13Y173        FDRE (Prop_fdre_C_Q)         0.379    -0.628 f  u_vio_tx_gmii/inst/PROBE_OUT_ALL_INST/G_PROBE_OUT[0].PROBE_OUT0_INST/Probe_out_reg[0]/Q
                         net (fo=21, routed)          0.694     0.066    u_gmii_inst/rst
    SLICE_X8Y170         LUT2 (Prop_lut2_I1_O)        0.105     0.171 r  u_gmii_inst/frame_mem[8][7]_i_1/O
                         net (fo=144, routed)         0.857     1.028    u_gmii_inst/frame_mem[8][7]_i_1_n_0
    SLICE_X17Y177        FDRE                                         r  u_gmii_inst/frame_mem_reg[11][4]/CE
  -------------------------------------------------------------------    -------------------

                         (clock clk_125_clk_gen fall edge)
                                                      4.000     4.000 f  
    R4                                                0.000     4.000 f  clk_in1_p (IN)
                         net (fo=0)                   0.000     4.000    u_clk_gen/inst/clk_in1_p
    R4                   IBUFDS (Prop_ibufds_I_O)     0.813     4.813 f  u_clk_gen/inst/clkin1_ibufgds/O
                         net (fo=1, routed)           1.004     5.817    u_clk_gen/inst/clk_in1_clk_gen
    MMCME2_ADV_X1Y1      MMCME2_ADV (Prop_mmcme2_adv_CLKIN1_CLKOUT1)
                                                     -6.107    -0.291 f  u_clk_gen/inst/mmcm_adv_inst/CLKOUT1
                         net (fo=1, routed)           1.381     1.091    u_clk_gen/inst/clk_125_clk_gen
    BUFGCTRL_X0Y0        BUFG (Prop_bufg_I_O)         0.077     1.168 f  u_clk_gen/inst/clkout2_buf/O
                         net (fo=5509, routed)        1.407     2.575    u_gmii_inst/clk
    SLICE_X17Y177        FDRE                                         r  u_gmii_inst/frame_mem_reg[11][4]/C  (IS_INVERTED)
                         clock pessimism              0.380     2.954    
                         clock uncertainty           -0.064     2.890    
    SLICE_X17Y177        FDRE (Setup_fdre_C_CE)      -0.164     2.726    u_gmii_inst/frame_mem_reg[11][4]
  -------------------------------------------------------------------
                         required time                          2.726    
                         arrival time                          -1.028    
  -------------------------------------------------------------------
                         slack                                  1.698    

Slack (MET) :             1.698ns  (required time - arrival time)
  Source:                 u_vio_tx_gmii/inst/PROBE_OUT_ALL_INST/G_PROBE_OUT[0].PROBE_OUT0_INST/Probe_out_reg[0]/C
                            (rising edge-triggered cell FDRE clocked by clk_125_clk_gen  {rise@0.000ns fall@4.000ns period=8.000ns})
  Destination:            u_gmii_inst/frame_mem_reg[12][4]/CE
                            (falling edge-triggered cell FDRE clocked by clk_125_clk_gen  {rise@0.000ns fall@4.000ns period=8.000ns})
  Path Group:             clk_125_clk_gen
  Path Type:              Setup (Max at Slow Process Corner)
  Requirement:            4.000ns  (clk_125_clk_gen fall@4.000ns - clk_125_clk_gen rise@0.000ns)
  Data Path Delay:        2.035ns  (logic 0.484ns (23.787%)  route 1.551ns (76.213%))
  Logic Levels:           1  (LUT2=1)
  Clock Path Skew:        -0.039ns (DCD - SCD + CPR)
    Destination Clock Delay (DCD):    -1.425ns = ( 2.575 - 4.000 ) 
    Source Clock Delay      (SCD):    -1.007ns
    Clock Pessimism Removal (CPR):    0.380ns
  Clock Uncertainty:      0.064ns  ((TSJ^2 + DJ^2)^1/2) / 2 + PE
    Total System Jitter     (TSJ):    0.071ns
    Discrete Jitter          (DJ):    0.108ns
    Phase Error              (PE):    0.000ns

    Location             Delay type                Incr(ns)  Path(ns)    Netlist Resource(s)
  -------------------------------------------------------------------    -------------------
                         (clock clk_125_clk_gen rise edge)
                                                      0.000     0.000 r  
    R4                                                0.000     0.000 r  clk_in1_p (IN)
                         net (fo=0)                   0.000     0.000    u_clk_gen/inst/clk_in1_p
    R4                   IBUFDS (Prop_ibufds_I_O)     0.851     0.851 r  u_clk_gen/inst/clkin1_ibufgds/O
                         net (fo=1, routed)           1.065     1.916    u_clk_gen/inst/clk_in1_clk_gen
    MMCME2_ADV_X1Y1      MMCME2_ADV (Prop_mmcme2_adv_CLKIN1_CLKOUT1)
                                                     -5.972    -4.056 r  u_clk_gen/inst/mmcm_adv_inst/CLKOUT1
                         net (fo=1, routed)           1.449    -2.608    u_clk_gen/inst/clk_125_clk_gen
    BUFGCTRL_X0Y0        BUFG (Prop_bufg_I_O)         0.081    -2.527 r  u_clk_gen/inst/clkout2_buf/O
                         net (fo=5509, routed)        1.520    -1.007    u_vio_tx_gmii/inst/PROBE_OUT_ALL_INST/G_PROBE_OUT[0].PROBE_OUT0_INST/clk
    SLICE_X13Y173        FDRE                                         r  u_vio_tx_gmii/inst/PROBE_OUT_ALL_INST/G_PROBE_OUT[0].PROBE_OUT0_INST/Probe_out_reg[0]/C
  -------------------------------------------------------------------    -------------------
    SLICE_X13Y173        FDRE (Prop_fdre_C_Q)         0.379    -0.628 f  u_vio_tx_gmii/inst/PROBE_OUT_ALL_INST/G_PROBE_OUT[0].PROBE_OUT0_INST/Probe_out_reg[0]/Q
                         net (fo=21, routed)          0.694     0.066    u_gmii_inst/rst
    SLICE_X8Y170         LUT2 (Prop_lut2_I1_O)        0.105     0.171 r  u_gmii_inst/frame_mem[8][7]_i_1/O
                         net (fo=144, routed)         0.857     1.028    u_gmii_inst/frame_mem[8][7]_i_1_n_0
    SLICE_X17Y177        FDRE                                         r  u_gmii_inst/frame_mem_reg[12][4]/CE
  -------------------------------------------------------------------    -------------------

                         (clock clk_125_clk_gen fall edge)
                                                      4.000     4.000 f  
    R4                                                0.000     4.000 f  clk_in1_p (IN)
                         net (fo=0)                   0.000     4.000    u_clk_gen/inst/clk_in1_p
    R4                   IBUFDS (Prop_ibufds_I_O)     0.813     4.813 f  u_clk_gen/inst/clkin1_ibufgds/O
                         net (fo=1, routed)           1.004     5.817    u_clk_gen/inst/clk_in1_clk_gen
    MMCME2_ADV_X1Y1      MMCME2_ADV (Prop_mmcme2_adv_CLKIN1_CLKOUT1)
                                                     -6.107    -0.291 f  u_clk_gen/inst/mmcm_adv_inst/CLKOUT1
                         net (fo=1, routed)           1.381     1.091    u_clk_gen/inst/clk_125_clk_gen
    BUFGCTRL_X0Y0        BUFG (Prop_bufg_I_O)         0.077     1.168 f  u_clk_gen/inst/clkout2_buf/O
                         net (fo=5509, routed)        1.407     2.575    u_gmii_inst/clk
    SLICE_X17Y177        FDRE                                         r  u_gmii_inst/frame_mem_reg[12][4]/C  (IS_INVERTED)
                         clock pessimism              0.380     2.954    
                         clock uncertainty           -0.064     2.890    
    SLICE_X17Y177        FDRE (Setup_fdre_C_CE)      -0.164     2.726    u_gmii_inst/frame_mem_reg[12][4]
  -------------------------------------------------------------------
                         required time                          2.726    
                         arrival time                          -1.028    
  -------------------------------------------------------------------
                         slack                                  1.698    

Slack (MET) :             1.698ns  (required time - arrival time)
  Source:                 u_vio_tx_gmii/inst/PROBE_OUT_ALL_INST/G_PROBE_OUT[0].PROBE_OUT0_INST/Probe_out_reg[0]/C
                            (rising edge-triggered cell FDRE clocked by clk_125_clk_gen  {rise@0.000ns fall@4.000ns period=8.000ns})
  Destination:            u_gmii_inst/frame_mem_reg[13][4]/CE
                            (falling edge-triggered cell FDRE clocked by clk_125_clk_gen  {rise@0.000ns fall@4.000ns period=8.000ns})
  Path Group:             clk_125_clk_gen
  Path Type:              Setup (Max at Slow Process Corner)
  Requirement:            4.000ns  (clk_125_clk_gen fall@4.000ns - clk_125_clk_gen rise@0.000ns)
  Data Path Delay:        2.035ns  (logic 0.484ns (23.787%)  route 1.551ns (76.213%))
  Logic Levels:           1  (LUT2=1)
  Clock Path Skew:        -0.039ns (DCD - SCD + CPR)
    Destination Clock Delay (DCD):    -1.425ns = ( 2.575 - 4.000 ) 
    Source Clock Delay      (SCD):    -1.007ns
    Clock Pessimism Removal (CPR):    0.380ns
  Clock Uncertainty:      0.064ns  ((TSJ^2 + DJ^2)^1/2) / 2 + PE
    Total System Jitter     (TSJ):    0.071ns
    Discrete Jitter          (DJ):    0.108ns
    Phase Error              (PE):    0.000ns

    Location             Delay type                Incr(ns)  Path(ns)    Netlist Resource(s)
  -------------------------------------------------------------------    -------------------
                         (clock clk_125_clk_gen rise edge)
                                                      0.000     0.000 r  
    R4                                                0.000     0.000 r  clk_in1_p (IN)
                         net (fo=0)                   0.000     0.000    u_clk_gen/inst/clk_in1_p
    R4                   IBUFDS (Prop_ibufds_I_O)     0.851     0.851 r  u_clk_gen/inst/clkin1_ibufgds/O
                         net (fo=1, routed)           1.065     1.916    u_clk_gen/inst/clk_in1_clk_gen
    MMCME2_ADV_X1Y1      MMCME2_ADV (Prop_mmcme2_adv_CLKIN1_CLKOUT1)
                                                     -5.972    -4.056 r  u_clk_gen/inst/mmcm_adv_inst/CLKOUT1
                         net (fo=1, routed)           1.449    -2.608    u_clk_gen/inst/clk_125_clk_gen
    BUFGCTRL_X0Y0        BUFG (Prop_bufg_I_O)         0.081    -2.527 r  u_clk_gen/inst/clkout2_buf/O
                         net (fo=5509, routed)        1.520    -1.007    u_vio_tx_gmii/inst/PROBE_OUT_ALL_INST/G_PROBE_OUT[0].PROBE_OUT0_INST/clk
    SLICE_X13Y173        FDRE                                         r  u_vio_tx_gmii/inst/PROBE_OUT_ALL_INST/G_PROBE_OUT[0].PROBE_OUT0_INST/Probe_out_reg[0]/C
  -------------------------------------------------------------------    -------------------
    SLICE_X13Y173        FDRE (Prop_fdre_C_Q)         0.379    -0.628 f  u_vio_tx_gmii/inst/PROBE_OUT_ALL_INST/G_PROBE_OUT[0].PROBE_OUT0_INST/Probe_out_reg[0]/Q
                         net (fo=21, routed)          0.694     0.066    u_gmii_inst/rst
    SLICE_X8Y170         LUT2 (Prop_lut2_I1_O)        0.105     0.171 r  u_gmii_inst/frame_mem[8][7]_i_1/O
                         net (fo=144, routed)         0.857     1.028    u_gmii_inst/frame_mem[8][7]_i_1_n_0
    SLICE_X17Y177        FDRE                                         r  u_gmii_inst/frame_mem_reg[13][4]/CE
  -------------------------------------------------------------------    -------------------

                         (clock clk_125_clk_gen fall edge)
                                                      4.000     4.000 f  
    R4                                                0.000     4.000 f  clk_in1_p (IN)
                         net (fo=0)                   0.000     4.000    u_clk_gen/inst/clk_in1_p
    R4                   IBUFDS (Prop_ibufds_I_O)     0.813     4.813 f  u_clk_gen/inst/clkin1_ibufgds/O
                         net (fo=1, routed)           1.004     5.817    u_clk_gen/inst/clk_in1_clk_gen
    MMCME2_ADV_X1Y1      MMCME2_ADV (Prop_mmcme2_adv_CLKIN1_CLKOUT1)
                                                     -6.107    -0.291 f  u_clk_gen/inst/mmcm_adv_inst/CLKOUT1
                         net (fo=1, routed)           1.381     1.091    u_clk_gen/inst/clk_125_clk_gen
    BUFGCTRL_X0Y0        BUFG (Prop_bufg_I_O)         0.077     1.168 f  u_clk_gen/inst/clkout2_buf/O
                         net (fo=5509, routed)        1.407     2.575    u_gmii_inst/clk
    SLICE_X17Y177        FDRE                                         r  u_gmii_inst/frame_mem_reg[13][4]/C  (IS_INVERTED)
                         clock pessimism              0.380     2.954    
                         clock uncertainty           -0.064     2.890    
    SLICE_X17Y177        FDRE (Setup_fdre_C_CE)      -0.164     2.726    u_gmii_inst/frame_mem_reg[13][4]
  -------------------------------------------------------------------
                         required time                          2.726    
                         arrival time                          -1.028    
  -------------------------------------------------------------------
                         slack                                  1.698    

Slack (MET) :             1.698ns  (required time - arrival time)
  Source:                 u_vio_tx_gmii/inst/PROBE_OUT_ALL_INST/G_PROBE_OUT[0].PROBE_OUT0_INST/Probe_out_reg[0]/C
                            (rising edge-triggered cell FDRE clocked by clk_125_clk_gen  {rise@0.000ns fall@4.000ns period=8.000ns})
  Destination:            u_gmii_inst/frame_mem_reg[14][4]/CE
                            (falling edge-triggered cell FDRE clocked by clk_125_clk_gen  {rise@0.000ns fall@4.000ns period=8.000ns})
  Path Group:             clk_125_clk_gen
  Path Type:              Setup (Max at Slow Process Corner)
  Requirement:            4.000ns  (clk_125_clk_gen fall@4.000ns - clk_125_clk_gen rise@0.000ns)
  Data Path Delay:        2.035ns  (logic 0.484ns (23.787%)  route 1.551ns (76.213%))
  Logic Levels:           1  (LUT2=1)
  Clock Path Skew:        -0.039ns (DCD - SCD + CPR)
    Destination Clock Delay (DCD):    -1.425ns = ( 2.575 - 4.000 ) 
    Source Clock Delay      (SCD):    -1.007ns
    Clock Pessimism Removal (CPR):    0.380ns
  Clock Uncertainty:      0.064ns  ((TSJ^2 + DJ^2)^1/2) / 2 + PE
    Total System Jitter     (TSJ):    0.071ns
    Discrete Jitter          (DJ):    0.108ns
    Phase Error              (PE):    0.000ns

    Location             Delay type                Incr(ns)  Path(ns)    Netlist Resource(s)
  -------------------------------------------------------------------    -------------------
                         (clock clk_125_clk_gen rise edge)
                                                      0.000     0.000 r  
    R4                                                0.000     0.000 r  clk_in1_p (IN)
                         net (fo=0)                   0.000     0.000    u_clk_gen/inst/clk_in1_p
    R4                   IBUFDS (Prop_ibufds_I_O)     0.851     0.851 r  u_clk_gen/inst/clkin1_ibufgds/O
                         net (fo=1, routed)           1.065     1.916    u_clk_gen/inst/clk_in1_clk_gen
    MMCME2_ADV_X1Y1      MMCME2_ADV (Prop_mmcme2_adv_CLKIN1_CLKOUT1)
                                                     -5.972    -4.056 r  u_clk_gen/inst/mmcm_adv_inst/CLKOUT1
                         net (fo=1, routed)           1.449    -2.608    u_clk_gen/inst/clk_125_clk_gen
    BUFGCTRL_X0Y0        BUFG (Prop_bufg_I_O)         0.081    -2.527 r  u_clk_gen/inst/clkout2_buf/O
                         net (fo=5509, routed)        1.520    -1.007    u_vio_tx_gmii/inst/PROBE_OUT_ALL_INST/G_PROBE_OUT[0].PROBE_OUT0_INST/clk
    SLICE_X13Y173        FDRE                                         r  u_vio_tx_gmii/inst/PROBE_OUT_ALL_INST/G_PROBE_OUT[0].PROBE_OUT0_INST/Probe_out_reg[0]/C
  -------------------------------------------------------------------    -------------------
    SLICE_X13Y173        FDRE (Prop_fdre_C_Q)         0.379    -0.628 f  u_vio_tx_gmii/inst/PROBE_OUT_ALL_INST/G_PROBE_OUT[0].PROBE_OUT0_INST/Probe_out_reg[0]/Q
                         net (fo=21, routed)          0.694     0.066    u_gmii_inst/rst
    SLICE_X8Y170         LUT2 (Prop_lut2_I1_O)        0.105     0.171 r  u_gmii_inst/frame_mem[8][7]_i_1/O
                         net (fo=144, routed)         0.857     1.028    u_gmii_inst/frame_mem[8][7]_i_1_n_0
    SLICE_X17Y177        FDRE                                         r  u_gmii_inst/frame_mem_reg[14][4]/CE
  -------------------------------------------------------------------    -------------------

                         (clock clk_125_clk_gen fall edge)
                                                      4.000     4.000 f  
    R4                                                0.000     4.000 f  clk_in1_p (IN)
                         net (fo=0)                   0.000     4.000    u_clk_gen/inst/clk_in1_p
    R4                   IBUFDS (Prop_ibufds_I_O)     0.813     4.813 f  u_clk_gen/inst/clkin1_ibufgds/O
                         net (fo=1, routed)           1.004     5.817    u_clk_gen/inst/clk_in1_clk_gen
    MMCME2_ADV_X1Y1      MMCME2_ADV (Prop_mmcme2_adv_CLKIN1_CLKOUT1)
                                                     -6.107    -0.291 f  u_clk_gen/inst/mmcm_adv_inst/CLKOUT1
                         net (fo=1, routed)           1.381     1.091    u_clk_gen/inst/clk_125_clk_gen
    BUFGCTRL_X0Y0        BUFG (Prop_bufg_I_O)         0.077     1.168 f  u_clk_gen/inst/clkout2_buf/O
                         net (fo=5509, routed)        1.407     2.575    u_gmii_inst/clk
    SLICE_X17Y177        FDRE                                         r  u_gmii_inst/frame_mem_reg[14][4]/C  (IS_INVERTED)
                         clock pessimism              0.380     2.954    
                         clock uncertainty           -0.064     2.890    
    SLICE_X17Y177        FDRE (Setup_fdre_C_CE)      -0.164     2.726    u_gmii_inst/frame_mem_reg[14][4]
  -------------------------------------------------------------------
                         required time                          2.726    
                         arrival time                          -1.028    
  -------------------------------------------------------------------
                         slack                                  1.698    

Slack (MET) :             1.698ns  (required time - arrival time)
  Source:                 u_vio_tx_gmii/inst/PROBE_OUT_ALL_INST/G_PROBE_OUT[0].PROBE_OUT0_INST/Probe_out_reg[0]/C
                            (rising edge-triggered cell FDRE clocked by clk_125_clk_gen  {rise@0.000ns fall@4.000ns period=8.000ns})
  Destination:            u_gmii_inst/frame_mem_reg[15][4]/CE
                            (falling edge-triggered cell FDRE clocked by clk_125_clk_gen  {rise@0.000ns fall@4.000ns period=8.000ns})
  Path Group:             clk_125_clk_gen
  Path Type:              Setup (Max at Slow Process Corner)
  Requirement:            4.000ns  (clk_125_clk_gen fall@4.000ns - clk_125_clk_gen rise@0.000ns)
  Data Path Delay:        2.035ns  (logic 0.484ns (23.787%)  route 1.551ns (76.213%))
  Logic Levels:           1  (LUT2=1)
  Clock Path Skew:        -0.039ns (DCD - SCD + CPR)
    Destination Clock Delay (DCD):    -1.425ns = ( 2.575 - 4.000 ) 
    Source Clock Delay      (SCD):    -1.007ns
    Clock Pessimism Removal (CPR):    0.380ns
  Clock Uncertainty:      0.064ns  ((TSJ^2 + DJ^2)^1/2) / 2 + PE
    Total System Jitter     (TSJ):    0.071ns
    Discrete Jitter          (DJ):    0.108ns
    Phase Error              (PE):    0.000ns

    Location             Delay type                Incr(ns)  Path(ns)    Netlist Resource(s)
  -------------------------------------------------------------------    -------------------
                         (clock clk_125_clk_gen rise edge)
                                                      0.000     0.000 r  
    R4                                                0.000     0.000 r  clk_in1_p (IN)
                         net (fo=0)                   0.000     0.000    u_clk_gen/inst/clk_in1_p
    R4                   IBUFDS (Prop_ibufds_I_O)     0.851     0.851 r  u_clk_gen/inst/clkin1_ibufgds/O
                         net (fo=1, routed)           1.065     1.916    u_clk_gen/inst/clk_in1_clk_gen
    MMCME2_ADV_X1Y1      MMCME2_ADV (Prop_mmcme2_adv_CLKIN1_CLKOUT1)
                                                     -5.972    -4.056 r  u_clk_gen/inst/mmcm_adv_inst/CLKOUT1
                         net (fo=1, routed)           1.449    -2.608    u_clk_gen/inst/clk_125_clk_gen
    BUFGCTRL_X0Y0        BUFG (Prop_bufg_I_O)         0.081    -2.527 r  u_clk_gen/inst/clkout2_buf/O
                         net (fo=5509, routed)        1.520    -1.007    u_vio_tx_gmii/inst/PROBE_OUT_ALL_INST/G_PROBE_OUT[0].PROBE_OUT0_INST/clk
    SLICE_X13Y173        FDRE                                         r  u_vio_tx_gmii/inst/PROBE_OUT_ALL_INST/G_PROBE_OUT[0].PROBE_OUT0_INST/Probe_out_reg[0]/C
  -------------------------------------------------------------------    -------------------
    SLICE_X13Y173        FDRE (Prop_fdre_C_Q)         0.379    -0.628 f  u_vio_tx_gmii/inst/PROBE_OUT_ALL_INST/G_PROBE_OUT[0].PROBE_OUT0_INST/Probe_out_reg[0]/Q
                         net (fo=21, routed)          0.694     0.066    u_gmii_inst/rst
    SLICE_X8Y170         LUT2 (Prop_lut2_I1_O)        0.105     0.171 r  u_gmii_inst/frame_mem[8][7]_i_1/O
                         net (fo=144, routed)         0.857     1.028    u_gmii_inst/frame_mem[8][7]_i_1_n_0
    SLICE_X17Y177        FDRE                                         r  u_gmii_inst/frame_mem_reg[15][4]/CE
  -------------------------------------------------------------------    -------------------

                         (clock clk_125_clk_gen fall edge)
                                                      4.000     4.000 f  
    R4                                                0.000     4.000 f  clk_in1_p (IN)
                         net (fo=0)                   0.000     4.000    u_clk_gen/inst/clk_in1_p
    R4                   IBUFDS (Prop_ibufds_I_O)     0.813     4.813 f  u_clk_gen/inst/clkin1_ibufgds/O
                         net (fo=1, routed)           1.004     5.817    u_clk_gen/inst/clk_in1_clk_gen
    MMCME2_ADV_X1Y1      MMCME2_ADV (Prop_mmcme2_adv_CLKIN1_CLKOUT1)
                                                     -6.107    -0.291 f  u_clk_gen/inst/mmcm_adv_inst/CLKOUT1
                         net (fo=1, routed)           1.381     1.091    u_clk_gen/inst/clk_125_clk_gen
    BUFGCTRL_X0Y0        BUFG (Prop_bufg_I_O)         0.077     1.168 f  u_clk_gen/inst/clkout2_buf/O
                         net (fo=5509, routed)        1.407     2.575    u_gmii_inst/clk
    SLICE_X17Y177        FDRE                                         r  u_gmii_inst/frame_mem_reg[15][4]/C  (IS_INVERTED)
                         clock pessimism              0.380     2.954    
                         clock uncertainty           -0.064     2.890    
    SLICE_X17Y177        FDRE (Setup_fdre_C_CE)      -0.164     2.726    u_gmii_inst/frame_mem_reg[15][4]
  -------------------------------------------------------------------
                         required time                          2.726    
                         arrival time                          -1.028    
  -------------------------------------------------------------------
                         slack                                  1.698    

Slack (MET) :             1.711ns  (required time - arrival time)
  Source:                 u_vio_tx_gmii/inst/PROBE_OUT_ALL_INST/G_PROBE_OUT[0].PROBE_OUT0_INST/Probe_out_reg[0]/C
                            (rising edge-triggered cell FDRE clocked by clk_125_clk_gen  {rise@0.000ns fall@4.000ns period=8.000ns})
  Destination:            u_gmii_inst/frame_mem_reg[12][5]/CE
                            (falling edge-triggered cell FDRE clocked by clk_125_clk_gen  {rise@0.000ns fall@4.000ns period=8.000ns})
  Path Group:             clk_125_clk_gen
  Path Type:              Setup (Max at Slow Process Corner)
  Requirement:            4.000ns  (clk_125_clk_gen fall@4.000ns - clk_125_clk_gen rise@0.000ns)
  Data Path Delay:        2.020ns  (logic 0.484ns (23.958%)  route 1.536ns (76.042%))
  Logic Levels:           1  (LUT2=1)
  Clock Path Skew:        -0.040ns (DCD - SCD + CPR)
    Destination Clock Delay (DCD):    -1.426ns = ( 2.574 - 4.000 ) 
    Source Clock Delay      (SCD):    -1.007ns
    Clock Pessimism Removal (CPR):    0.380ns
  Clock Uncertainty:      0.064ns  ((TSJ^2 + DJ^2)^1/2) / 2 + PE
    Total System Jitter     (TSJ):    0.071ns
    Discrete Jitter          (DJ):    0.108ns
    Phase Error              (PE):    0.000ns

    Location             Delay type                Incr(ns)  Path(ns)    Netlist Resource(s)
  -------------------------------------------------------------------    -------------------
                         (clock clk_125_clk_gen rise edge)
                                                      0.000     0.000 r  
    R4                                                0.000     0.000 r  clk_in1_p (IN)
                         net (fo=0)                   0.000     0.000    u_clk_gen/inst/clk_in1_p
    R4                   IBUFDS (Prop_ibufds_I_O)     0.851     0.851 r  u_clk_gen/inst/clkin1_ibufgds/O
                         net (fo=1, routed)           1.065     1.916    u_clk_gen/inst/clk_in1_clk_gen
    MMCME2_ADV_X1Y1      MMCME2_ADV (Prop_mmcme2_adv_CLKIN1_CLKOUT1)
                                                     -5.972    -4.056 r  u_clk_gen/inst/mmcm_adv_inst/CLKOUT1
                         net (fo=1, routed)           1.449    -2.608    u_clk_gen/inst/clk_125_clk_gen
    BUFGCTRL_X0Y0        BUFG (Prop_bufg_I_O)         0.081    -2.527 r  u_clk_gen/inst/clkout2_buf/O
                         net (fo=5509, routed)        1.520    -1.007    u_vio_tx_gmii/inst/PROBE_OUT_ALL_INST/G_PROBE_OUT[0].PROBE_OUT0_INST/clk
    SLICE_X13Y173        FDRE                                         r  u_vio_tx_gmii/inst/PROBE_OUT_ALL_INST/G_PROBE_OUT[0].PROBE_OUT0_INST/Probe_out_reg[0]/C
  -------------------------------------------------------------------    -------------------
    SLICE_X13Y173        FDRE (Prop_fdre_C_Q)         0.379    -0.628 f  u_vio_tx_gmii/inst/PROBE_OUT_ALL_INST/G_PROBE_OUT[0].PROBE_OUT0_INST/Probe_out_reg[0]/Q
                         net (fo=21, routed)          0.694     0.066    u_gmii_inst/rst
    SLICE_X8Y170         LUT2 (Prop_lut2_I1_O)        0.105     0.171 r  u_gmii_inst/frame_mem[8][7]_i_1/O
                         net (fo=144, routed)         0.843     1.014    u_gmii_inst/frame_mem[8][7]_i_1_n_0
    SLICE_X20Y178        FDRE                                         r  u_gmii_inst/frame_mem_reg[12][5]/CE
  -------------------------------------------------------------------    -------------------

                         (clock clk_125_clk_gen fall edge)
                                                      4.000     4.000 f  
    R4                                                0.000     4.000 f  clk_in1_p (IN)
                         net (fo=0)                   0.000     4.000    u_clk_gen/inst/clk_in1_p
    R4                   IBUFDS (Prop_ibufds_I_O)     0.813     4.813 f  u_clk_gen/inst/clkin1_ibufgds/O
                         net (fo=1, routed)           1.004     5.817    u_clk_gen/inst/clk_in1_clk_gen
    MMCME2_ADV_X1Y1      MMCME2_ADV (Prop_mmcme2_adv_CLKIN1_CLKOUT1)
                                                     -6.107    -0.291 f  u_clk_gen/inst/mmcm_adv_inst/CLKOUT1
                         net (fo=1, routed)           1.381     1.091    u_clk_gen/inst/clk_125_clk_gen
    BUFGCTRL_X0Y0        BUFG (Prop_bufg_I_O)         0.077     1.168 f  u_clk_gen/inst/clkout2_buf/O
                         net (fo=5509, routed)        1.406     2.574    u_gmii_inst/clk
    SLICE_X20Y178        FDRE                                         r  u_gmii_inst/frame_mem_reg[12][5]/C  (IS_INVERTED)
                         clock pessimism              0.380     2.953    
                         clock uncertainty           -0.064     2.889    
    SLICE_X20Y178        FDRE (Setup_fdre_C_CE)      -0.164     2.725    u_gmii_inst/frame_mem_reg[12][5]
  -------------------------------------------------------------------
                         required time                          2.725    
                         arrival time                          -1.014    
  -------------------------------------------------------------------
                         slack                                  1.711    

Slack (MET) :             1.711ns  (required time - arrival time)
  Source:                 u_vio_tx_gmii/inst/PROBE_OUT_ALL_INST/G_PROBE_OUT[0].PROBE_OUT0_INST/Probe_out_reg[0]/C
                            (rising edge-triggered cell FDRE clocked by clk_125_clk_gen  {rise@0.000ns fall@4.000ns period=8.000ns})
  Destination:            u_gmii_inst/frame_mem_reg[13][5]/CE
                            (falling edge-triggered cell FDRE clocked by clk_125_clk_gen  {rise@0.000ns fall@4.000ns period=8.000ns})
  Path Group:             clk_125_clk_gen
  Path Type:              Setup (Max at Slow Process Corner)
  Requirement:            4.000ns  (clk_125_clk_gen fall@4.000ns - clk_125_clk_gen rise@0.000ns)
  Data Path Delay:        2.020ns  (logic 0.484ns (23.958%)  route 1.536ns (76.042%))
  Logic Levels:           1  (LUT2=1)
  Clock Path Skew:        -0.040ns (DCD - SCD + CPR)
    Destination Clock Delay (DCD):    -1.426ns = ( 2.574 - 4.000 ) 
    Source Clock Delay      (SCD):    -1.007ns
    Clock Pessimism Removal (CPR):    0.380ns
  Clock Uncertainty:      0.064ns  ((TSJ^2 + DJ^2)^1/2) / 2 + PE
    Total System Jitter     (TSJ):    0.071ns
    Discrete Jitter          (DJ):    0.108ns
    Phase Error              (PE):    0.000ns

    Location             Delay type                Incr(ns)  Path(ns)    Netlist Resource(s)
  -------------------------------------------------------------------    -------------------
                         (clock clk_125_clk_gen rise edge)
                                                      0.000     0.000 r  
    R4                                                0.000     0.000 r  clk_in1_p (IN)
                         net (fo=0)                   0.000     0.000    u_clk_gen/inst/clk_in1_p
    R4                   IBUFDS (Prop_ibufds_I_O)     0.851     0.851 r  u_clk_gen/inst/clkin1_ibufgds/O
                         net (fo=1, routed)           1.065     1.916    u_clk_gen/inst/clk_in1_clk_gen
    MMCME2_ADV_X1Y1      MMCME2_ADV (Prop_mmcme2_adv_CLKIN1_CLKOUT1)
                                                     -5.972    -4.056 r  u_clk_gen/inst/mmcm_adv_inst/CLKOUT1
                         net (fo=1, routed)           1.449    -2.608    u_clk_gen/inst/clk_125_clk_gen
    BUFGCTRL_X0Y0        BUFG (Prop_bufg_I_O)         0.081    -2.527 r  u_clk_gen/inst/clkout2_buf/O
                         net (fo=5509, routed)        1.520    -1.007    u_vio_tx_gmii/inst/PROBE_OUT_ALL_INST/G_PROBE_OUT[0].PROBE_OUT0_INST/clk
    SLICE_X13Y173        FDRE                                         r  u_vio_tx_gmii/inst/PROBE_OUT_ALL_INST/G_PROBE_OUT[0].PROBE_OUT0_INST/Probe_out_reg[0]/C
  -------------------------------------------------------------------    -------------------
    SLICE_X13Y173        FDRE (Prop_fdre_C_Q)         0.379    -0.628 f  u_vio_tx_gmii/inst/PROBE_OUT_ALL_INST/G_PROBE_OUT[0].PROBE_OUT0_INST/Probe_out_reg[0]/Q
                         net (fo=21, routed)          0.694     0.066    u_gmii_inst/rst
    SLICE_X8Y170         LUT2 (Prop_lut2_I1_O)        0.105     0.171 r  u_gmii_inst/frame_mem[8][7]_i_1/O
                         net (fo=144, routed)         0.843     1.014    u_gmii_inst/frame_mem[8][7]_i_1_n_0
    SLICE_X20Y178        FDRE                                         r  u_gmii_inst/frame_mem_reg[13][5]/CE
  -------------------------------------------------------------------    -------------------

                         (clock clk_125_clk_gen fall edge)
                                                      4.000     4.000 f  
    R4                                                0.000     4.000 f  clk_in1_p (IN)
                         net (fo=0)                   0.000     4.000    u_clk_gen/inst/clk_in1_p
    R4                   IBUFDS (Prop_ibufds_I_O)     0.813     4.813 f  u_clk_gen/inst/clkin1_ibufgds/O
                         net (fo=1, routed)           1.004     5.817    u_clk_gen/inst/clk_in1_clk_gen
    MMCME2_ADV_X1Y1      MMCME2_ADV (Prop_mmcme2_adv_CLKIN1_CLKOUT1)
                                                     -6.107    -0.291 f  u_clk_gen/inst/mmcm_adv_inst/CLKOUT1
                         net (fo=1, routed)           1.381     1.091    u_clk_gen/inst/clk_125_clk_gen
    BUFGCTRL_X0Y0        BUFG (Prop_bufg_I_O)         0.077     1.168 f  u_clk_gen/inst/clkout2_buf/O
                         net (fo=5509, routed)        1.406     2.574    u_gmii_inst/clk
    SLICE_X20Y178        FDRE                                         r  u_gmii_inst/frame_mem_reg[13][5]/C  (IS_INVERTED)
                         clock pessimism              0.380     2.953    
                         clock uncertainty           -0.064     2.889    
    SLICE_X20Y178        FDRE (Setup_fdre_C_CE)      -0.164     2.725    u_gmii_inst/frame_mem_reg[13][5]
  -------------------------------------------------------------------
                         required time                          2.725    
                         arrival time                          -1.014    
  -------------------------------------------------------------------
                         slack                                  1.711    

Slack (MET) :             1.711ns  (required time - arrival time)
  Source:                 u_vio_tx_gmii/inst/PROBE_OUT_ALL_INST/G_PROBE_OUT[0].PROBE_OUT0_INST/Probe_out_reg[0]/C
                            (rising edge-triggered cell FDRE clocked by clk_125_clk_gen  {rise@0.000ns fall@4.000ns period=8.000ns})
  Destination:            u_gmii_inst/frame_mem_reg[14][5]/CE
                            (falling edge-triggered cell FDRE clocked by clk_125_clk_gen  {rise@0.000ns fall@4.000ns period=8.000ns})
  Path Group:             clk_125_clk_gen
  Path Type:              Setup (Max at Slow Process Corner)
  Requirement:            4.000ns  (clk_125_clk_gen fall@4.000ns - clk_125_clk_gen rise@0.000ns)
  Data Path Delay:        2.020ns  (logic 0.484ns (23.958%)  route 1.536ns (76.042%))
  Logic Levels:           1  (LUT2=1)
  Clock Path Skew:        -0.040ns (DCD - SCD + CPR)
    Destination Clock Delay (DCD):    -1.426ns = ( 2.574 - 4.000 ) 
    Source Clock Delay      (SCD):    -1.007ns
    Clock Pessimism Removal (CPR):    0.380ns
  Clock Uncertainty:      0.064ns  ((TSJ^2 + DJ^2)^1/2) / 2 + PE
    Total System Jitter     (TSJ):    0.071ns
    Discrete Jitter          (DJ):    0.108ns
    Phase Error              (PE):    0.000ns

    Location             Delay type                Incr(ns)  Path(ns)    Netlist Resource(s)
  -------------------------------------------------------------------    -------------------
                         (clock clk_125_clk_gen rise edge)
                                                      0.000     0.000 r  
    R4                                                0.000     0.000 r  clk_in1_p (IN)
                         net (fo=0)                   0.000     0.000    u_clk_gen/inst/clk_in1_p
    R4                   IBUFDS (Prop_ibufds_I_O)     0.851     0.851 r  u_clk_gen/inst/clkin1_ibufgds/O
                         net (fo=1, routed)           1.065     1.916    u_clk_gen/inst/clk_in1_clk_gen
    MMCME2_ADV_X1Y1      MMCME2_ADV (Prop_mmcme2_adv_CLKIN1_CLKOUT1)
                                                     -5.972    -4.056 r  u_clk_gen/inst/mmcm_adv_inst/CLKOUT1
                         net (fo=1, routed)           1.449    -2.608    u_clk_gen/inst/clk_125_clk_gen
    BUFGCTRL_X0Y0        BUFG (Prop_bufg_I_O)         0.081    -2.527 r  u_clk_gen/inst/clkout2_buf/O
                         net (fo=5509, routed)        1.520    -1.007    u_vio_tx_gmii/inst/PROBE_OUT_ALL_INST/G_PROBE_OUT[0].PROBE_OUT0_INST/clk
    SLICE_X13Y173        FDRE                                         r  u_vio_tx_gmii/inst/PROBE_OUT_ALL_INST/G_PROBE_OUT[0].PROBE_OUT0_INST/Probe_out_reg[0]/C
  -------------------------------------------------------------------    -------------------
    SLICE_X13Y173        FDRE (Prop_fdre_C_Q)         0.379    -0.628 f  u_vio_tx_gmii/inst/PROBE_OUT_ALL_INST/G_PROBE_OUT[0].PROBE_OUT0_INST/Probe_out_reg[0]/Q
                         net (fo=21, routed)          0.694     0.066    u_gmii_inst/rst
    SLICE_X8Y170         LUT2 (Prop_lut2_I1_O)        0.105     0.171 r  u_gmii_inst/frame_mem[8][7]_i_1/O
                         net (fo=144, routed)         0.843     1.014    u_gmii_inst/frame_mem[8][7]_i_1_n_0
    SLICE_X20Y178        FDRE                                         r  u_gmii_inst/frame_mem_reg[14][5]/CE
  -------------------------------------------------------------------    -------------------

                         (clock clk_125_clk_gen fall edge)
                                                      4.000     4.000 f  
    R4                                                0.000     4.000 f  clk_in1_p (IN)
                         net (fo=0)                   0.000     4.000    u_clk_gen/inst/clk_in1_p
    R4                   IBUFDS (Prop_ibufds_I_O)     0.813     4.813 f  u_clk_gen/inst/clkin1_ibufgds/O
                         net (fo=1, routed)           1.004     5.817    u_clk_gen/inst/clk_in1_clk_gen
    MMCME2_ADV_X1Y1      MMCME2_ADV (Prop_mmcme2_adv_CLKIN1_CLKOUT1)
                                                     -6.107    -0.291 f  u_clk_gen/inst/mmcm_adv_inst/CLKOUT1
                         net (fo=1, routed)           1.381     1.091    u_clk_gen/inst/clk_125_clk_gen
    BUFGCTRL_X0Y0        BUFG (Prop_bufg_I_O)         0.077     1.168 f  u_clk_gen/inst/clkout2_buf/O
                         net (fo=5509, routed)        1.406     2.574    u_gmii_inst/clk
    SLICE_X20Y178        FDRE                                         r  u_gmii_inst/frame_mem_reg[14][5]/C  (IS_INVERTED)
                         clock pessimism              0.380     2.953    
                         clock uncertainty           -0.064     2.889    
    SLICE_X20Y178        FDRE (Setup_fdre_C_CE)      -0.164     2.725    u_gmii_inst/frame_mem_reg[14][5]
  -------------------------------------------------------------------
                         required time                          2.725    
                         arrival time                          -1.014    
  -------------------------------------------------------------------
                         slack                                  1.711    

Slack (MET) :             1.711ns  (required time - arrival time)
  Source:                 u_vio_tx_gmii/inst/PROBE_OUT_ALL_INST/G_PROBE_OUT[0].PROBE_OUT0_INST/Probe_out_reg[0]/C
                            (rising edge-triggered cell FDRE clocked by clk_125_clk_gen  {rise@0.000ns fall@4.000ns period=8.000ns})
  Destination:            u_gmii_inst/frame_mem_reg[15][5]/CE
                            (falling edge-triggered cell FDRE clocked by clk_125_clk_gen  {rise@0.000ns fall@4.000ns period=8.000ns})
  Path Group:             clk_125_clk_gen
  Path Type:              Setup (Max at Slow Process Corner)
  Requirement:            4.000ns  (clk_125_clk_gen fall@4.000ns - clk_125_clk_gen rise@0.000ns)
  Data Path Delay:        2.020ns  (logic 0.484ns (23.958%)  route 1.536ns (76.042%))
  Logic Levels:           1  (LUT2=1)
  Clock Path Skew:        -0.040ns (DCD - SCD + CPR)
    Destination Clock Delay (DCD):    -1.426ns = ( 2.574 - 4.000 ) 
    Source Clock Delay      (SCD):    -1.007ns
    Clock Pessimism Removal (CPR):    0.380ns
  Clock Uncertainty:      0.064ns  ((TSJ^2 + DJ^2)^1/2) / 2 + PE
    Total System Jitter     (TSJ):    0.071ns
    Discrete Jitter          (DJ):    0.108ns
    Phase Error              (PE):    0.000ns

    Location             Delay type                Incr(ns)  Path(ns)    Netlist Resource(s)
  -------------------------------------------------------------------    -------------------
                         (clock clk_125_clk_gen rise edge)
                                                      0.000     0.000 r  
    R4                                                0.000     0.000 r  clk_in1_p (IN)
                         net (fo=0)                   0.000     0.000    u_clk_gen/inst/clk_in1_p
    R4                   IBUFDS (Prop_ibufds_I_O)     0.851     0.851 r  u_clk_gen/inst/clkin1_ibufgds/O
                         net (fo=1, routed)           1.065     1.916    u_clk_gen/inst/clk_in1_clk_gen
    MMCME2_ADV_X1Y1      MMCME2_ADV (Prop_mmcme2_adv_CLKIN1_CLKOUT1)
                                                     -5.972    -4.056 r  u_clk_gen/inst/mmcm_adv_inst/CLKOUT1
                         net (fo=1, routed)           1.449    -2.608    u_clk_gen/inst/clk_125_clk_gen
    BUFGCTRL_X0Y0        BUFG (Prop_bufg_I_O)         0.081    -2.527 r  u_clk_gen/inst/clkout2_buf/O
                         net (fo=5509, routed)        1.520    -1.007    u_vio_tx_gmii/inst/PROBE_OUT_ALL_INST/G_PROBE_OUT[0].PROBE_OUT0_INST/clk
    SLICE_X13Y173        FDRE                                         r  u_vio_tx_gmii/inst/PROBE_OUT_ALL_INST/G_PROBE_OUT[0].PROBE_OUT0_INST/Probe_out_reg[0]/C
  -------------------------------------------------------------------    -------------------
    SLICE_X13Y173        FDRE (Prop_fdre_C_Q)         0.379    -0.628 f  u_vio_tx_gmii/inst/PROBE_OUT_ALL_INST/G_PROBE_OUT[0].PROBE_OUT0_INST/Probe_out_reg[0]/Q
                         net (fo=21, routed)          0.694     0.066    u_gmii_inst/rst
    SLICE_X8Y170         LUT2 (Prop_lut2_I1_O)        0.105     0.171 r  u_gmii_inst/frame_mem[8][7]_i_1/O
                         net (fo=144, routed)         0.843     1.014    u_gmii_inst/frame_mem[8][7]_i_1_n_0
    SLICE_X20Y178        FDRE                                         r  u_gmii_inst/frame_mem_reg[15][5]/CE
  -------------------------------------------------------------------    -------------------

                         (clock clk_125_clk_gen fall edge)
                                                      4.000     4.000 f  
    R4                                                0.000     4.000 f  clk_in1_p (IN)
                         net (fo=0)                   0.000     4.000    u_clk_gen/inst/clk_in1_p
    R4                   IBUFDS (Prop_ibufds_I_O)     0.813     4.813 f  u_clk_gen/inst/clkin1_ibufgds/O
                         net (fo=1, routed)           1.004     5.817    u_clk_gen/inst/clk_in1_clk_gen
    MMCME2_ADV_X1Y1      MMCME2_ADV (Prop_mmcme2_adv_CLKIN1_CLKOUT1)
                                                     -6.107    -0.291 f  u_clk_gen/inst/mmcm_adv_inst/CLKOUT1
                         net (fo=1, routed)           1.381     1.091    u_clk_gen/inst/clk_125_clk_gen
    BUFGCTRL_X0Y0        BUFG (Prop_bufg_I_O)         0.077     1.168 f  u_clk_gen/inst/clkout2_buf/O
                         net (fo=5509, routed)        1.406     2.574    u_gmii_inst/clk
    SLICE_X20Y178        FDRE                                         r  u_gmii_inst/frame_mem_reg[15][5]/C  (IS_INVERTED)
                         clock pessimism              0.380     2.953    
                         clock uncertainty           -0.064     2.889    
    SLICE_X20Y178        FDRE (Setup_fdre_C_CE)      -0.164     2.725    u_gmii_inst/frame_mem_reg[15][5]
  -------------------------------------------------------------------
                         required time                          2.725    
                         arrival time                          -1.014    
  -------------------------------------------------------------------
                         slack                                  1.711    

Slack (MET) :             1.746ns  (required time - arrival time)
  Source:                 u_vio_tx_gmii/inst/PROBE_OUT_ALL_INST/G_PROBE_OUT[0].PROBE_OUT0_INST/Probe_out_reg[0]/C
                            (rising edge-triggered cell FDRE clocked by clk_125_clk_gen  {rise@0.000ns fall@4.000ns period=8.000ns})
  Destination:            u_gmii_inst/frame_mem_reg[8][3]/CE
                            (falling edge-triggered cell FDRE clocked by clk_125_clk_gen  {rise@0.000ns fall@4.000ns period=8.000ns})
  Path Group:             clk_125_clk_gen
  Path Type:              Setup (Max at Slow Process Corner)
  Requirement:            4.000ns  (clk_125_clk_gen fall@4.000ns - clk_125_clk_gen rise@0.000ns)
  Data Path Delay:        2.018ns  (logic 0.484ns (23.981%)  route 1.534ns (76.019%))
  Logic Levels:           1  (LUT2=1)
  Clock Path Skew:        -0.039ns (DCD - SCD + CPR)
    Destination Clock Delay (DCD):    -1.425ns = ( 2.575 - 4.000 ) 
    Source Clock Delay      (SCD):    -1.007ns
    Clock Pessimism Removal (CPR):    0.380ns
  Clock Uncertainty:      0.064ns  ((TSJ^2 + DJ^2)^1/2) / 2 + PE
    Total System Jitter     (TSJ):    0.071ns
    Discrete Jitter          (DJ):    0.108ns
    Phase Error              (PE):    0.000ns

    Location             Delay type                Incr(ns)  Path(ns)    Netlist Resource(s)
  -------------------------------------------------------------------    -------------------
                         (clock clk_125_clk_gen rise edge)
                                                      0.000     0.000 r  
    R4                                                0.000     0.000 r  clk_in1_p (IN)
                         net (fo=0)                   0.000     0.000    u_clk_gen/inst/clk_in1_p
    R4                   IBUFDS (Prop_ibufds_I_O)     0.851     0.851 r  u_clk_gen/inst/clkin1_ibufgds/O
                         net (fo=1, routed)           1.065     1.916    u_clk_gen/inst/clk_in1_clk_gen
    MMCME2_ADV_X1Y1      MMCME2_ADV (Prop_mmcme2_adv_CLKIN1_CLKOUT1)
                                                     -5.972    -4.056 r  u_clk_gen/inst/mmcm_adv_inst/CLKOUT1
                         net (fo=1, routed)           1.449    -2.608    u_clk_gen/inst/clk_125_clk_gen
    BUFGCTRL_X0Y0        BUFG (Prop_bufg_I_O)         0.081    -2.527 r  u_clk_gen/inst/clkout2_buf/O
                         net (fo=5509, routed)        1.520    -1.007    u_vio_tx_gmii/inst/PROBE_OUT_ALL_INST/G_PROBE_OUT[0].PROBE_OUT0_INST/clk
    SLICE_X13Y173        FDRE                                         r  u_vio_tx_gmii/inst/PROBE_OUT_ALL_INST/G_PROBE_OUT[0].PROBE_OUT0_INST/Probe_out_reg[0]/C
  -------------------------------------------------------------------    -------------------
    SLICE_X13Y173        FDRE (Prop_fdre_C_Q)         0.379    -0.628 f  u_vio_tx_gmii/inst/PROBE_OUT_ALL_INST/G_PROBE_OUT[0].PROBE_OUT0_INST/Probe_out_reg[0]/Q
                         net (fo=21, routed)          0.694     0.066    u_gmii_inst/rst
    SLICE_X8Y170         LUT2 (Prop_lut2_I1_O)        0.105     0.171 r  u_gmii_inst/frame_mem[8][7]_i_1/O
                         net (fo=144, routed)         0.841     1.012    u_gmii_inst/frame_mem[8][7]_i_1_n_0
    SLICE_X14Y178        FDRE                                         r  u_gmii_inst/frame_mem_reg[8][3]/CE
  -------------------------------------------------------------------    -------------------

                         (clock clk_125_clk_gen fall edge)
                                                      4.000     4.000 f  
    R4                                                0.000     4.000 f  clk_in1_p (IN)
                         net (fo=0)                   0.000     4.000    u_clk_gen/inst/clk_in1_p
    R4                   IBUFDS (Prop_ibufds_I_O)     0.813     4.813 f  u_clk_gen/inst/clkin1_ibufgds/O
                         net (fo=1, routed)           1.004     5.817    u_clk_gen/inst/clk_in1_clk_gen
    MMCME2_ADV_X1Y1      MMCME2_ADV (Prop_mmcme2_adv_CLKIN1_CLKOUT1)
                                                     -6.107    -0.291 f  u_clk_gen/inst/mmcm_adv_inst/CLKOUT1
                         net (fo=1, routed)           1.381     1.091    u_clk_gen/inst/clk_125_clk_gen
    BUFGCTRL_X0Y0        BUFG (Prop_bufg_I_O)         0.077     1.168 f  u_clk_gen/inst/clkout2_buf/O
                         net (fo=5509, routed)        1.407     2.575    u_gmii_inst/clk
    SLICE_X14Y178        FDRE                                         r  u_gmii_inst/frame_mem_reg[8][3]/C  (IS_INVERTED)
                         clock pessimism              0.380     2.954    
                         clock uncertainty           -0.064     2.890    
    SLICE_X14Y178        FDRE (Setup_fdre_C_CE)      -0.132     2.758    u_gmii_inst/frame_mem_reg[8][3]
  -------------------------------------------------------------------
                         required time                          2.758    
                         arrival time                          -1.012    
  -------------------------------------------------------------------
                         slack                                  1.746    

Slack (MET) :             1.748ns  (required time - arrival time)
  Source:                 u_vio_tx_gmii/inst/PROBE_OUT_ALL_INST/G_PROBE_OUT[0].PROBE_OUT0_INST/Probe_out_reg[0]/C
                            (rising edge-triggered cell FDRE clocked by clk_125_clk_gen  {rise@0.000ns fall@4.000ns period=8.000ns})
  Destination:            u_gmii_inst/frame_mem_reg[13][3]/CE
                            (falling edge-triggered cell FDRE clocked by clk_125_clk_gen  {rise@0.000ns fall@4.000ns period=8.000ns})
  Path Group:             clk_125_clk_gen
  Path Type:              Setup (Max at Slow Process Corner)
  Requirement:            4.000ns  (clk_125_clk_gen fall@4.000ns - clk_125_clk_gen rise@0.000ns)
  Data Path Delay:        2.015ns  (logic 0.484ns (24.022%)  route 1.531ns (75.978%))
  Logic Levels:           1  (LUT2=1)
  Clock Path Skew:        -0.041ns (DCD - SCD + CPR)
    Destination Clock Delay (DCD):    -1.427ns = ( 2.573 - 4.000 ) 
    Source Clock Delay      (SCD):    -1.007ns
    Clock Pessimism Removal (CPR):    0.380ns
  Clock Uncertainty:      0.064ns  ((TSJ^2 + DJ^2)^1/2) / 2 + PE
    Total System Jitter     (TSJ):    0.071ns
    Discrete Jitter          (DJ):    0.108ns
    Phase Error              (PE):    0.000ns

    Location             Delay type                Incr(ns)  Path(ns)    Netlist Resource(s)
  -------------------------------------------------------------------    -------------------
                         (clock clk_125_clk_gen rise edge)
                                                      0.000     0.000 r  
    R4                                                0.000     0.000 r  clk_in1_p (IN)
                         net (fo=0)                   0.000     0.000    u_clk_gen/inst/clk_in1_p
    R4                   IBUFDS (Prop_ibufds_I_O)     0.851     0.851 r  u_clk_gen/inst/clkin1_ibufgds/O
                         net (fo=1, routed)           1.065     1.916    u_clk_gen/inst/clk_in1_clk_gen
    MMCME2_ADV_X1Y1      MMCME2_ADV (Prop_mmcme2_adv_CLKIN1_CLKOUT1)
                                                     -5.972    -4.056 r  u_clk_gen/inst/mmcm_adv_inst/CLKOUT1
                         net (fo=1, routed)           1.449    -2.608    u_clk_gen/inst/clk_125_clk_gen
    BUFGCTRL_X0Y0        BUFG (Prop_bufg_I_O)         0.081    -2.527 r  u_clk_gen/inst/clkout2_buf/O
                         net (fo=5509, routed)        1.520    -1.007    u_vio_tx_gmii/inst/PROBE_OUT_ALL_INST/G_PROBE_OUT[0].PROBE_OUT0_INST/clk
    SLICE_X13Y173        FDRE                                         r  u_vio_tx_gmii/inst/PROBE_OUT_ALL_INST/G_PROBE_OUT[0].PROBE_OUT0_INST/Probe_out_reg[0]/C
  -------------------------------------------------------------------    -------------------
    SLICE_X13Y173        FDRE (Prop_fdre_C_Q)         0.379    -0.628 f  u_vio_tx_gmii/inst/PROBE_OUT_ALL_INST/G_PROBE_OUT[0].PROBE_OUT0_INST/Probe_out_reg[0]/Q
                         net (fo=21, routed)          0.694     0.066    u_gmii_inst/rst
    SLICE_X8Y170         LUT2 (Prop_lut2_I1_O)        0.105     0.171 r  u_gmii_inst/frame_mem[8][7]_i_1/O
                         net (fo=144, routed)         0.837     1.008    u_gmii_inst/frame_mem[8][7]_i_1_n_0
    SLICE_X14Y176        FDRE                                         r  u_gmii_inst/frame_mem_reg[13][3]/CE
  -------------------------------------------------------------------    -------------------

                         (clock clk_125_clk_gen fall edge)
                                                      4.000     4.000 f  
    R4                                                0.000     4.000 f  clk_in1_p (IN)
                         net (fo=0)                   0.000     4.000    u_clk_gen/inst/clk_in1_p
    R4                   IBUFDS (Prop_ibufds_I_O)     0.813     4.813 f  u_clk_gen/inst/clkin1_ibufgds/O
                         net (fo=1, routed)           1.004     5.817    u_clk_gen/inst/clk_in1_clk_gen
    MMCME2_ADV_X1Y1      MMCME2_ADV (Prop_mmcme2_adv_CLKIN1_CLKOUT1)
                                                     -6.107    -0.291 f  u_clk_gen/inst/mmcm_adv_inst/CLKOUT1
                         net (fo=1, routed)           1.381     1.091    u_clk_gen/inst/clk_125_clk_gen
    BUFGCTRL_X0Y0        BUFG (Prop_bufg_I_O)         0.077     1.168 f  u_clk_gen/inst/clkout2_buf/O
                         net (fo=5509, routed)        1.405     2.573    u_gmii_inst/clk
    SLICE_X14Y176        FDRE                                         r  u_gmii_inst/frame_mem_reg[13][3]/C  (IS_INVERTED)
                         clock pessimism              0.380     2.952    
                         clock uncertainty           -0.064     2.888    
    SLICE_X14Y176        FDRE (Setup_fdre_C_CE)      -0.132     2.756    u_gmii_inst/frame_mem_reg[13][3]
  -------------------------------------------------------------------
                         required time                          2.756    
                         arrival time                          -1.008    
  -------------------------------------------------------------------
                         slack                                  1.748    

Slack (MET) :             1.748ns  (required time - arrival time)
  Source:                 u_vio_tx_gmii/inst/PROBE_OUT_ALL_INST/G_PROBE_OUT[0].PROBE_OUT0_INST/Probe_out_reg[0]/C
                            (rising edge-triggered cell FDRE clocked by clk_125_clk_gen  {rise@0.000ns fall@4.000ns period=8.000ns})
  Destination:            u_gmii_inst/frame_mem_reg[14][3]/CE
                            (falling edge-triggered cell FDRE clocked by clk_125_clk_gen  {rise@0.000ns fall@4.000ns period=8.000ns})
  Path Group:             clk_125_clk_gen
  Path Type:              Setup (Max at Slow Process Corner)
  Requirement:            4.000ns  (clk_125_clk_gen fall@4.000ns - clk_125_clk_gen rise@0.000ns)
  Data Path Delay:        2.015ns  (logic 0.484ns (24.022%)  route 1.531ns (75.978%))
  Logic Levels:           1  (LUT2=1)
  Clock Path Skew:        -0.041ns (DCD - SCD + CPR)
    Destination Clock Delay (DCD):    -1.427ns = ( 2.573 - 4.000 ) 
    Source Clock Delay      (SCD):    -1.007ns
    Clock Pessimism Removal (CPR):    0.380ns
  Clock Uncertainty:      0.064ns  ((TSJ^2 + DJ^2)^1/2) / 2 + PE
    Total System Jitter     (TSJ):    0.071ns
    Discrete Jitter          (DJ):    0.108ns
    Phase Error              (PE):    0.000ns

    Location             Delay type                Incr(ns)  Path(ns)    Netlist Resource(s)
  -------------------------------------------------------------------    -------------------
                         (clock clk_125_clk_gen rise edge)
                                                      0.000     0.000 r  
    R4                                                0.000     0.000 r  clk_in1_p (IN)
                         net (fo=0)                   0.000     0.000    u_clk_gen/inst/clk_in1_p
    R4                   IBUFDS (Prop_ibufds_I_O)     0.851     0.851 r  u_clk_gen/inst/clkin1_ibufgds/O
                         net (fo=1, routed)           1.065     1.916    u_clk_gen/inst/clk_in1_clk_gen
    MMCME2_ADV_X1Y1      MMCME2_ADV (Prop_mmcme2_adv_CLKIN1_CLKOUT1)
                                                     -5.972    -4.056 r  u_clk_gen/inst/mmcm_adv_inst/CLKOUT1
                         net (fo=1, routed)           1.449    -2.608    u_clk_gen/inst/clk_125_clk_gen
    BUFGCTRL_X0Y0        BUFG (Prop_bufg_I_O)         0.081    -2.527 r  u_clk_gen/inst/clkout2_buf/O
                         net (fo=5509, routed)        1.520    -1.007    u_vio_tx_gmii/inst/PROBE_OUT_ALL_INST/G_PROBE_OUT[0].PROBE_OUT0_INST/clk
    SLICE_X13Y173        FDRE                                         r  u_vio_tx_gmii/inst/PROBE_OUT_ALL_INST/G_PROBE_OUT[0].PROBE_OUT0_INST/Probe_out_reg[0]/C
  -------------------------------------------------------------------    -------------------
    SLICE_X13Y173        FDRE (Prop_fdre_C_Q)         0.379    -0.628 f  u_vio_tx_gmii/inst/PROBE_OUT_ALL_INST/G_PROBE_OUT[0].PROBE_OUT0_INST/Probe_out_reg[0]/Q
                         net (fo=21, routed)          0.694     0.066    u_gmii_inst/rst
    SLICE_X8Y170         LUT2 (Prop_lut2_I1_O)        0.105     0.171 r  u_gmii_inst/frame_mem[8][7]_i_1/O
                         net (fo=144, routed)         0.837     1.008    u_gmii_inst/frame_mem[8][7]_i_1_n_0
    SLICE_X14Y176        FDRE                                         r  u_gmii_inst/frame_mem_reg[14][3]/CE
  -------------------------------------------------------------------    -------------------

                         (clock clk_125_clk_gen fall edge)
                                                      4.000     4.000 f  
    R4                                                0.000     4.000 f  clk_in1_p (IN)
                         net (fo=0)                   0.000     4.000    u_clk_gen/inst/clk_in1_p
    R4                   IBUFDS (Prop_ibufds_I_O)     0.813     4.813 f  u_clk_gen/inst/clkin1_ibufgds/O
                         net (fo=1, routed)           1.004     5.817    u_clk_gen/inst/clk_in1_clk_gen
    MMCME2_ADV_X1Y1      MMCME2_ADV (Prop_mmcme2_adv_CLKIN1_CLKOUT1)
                                                     -6.107    -0.291 f  u_clk_gen/inst/mmcm_adv_inst/CLKOUT1
                         net (fo=1, routed)           1.381     1.091    u_clk_gen/inst/clk_125_clk_gen
    BUFGCTRL_X0Y0        BUFG (Prop_bufg_I_O)         0.077     1.168 f  u_clk_gen/inst/clkout2_buf/O
                         net (fo=5509, routed)        1.405     2.573    u_gmii_inst/clk
    SLICE_X14Y176        FDRE                                         r  u_gmii_inst/frame_mem_reg[14][3]/C  (IS_INVERTED)
                         clock pessimism              0.380     2.952    
                         clock uncertainty           -0.064     2.888    
    SLICE_X14Y176        FDRE (Setup_fdre_C_CE)      -0.132     2.756    u_gmii_inst/frame_mem_reg[14][3]
  -------------------------------------------------------------------
                         required time                          2.756    
                         arrival time                          -1.008    
  -------------------------------------------------------------------
                         slack                                  1.748    

Slack (MET) :             1.748ns  (required time - arrival time)
  Source:                 u_vio_tx_gmii/inst/PROBE_OUT_ALL_INST/G_PROBE_OUT[0].PROBE_OUT0_INST/Probe_out_reg[0]/C
                            (rising edge-triggered cell FDRE clocked by clk_125_clk_gen  {rise@0.000ns fall@4.000ns period=8.000ns})
  Destination:            u_gmii_inst/frame_mem_reg[15][3]/CE
                            (falling edge-triggered cell FDRE clocked by clk_125_clk_gen  {rise@0.000ns fall@4.000ns period=8.000ns})
  Path Group:             clk_125_clk_gen
  Path Type:              Setup (Max at Slow Process Corner)
  Requirement:            4.000ns  (clk_125_clk_gen fall@4.000ns - clk_125_clk_gen rise@0.000ns)
  Data Path Delay:        2.015ns  (logic 0.484ns (24.022%)  route 1.531ns (75.978%))
  Logic Levels:           1  (LUT2=1)
  Clock Path Skew:        -0.041ns (DCD - SCD + CPR)
    Destination Clock Delay (DCD):    -1.427ns = ( 2.573 - 4.000 ) 
    Source Clock Delay      (SCD):    -1.007ns
    Clock Pessimism Removal (CPR):    0.380ns
  Clock Uncertainty:      0.064ns  ((TSJ^2 + DJ^2)^1/2) / 2 + PE
    Total System Jitter     (TSJ):    0.071ns
    Discrete Jitter          (DJ):    0.108ns
    Phase Error              (PE):    0.000ns

    Location             Delay type                Incr(ns)  Path(ns)    Netlist Resource(s)
  -------------------------------------------------------------------    -------------------
                         (clock clk_125_clk_gen rise edge)
                                                      0.000     0.000 r  
    R4                                                0.000     0.000 r  clk_in1_p (IN)
                         net (fo=0)                   0.000     0.000    u_clk_gen/inst/clk_in1_p
    R4                   IBUFDS (Prop_ibufds_I_O)     0.851     0.851 r  u_clk_gen/inst/clkin1_ibufgds/O
                         net (fo=1, routed)           1.065     1.916    u_clk_gen/inst/clk_in1_clk_gen
    MMCME2_ADV_X1Y1      MMCME2_ADV (Prop_mmcme2_adv_CLKIN1_CLKOUT1)
                                                     -5.972    -4.056 r  u_clk_gen/inst/mmcm_adv_inst/CLKOUT1
                         net (fo=1, routed)           1.449    -2.608    u_clk_gen/inst/clk_125_clk_gen
    BUFGCTRL_X0Y0        BUFG (Prop_bufg_I_O)         0.081    -2.527 r  u_clk_gen/inst/clkout2_buf/O
                         net (fo=5509, routed)        1.520    -1.007    u_vio_tx_gmii/inst/PROBE_OUT_ALL_INST/G_PROBE_OUT[0].PROBE_OUT0_INST/clk
    SLICE_X13Y173        FDRE                                         r  u_vio_tx_gmii/inst/PROBE_OUT_ALL_INST/G_PROBE_OUT[0].PROBE_OUT0_INST/Probe_out_reg[0]/C
  -------------------------------------------------------------------    -------------------
    SLICE_X13Y173        FDRE (Prop_fdre_C_Q)         0.379    -0.628 f  u_vio_tx_gmii/inst/PROBE_OUT_ALL_INST/G_PROBE_OUT[0].PROBE_OUT0_INST/Probe_out_reg[0]/Q
                         net (fo=21, routed)          0.694     0.066    u_gmii_inst/rst
    SLICE_X8Y170         LUT2 (Prop_lut2_I1_O)        0.105     0.171 r  u_gmii_inst/frame_mem[8][7]_i_1/O
                         net (fo=144, routed)         0.837     1.008    u_gmii_inst/frame_mem[8][7]_i_1_n_0
    SLICE_X14Y176        FDRE                                         r  u_gmii_inst/frame_mem_reg[15][3]/CE
  -------------------------------------------------------------------    -------------------

                         (clock clk_125_clk_gen fall edge)
                                                      4.000     4.000 f  
    R4                                                0.000     4.000 f  clk_in1_p (IN)
                         net (fo=0)                   0.000     4.000    u_clk_gen/inst/clk_in1_p
    R4                   IBUFDS (Prop_ibufds_I_O)     0.813     4.813 f  u_clk_gen/inst/clkin1_ibufgds/O
                         net (fo=1, routed)           1.004     5.817    u_clk_gen/inst/clk_in1_clk_gen
    MMCME2_ADV_X1Y1      MMCME2_ADV (Prop_mmcme2_adv_CLKIN1_CLKOUT1)
                                                     -6.107    -0.291 f  u_clk_gen/inst/mmcm_adv_inst/CLKOUT1
                         net (fo=1, routed)           1.381     1.091    u_clk_gen/inst/clk_125_clk_gen
    BUFGCTRL_X0Y0        BUFG (Prop_bufg_I_O)         0.077     1.168 f  u_clk_gen/inst/clkout2_buf/O
                         net (fo=5509, routed)        1.405     2.573    u_gmii_inst/clk
    SLICE_X14Y176        FDRE                                         r  u_gmii_inst/frame_mem_reg[15][3]/C  (IS_INVERTED)
                         clock pessimism              0.380     2.952    
                         clock uncertainty           -0.064     2.888    
    SLICE_X14Y176        FDRE (Setup_fdre_C_CE)      -0.132     2.756    u_gmii_inst/frame_mem_reg[15][3]
  -------------------------------------------------------------------
                         required time                          2.756    
                         arrival time                          -1.008    
  -------------------------------------------------------------------
                         slack                                  1.748    

Slack (MET) :             1.748ns  (required time - arrival time)
  Source:                 u_vio_tx_gmii/inst/PROBE_OUT_ALL_INST/G_PROBE_OUT[0].PROBE_OUT0_INST/Probe_out_reg[0]/C
                            (rising edge-triggered cell FDRE clocked by clk_125_clk_gen  {rise@0.000ns fall@4.000ns period=8.000ns})
  Destination:            u_gmii_inst/frame_mem_reg[16][3]/CE
                            (falling edge-triggered cell FDRE clocked by clk_125_clk_gen  {rise@0.000ns fall@4.000ns period=8.000ns})
  Path Group:             clk_125_clk_gen
  Path Type:              Setup (Max at Slow Process Corner)
  Requirement:            4.000ns  (clk_125_clk_gen fall@4.000ns - clk_125_clk_gen rise@0.000ns)
  Data Path Delay:        2.015ns  (logic 0.484ns (24.022%)  route 1.531ns (75.978%))
  Logic Levels:           1  (LUT2=1)
  Clock Path Skew:        -0.041ns (DCD - SCD + CPR)
    Destination Clock Delay (DCD):    -1.427ns = ( 2.573 - 4.000 ) 
    Source Clock Delay      (SCD):    -1.007ns
    Clock Pessimism Removal (CPR):    0.380ns
  Clock Uncertainty:      0.064ns  ((TSJ^2 + DJ^2)^1/2) / 2 + PE
    Total System Jitter     (TSJ):    0.071ns
    Discrete Jitter          (DJ):    0.108ns
    Phase Error              (PE):    0.000ns

    Location             Delay type                Incr(ns)  Path(ns)    Netlist Resource(s)
  -------------------------------------------------------------------    -------------------
                         (clock clk_125_clk_gen rise edge)
                                                      0.000     0.000 r  
    R4                                                0.000     0.000 r  clk_in1_p (IN)
                         net (fo=0)                   0.000     0.000    u_clk_gen/inst/clk_in1_p
    R4                   IBUFDS (Prop_ibufds_I_O)     0.851     0.851 r  u_clk_gen/inst/clkin1_ibufgds/O
                         net (fo=1, routed)           1.065     1.916    u_clk_gen/inst/clk_in1_clk_gen
    MMCME2_ADV_X1Y1      MMCME2_ADV (Prop_mmcme2_adv_CLKIN1_CLKOUT1)
                                                     -5.972    -4.056 r  u_clk_gen/inst/mmcm_adv_inst/CLKOUT1
                         net (fo=1, routed)           1.449    -2.608    u_clk_gen/inst/clk_125_clk_gen
    BUFGCTRL_X0Y0        BUFG (Prop_bufg_I_O)         0.081    -2.527 r  u_clk_gen/inst/clkout2_buf/O
                         net (fo=5509, routed)        1.520    -1.007    u_vio_tx_gmii/inst/PROBE_OUT_ALL_INST/G_PROBE_OUT[0].PROBE_OUT0_INST/clk
    SLICE_X13Y173        FDRE                                         r  u_vio_tx_gmii/inst/PROBE_OUT_ALL_INST/G_PROBE_OUT[0].PROBE_OUT0_INST/Probe_out_reg[0]/C
  -------------------------------------------------------------------    -------------------
    SLICE_X13Y173        FDRE (Prop_fdre_C_Q)         0.379    -0.628 f  u_vio_tx_gmii/inst/PROBE_OUT_ALL_INST/G_PROBE_OUT[0].PROBE_OUT0_INST/Probe_out_reg[0]/Q
                         net (fo=21, routed)          0.694     0.066    u_gmii_inst/rst
    SLICE_X8Y170         LUT2 (Prop_lut2_I1_O)        0.105     0.171 r  u_gmii_inst/frame_mem[8][7]_i_1/O
                         net (fo=144, routed)         0.837     1.008    u_gmii_inst/frame_mem[8][7]_i_1_n_0
    SLICE_X14Y176        FDRE                                         r  u_gmii_inst/frame_mem_reg[16][3]/CE
  -------------------------------------------------------------------    -------------------

                         (clock clk_125_clk_gen fall edge)
                                                      4.000     4.000 f  
    R4                                                0.000     4.000 f  clk_in1_p (IN)
                         net (fo=0)                   0.000     4.000    u_clk_gen/inst/clk_in1_p
    R4                   IBUFDS (Prop_ibufds_I_O)     0.813     4.813 f  u_clk_gen/inst/clkin1_ibufgds/O
                         net (fo=1, routed)           1.004     5.817    u_clk_gen/inst/clk_in1_clk_gen
    MMCME2_ADV_X1Y1      MMCME2_ADV (Prop_mmcme2_adv_CLKIN1_CLKOUT1)
                                                     -6.107    -0.291 f  u_clk_gen/inst/mmcm_adv_inst/CLKOUT1
                         net (fo=1, routed)           1.381     1.091    u_clk_gen/inst/clk_125_clk_gen
    BUFGCTRL_X0Y0        BUFG (Prop_bufg_I_O)         0.077     1.168 f  u_clk_gen/inst/clkout2_buf/O
                         net (fo=5509, routed)        1.405     2.573    u_gmii_inst/clk
    SLICE_X14Y176        FDRE                                         r  u_gmii_inst/frame_mem_reg[16][3]/C  (IS_INVERTED)
                         clock pessimism              0.380     2.952    
                         clock uncertainty           -0.064     2.888    
    SLICE_X14Y176        FDRE (Setup_fdre_C_CE)      -0.132     2.756    u_gmii_inst/frame_mem_reg[16][3]
  -------------------------------------------------------------------
                         required time                          2.756    
                         arrival time                          -1.008    
  -------------------------------------------------------------------
                         slack                                  1.748    

Slack (MET) :             1.748ns  (required time - arrival time)
  Source:                 u_vio_tx_gmii/inst/PROBE_OUT_ALL_INST/G_PROBE_OUT[0].PROBE_OUT0_INST/Probe_out_reg[0]/C
                            (rising edge-triggered cell FDRE clocked by clk_125_clk_gen  {rise@0.000ns fall@4.000ns period=8.000ns})
  Destination:            u_gmii_inst/frame_mem_reg[18][3]/CE
                            (falling edge-triggered cell FDRE clocked by clk_125_clk_gen  {rise@0.000ns fall@4.000ns period=8.000ns})
  Path Group:             clk_125_clk_gen
  Path Type:              Setup (Max at Slow Process Corner)
  Requirement:            4.000ns  (clk_125_clk_gen fall@4.000ns - clk_125_clk_gen rise@0.000ns)
  Data Path Delay:        2.015ns  (logic 0.484ns (24.022%)  route 1.531ns (75.978%))
  Logic Levels:           1  (LUT2=1)
  Clock Path Skew:        -0.041ns (DCD - SCD + CPR)
    Destination Clock Delay (DCD):    -1.427ns = ( 2.573 - 4.000 ) 
    Source Clock Delay      (SCD):    -1.007ns
    Clock Pessimism Removal (CPR):    0.380ns
  Clock Uncertainty:      0.064ns  ((TSJ^2 + DJ^2)^1/2) / 2 + PE
    Total System Jitter     (TSJ):    0.071ns
    Discrete Jitter          (DJ):    0.108ns
    Phase Error              (PE):    0.000ns

    Location             Delay type                Incr(ns)  Path(ns)    Netlist Resource(s)
  -------------------------------------------------------------------    -------------------
                         (clock clk_125_clk_gen rise edge)
                                                      0.000     0.000 r  
    R4                                                0.000     0.000 r  clk_in1_p (IN)
                         net (fo=0)                   0.000     0.000    u_clk_gen/inst/clk_in1_p
    R4                   IBUFDS (Prop_ibufds_I_O)     0.851     0.851 r  u_clk_gen/inst/clkin1_ibufgds/O
                         net (fo=1, routed)           1.065     1.916    u_clk_gen/inst/clk_in1_clk_gen
    MMCME2_ADV_X1Y1      MMCME2_ADV (Prop_mmcme2_adv_CLKIN1_CLKOUT1)
                                                     -5.972    -4.056 r  u_clk_gen/inst/mmcm_adv_inst/CLKOUT1
                         net (fo=1, routed)           1.449    -2.608    u_clk_gen/inst/clk_125_clk_gen
    BUFGCTRL_X0Y0        BUFG (Prop_bufg_I_O)         0.081    -2.527 r  u_clk_gen/inst/clkout2_buf/O
                         net (fo=5509, routed)        1.520    -1.007    u_vio_tx_gmii/inst/PROBE_OUT_ALL_INST/G_PROBE_OUT[0].PROBE_OUT0_INST/clk
    SLICE_X13Y173        FDRE                                         r  u_vio_tx_gmii/inst/PROBE_OUT_ALL_INST/G_PROBE_OUT[0].PROBE_OUT0_INST/Probe_out_reg[0]/C
  -------------------------------------------------------------------    -------------------
    SLICE_X13Y173        FDRE (Prop_fdre_C_Q)         0.379    -0.628 f  u_vio_tx_gmii/inst/PROBE_OUT_ALL_INST/G_PROBE_OUT[0].PROBE_OUT0_INST/Probe_out_reg[0]/Q
                         net (fo=21, routed)          0.694     0.066    u_gmii_inst/rst
    SLICE_X8Y170         LUT2 (Prop_lut2_I1_O)        0.105     0.171 r  u_gmii_inst/frame_mem[8][7]_i_1/O
                         net (fo=144, routed)         0.837     1.008    u_gmii_inst/frame_mem[8][7]_i_1_n_0
    SLICE_X14Y176        FDRE                                         r  u_gmii_inst/frame_mem_reg[18][3]/CE
  -------------------------------------------------------------------    -------------------

                         (clock clk_125_clk_gen fall edge)
                                                      4.000     4.000 f  
    R4                                                0.000     4.000 f  clk_in1_p (IN)
                         net (fo=0)                   0.000     4.000    u_clk_gen/inst/clk_in1_p
    R4                   IBUFDS (Prop_ibufds_I_O)     0.813     4.813 f  u_clk_gen/inst/clkin1_ibufgds/O
                         net (fo=1, routed)           1.004     5.817    u_clk_gen/inst/clk_in1_clk_gen
    MMCME2_ADV_X1Y1      MMCME2_ADV (Prop_mmcme2_adv_CLKIN1_CLKOUT1)
                                                     -6.107    -0.291 f  u_clk_gen/inst/mmcm_adv_inst/CLKOUT1
                         net (fo=1, routed)           1.381     1.091    u_clk_gen/inst/clk_125_clk_gen
    BUFGCTRL_X0Y0        BUFG (Prop_bufg_I_O)         0.077     1.168 f  u_clk_gen/inst/clkout2_buf/O
                         net (fo=5509, routed)        1.405     2.573    u_gmii_inst/clk
    SLICE_X14Y176        FDRE                                         r  u_gmii_inst/frame_mem_reg[18][3]/C  (IS_INVERTED)
                         clock pessimism              0.380     2.952    
                         clock uncertainty           -0.064     2.888    
    SLICE_X14Y176        FDRE (Setup_fdre_C_CE)      -0.132     2.756    u_gmii_inst/frame_mem_reg[18][3]
  -------------------------------------------------------------------
                         required time                          2.756    
                         arrival time                          -1.008    
  -------------------------------------------------------------------
                         slack                                  1.748    

Slack (MET) :             1.748ns  (required time - arrival time)
  Source:                 u_vio_tx_gmii/inst/PROBE_OUT_ALL_INST/G_PROBE_OUT[0].PROBE_OUT0_INST/Probe_out_reg[0]/C
                            (rising edge-triggered cell FDRE clocked by clk_125_clk_gen  {rise@0.000ns fall@4.000ns period=8.000ns})
  Destination:            u_gmii_inst/frame_mem_reg[9][3]/CE
                            (falling edge-triggered cell FDRE clocked by clk_125_clk_gen  {rise@0.000ns fall@4.000ns period=8.000ns})
  Path Group:             clk_125_clk_gen
  Path Type:              Setup (Max at Slow Process Corner)
  Requirement:            4.000ns  (clk_125_clk_gen fall@4.000ns - clk_125_clk_gen rise@0.000ns)
  Data Path Delay:        2.015ns  (logic 0.484ns (24.022%)  route 1.531ns (75.978%))
  Logic Levels:           1  (LUT2=1)
  Clock Path Skew:        -0.041ns (DCD - SCD + CPR)
    Destination Clock Delay (DCD):    -1.427ns = ( 2.573 - 4.000 ) 
    Source Clock Delay      (SCD):    -1.007ns
    Clock Pessimism Removal (CPR):    0.380ns
  Clock Uncertainty:      0.064ns  ((TSJ^2 + DJ^2)^1/2) / 2 + PE
    Total System Jitter     (TSJ):    0.071ns
    Discrete Jitter          (DJ):    0.108ns
    Phase Error              (PE):    0.000ns

    Location             Delay type                Incr(ns)  Path(ns)    Netlist Resource(s)
  -------------------------------------------------------------------    -------------------
                         (clock clk_125_clk_gen rise edge)
                                                      0.000     0.000 r  
    R4                                                0.000     0.000 r  clk_in1_p (IN)
                         net (fo=0)                   0.000     0.000    u_clk_gen/inst/clk_in1_p
    R4                   IBUFDS (Prop_ibufds_I_O)     0.851     0.851 r  u_clk_gen/inst/clkin1_ibufgds/O
                         net (fo=1, routed)           1.065     1.916    u_clk_gen/inst/clk_in1_clk_gen
    MMCME2_ADV_X1Y1      MMCME2_ADV (Prop_mmcme2_adv_CLKIN1_CLKOUT1)
                                                     -5.972    -4.056 r  u_clk_gen/inst/mmcm_adv_inst/CLKOUT1
                         net (fo=1, routed)           1.449    -2.608    u_clk_gen/inst/clk_125_clk_gen
    BUFGCTRL_X0Y0        BUFG (Prop_bufg_I_O)         0.081    -2.527 r  u_clk_gen/inst/clkout2_buf/O
                         net (fo=5509, routed)        1.520    -1.007    u_vio_tx_gmii/inst/PROBE_OUT_ALL_INST/G_PROBE_OUT[0].PROBE_OUT0_INST/clk
    SLICE_X13Y173        FDRE                                         r  u_vio_tx_gmii/inst/PROBE_OUT_ALL_INST/G_PROBE_OUT[0].PROBE_OUT0_INST/Probe_out_reg[0]/C
  -------------------------------------------------------------------    -------------------
    SLICE_X13Y173        FDRE (Prop_fdre_C_Q)         0.379    -0.628 f  u_vio_tx_gmii/inst/PROBE_OUT_ALL_INST/G_PROBE_OUT[0].PROBE_OUT0_INST/Probe_out_reg[0]/Q
                         net (fo=21, routed)          0.694     0.066    u_gmii_inst/rst
    SLICE_X8Y170         LUT2 (Prop_lut2_I1_O)        0.105     0.171 r  u_gmii_inst/frame_mem[8][7]_i_1/O
                         net (fo=144, routed)         0.837     1.008    u_gmii_inst/frame_mem[8][7]_i_1_n_0
    SLICE_X14Y176        FDRE                                         r  u_gmii_inst/frame_mem_reg[9][3]/CE
  -------------------------------------------------------------------    -------------------

                         (clock clk_125_clk_gen fall edge)
                                                      4.000     4.000 f  
    R4                                                0.000     4.000 f  clk_in1_p (IN)
                         net (fo=0)                   0.000     4.000    u_clk_gen/inst/clk_in1_p
    R4                   IBUFDS (Prop_ibufds_I_O)     0.813     4.813 f  u_clk_gen/inst/clkin1_ibufgds/O
                         net (fo=1, routed)           1.004     5.817    u_clk_gen/inst/clk_in1_clk_gen
    MMCME2_ADV_X1Y1      MMCME2_ADV (Prop_mmcme2_adv_CLKIN1_CLKOUT1)
                                                     -6.107    -0.291 f  u_clk_gen/inst/mmcm_adv_inst/CLKOUT1
                         net (fo=1, routed)           1.381     1.091    u_clk_gen/inst/clk_125_clk_gen
    BUFGCTRL_X0Y0        BUFG (Prop_bufg_I_O)         0.077     1.168 f  u_clk_gen/inst/clkout2_buf/O
                         net (fo=5509, routed)        1.405     2.573    u_gmii_inst/clk
    SLICE_X14Y176        FDRE                                         r  u_gmii_inst/frame_mem_reg[9][3]/C  (IS_INVERTED)
                         clock pessimism              0.380     2.952    
                         clock uncertainty           -0.064     2.888    
    SLICE_X14Y176        FDRE (Setup_fdre_C_CE)      -0.132     2.756    u_gmii_inst/frame_mem_reg[9][3]
  -------------------------------------------------------------------
                         required time                          2.756    
                         arrival time                          -1.008    
  -------------------------------------------------------------------
                         slack                                  1.748    

Slack (MET) :             1.780ns  (required time - arrival time)
  Source:                 u_vio_tx_gmii/inst/PROBE_OUT_ALL_INST/G_PROBE_OUT[0].PROBE_OUT0_INST/Probe_out_reg[0]/C
                            (rising edge-triggered cell FDRE clocked by clk_125_clk_gen  {rise@0.000ns fall@4.000ns period=8.000ns})
  Destination:            u_gmii_inst/frame_mem_reg[10][7]/CE
                            (falling edge-triggered cell FDRE clocked by clk_125_clk_gen  {rise@0.000ns fall@4.000ns period=8.000ns})
  Path Group:             clk_125_clk_gen
  Path Type:              Setup (Max at Slow Process Corner)
  Requirement:            4.000ns  (clk_125_clk_gen fall@4.000ns - clk_125_clk_gen rise@0.000ns)
  Data Path Delay:        1.949ns  (logic 0.484ns (24.830%)  route 1.465ns (75.170%))
  Logic Levels:           1  (LUT2=1)
  Clock Path Skew:        -0.042ns (DCD - SCD + CPR)
    Destination Clock Delay (DCD):    -1.428ns = ( 2.572 - 4.000 ) 
    Source Clock Delay      (SCD):    -1.007ns
    Clock Pessimism Removal (CPR):    0.380ns
  Clock Uncertainty:      0.064ns  ((TSJ^2 + DJ^2)^1/2) / 2 + PE
    Total System Jitter     (TSJ):    0.071ns
    Discrete Jitter          (DJ):    0.108ns
    Phase Error              (PE):    0.000ns

    Location             Delay type                Incr(ns)  Path(ns)    Netlist Resource(s)
  -------------------------------------------------------------------    -------------------
                         (clock clk_125_clk_gen rise edge)
                                                      0.000     0.000 r  
    R4                                                0.000     0.000 r  clk_in1_p (IN)
                         net (fo=0)                   0.000     0.000    u_clk_gen/inst/clk_in1_p
    R4                   IBUFDS (Prop_ibufds_I_O)     0.851     0.851 r  u_clk_gen/inst/clkin1_ibufgds/O
                         net (fo=1, routed)           1.065     1.916    u_clk_gen/inst/clk_in1_clk_gen
    MMCME2_ADV_X1Y1      MMCME2_ADV (Prop_mmcme2_adv_CLKIN1_CLKOUT1)
                                                     -5.972    -4.056 r  u_clk_gen/inst/mmcm_adv_inst/CLKOUT1
                         net (fo=1, routed)           1.449    -2.608    u_clk_gen/inst/clk_125_clk_gen
    BUFGCTRL_X0Y0        BUFG (Prop_bufg_I_O)         0.081    -2.527 r  u_clk_gen/inst/clkout2_buf/O
                         net (fo=5509, routed)        1.520    -1.007    u_vio_tx_gmii/inst/PROBE_OUT_ALL_INST/G_PROBE_OUT[0].PROBE_OUT0_INST/clk
    SLICE_X13Y173        FDRE                                         r  u_vio_tx_gmii/inst/PROBE_OUT_ALL_INST/G_PROBE_OUT[0].PROBE_OUT0_INST/Probe_out_reg[0]/C
  -------------------------------------------------------------------    -------------------
    SLICE_X13Y173        FDRE (Prop_fdre_C_Q)         0.379    -0.628 f  u_vio_tx_gmii/inst/PROBE_OUT_ALL_INST/G_PROBE_OUT[0].PROBE_OUT0_INST/Probe_out_reg[0]/Q
                         net (fo=21, routed)          0.694     0.066    u_gmii_inst/rst
    SLICE_X8Y170         LUT2 (Prop_lut2_I1_O)        0.105     0.171 r  u_gmii_inst/frame_mem[8][7]_i_1/O
                         net (fo=144, routed)         0.772     0.943    u_gmii_inst/frame_mem[8][7]_i_1_n_0
    SLICE_X17Y174        FDRE                                         r  u_gmii_inst/frame_mem_reg[10][7]/CE
  -------------------------------------------------------------------    -------------------

                         (clock clk_125_clk_gen fall edge)
                                                      4.000     4.000 f  
    R4                                                0.000     4.000 f  clk_in1_p (IN)
                         net (fo=0)                   0.000     4.000    u_clk_gen/inst/clk_in1_p
    R4                   IBUFDS (Prop_ibufds_I_O)     0.813     4.813 f  u_clk_gen/inst/clkin1_ibufgds/O
                         net (fo=1, routed)           1.004     5.817    u_clk_gen/inst/clk_in1_clk_gen
    MMCME2_ADV_X1Y1      MMCME2_ADV (Prop_mmcme2_adv_CLKIN1_CLKOUT1)
                                                     -6.107    -0.291 f  u_clk_gen/inst/mmcm_adv_inst/CLKOUT1
                         net (fo=1, routed)           1.381     1.091    u_clk_gen/inst/clk_125_clk_gen
    BUFGCTRL_X0Y0        BUFG (Prop_bufg_I_O)         0.077     1.168 f  u_clk_gen/inst/clkout2_buf/O
                         net (fo=5509, routed)        1.404     2.572    u_gmii_inst/clk
    SLICE_X17Y174        FDRE                                         r  u_gmii_inst/frame_mem_reg[10][7]/C  (IS_INVERTED)
                         clock pessimism              0.380     2.951    
                         clock uncertainty           -0.064     2.887    
    SLICE_X17Y174        FDRE (Setup_fdre_C_CE)      -0.164     2.723    u_gmii_inst/frame_mem_reg[10][7]
  -------------------------------------------------------------------
                         required time                          2.723    
                         arrival time                          -0.943    
  -------------------------------------------------------------------
                         slack                                  1.780    

Slack (MET) :             1.780ns  (required time - arrival time)
  Source:                 u_vio_tx_gmii/inst/PROBE_OUT_ALL_INST/G_PROBE_OUT[0].PROBE_OUT0_INST/Probe_out_reg[0]/C
                            (rising edge-triggered cell FDRE clocked by clk_125_clk_gen  {rise@0.000ns fall@4.000ns period=8.000ns})
  Destination:            u_gmii_inst/frame_mem_reg[11][7]/CE
                            (falling edge-triggered cell FDRE clocked by clk_125_clk_gen  {rise@0.000ns fall@4.000ns period=8.000ns})
  Path Group:             clk_125_clk_gen
  Path Type:              Setup (Max at Slow Process Corner)
  Requirement:            4.000ns  (clk_125_clk_gen fall@4.000ns - clk_125_clk_gen rise@0.000ns)
  Data Path Delay:        1.949ns  (logic 0.484ns (24.830%)  route 1.465ns (75.170%))
  Logic Levels:           1  (LUT2=1)
  Clock Path Skew:        -0.042ns (DCD - SCD + CPR)
    Destination Clock Delay (DCD):    -1.428ns = ( 2.572 - 4.000 ) 
    Source Clock Delay      (SCD):    -1.007ns
    Clock Pessimism Removal (CPR):    0.380ns
  Clock Uncertainty:      0.064ns  ((TSJ^2 + DJ^2)^1/2) / 2 + PE
    Total System Jitter     (TSJ):    0.071ns
    Discrete Jitter          (DJ):    0.108ns
    Phase Error              (PE):    0.000ns

    Location             Delay type                Incr(ns)  Path(ns)    Netlist Resource(s)
  -------------------------------------------------------------------    -------------------
                         (clock clk_125_clk_gen rise edge)
                                                      0.000     0.000 r  
    R4                                                0.000     0.000 r  clk_in1_p (IN)
                         net (fo=0)                   0.000     0.000    u_clk_gen/inst/clk_in1_p
    R4                   IBUFDS (Prop_ibufds_I_O)     0.851     0.851 r  u_clk_gen/inst/clkin1_ibufgds/O
                         net (fo=1, routed)           1.065     1.916    u_clk_gen/inst/clk_in1_clk_gen
    MMCME2_ADV_X1Y1      MMCME2_ADV (Prop_mmcme2_adv_CLKIN1_CLKOUT1)
                                                     -5.972    -4.056 r  u_clk_gen/inst/mmcm_adv_inst/CLKOUT1
                         net (fo=1, routed)           1.449    -2.608    u_clk_gen/inst/clk_125_clk_gen
    BUFGCTRL_X0Y0        BUFG (Prop_bufg_I_O)         0.081    -2.527 r  u_clk_gen/inst/clkout2_buf/O
                         net (fo=5509, routed)        1.520    -1.007    u_vio_tx_gmii/inst/PROBE_OUT_ALL_INST/G_PROBE_OUT[0].PROBE_OUT0_INST/clk
    SLICE_X13Y173        FDRE                                         r  u_vio_tx_gmii/inst/PROBE_OUT_ALL_INST/G_PROBE_OUT[0].PROBE_OUT0_INST/Probe_out_reg[0]/C
  -------------------------------------------------------------------    -------------------
    SLICE_X13Y173        FDRE (Prop_fdre_C_Q)         0.379    -0.628 f  u_vio_tx_gmii/inst/PROBE_OUT_ALL_INST/G_PROBE_OUT[0].PROBE_OUT0_INST/Probe_out_reg[0]/Q
                         net (fo=21, routed)          0.694     0.066    u_gmii_inst/rst
    SLICE_X8Y170         LUT2 (Prop_lut2_I1_O)        0.105     0.171 r  u_gmii_inst/frame_mem[8][7]_i_1/O
                         net (fo=144, routed)         0.772     0.943    u_gmii_inst/frame_mem[8][7]_i_1_n_0
    SLICE_X17Y174        FDRE                                         r  u_gmii_inst/frame_mem_reg[11][7]/CE
  -------------------------------------------------------------------    -------------------

                         (clock clk_125_clk_gen fall edge)
                                                      4.000     4.000 f  
    R4                                                0.000     4.000 f  clk_in1_p (IN)
                         net (fo=0)                   0.000     4.000    u_clk_gen/inst/clk_in1_p
    R4                   IBUFDS (Prop_ibufds_I_O)     0.813     4.813 f  u_clk_gen/inst/clkin1_ibufgds/O
                         net (fo=1, routed)           1.004     5.817    u_clk_gen/inst/clk_in1_clk_gen
    MMCME2_ADV_X1Y1      MMCME2_ADV (Prop_mmcme2_adv_CLKIN1_CLKOUT1)
                                                     -6.107    -0.291 f  u_clk_gen/inst/mmcm_adv_inst/CLKOUT1
                         net (fo=1, routed)           1.381     1.091    u_clk_gen/inst/clk_125_clk_gen
    BUFGCTRL_X0Y0        BUFG (Prop_bufg_I_O)         0.077     1.168 f  u_clk_gen/inst/clkout2_buf/O
                         net (fo=5509, routed)        1.404     2.572    u_gmii_inst/clk
    SLICE_X17Y174        FDRE                                         r  u_gmii_inst/frame_mem_reg[11][7]/C  (IS_INVERTED)
                         clock pessimism              0.380     2.951    
                         clock uncertainty           -0.064     2.887    
    SLICE_X17Y174        FDRE (Setup_fdre_C_CE)      -0.164     2.723    u_gmii_inst/frame_mem_reg[11][7]
  -------------------------------------------------------------------
                         required time                          2.723    
                         arrival time                          -0.943    
  -------------------------------------------------------------------
                         slack                                  1.780    

Slack (MET) :             1.780ns  (required time - arrival time)
  Source:                 u_vio_tx_gmii/inst/PROBE_OUT_ALL_INST/G_PROBE_OUT[0].PROBE_OUT0_INST/Probe_out_reg[0]/C
                            (rising edge-triggered cell FDRE clocked by clk_125_clk_gen  {rise@0.000ns fall@4.000ns period=8.000ns})
  Destination:            u_gmii_inst/frame_mem_reg[20][3]/CE
                            (falling edge-triggered cell FDRE clocked by clk_125_clk_gen  {rise@0.000ns fall@4.000ns period=8.000ns})
  Path Group:             clk_125_clk_gen
  Path Type:              Setup (Max at Slow Process Corner)
  Requirement:            4.000ns  (clk_125_clk_gen fall@4.000ns - clk_125_clk_gen rise@0.000ns)
  Data Path Delay:        1.949ns  (logic 0.484ns (24.830%)  route 1.465ns (75.170%))
  Logic Levels:           1  (LUT2=1)
  Clock Path Skew:        -0.042ns (DCD - SCD + CPR)
    Destination Clock Delay (DCD):    -1.428ns = ( 2.572 - 4.000 ) 
    Source Clock Delay      (SCD):    -1.007ns
    Clock Pessimism Removal (CPR):    0.380ns
  Clock Uncertainty:      0.064ns  ((TSJ^2 + DJ^2)^1/2) / 2 + PE
    Total System Jitter     (TSJ):    0.071ns
    Discrete Jitter          (DJ):    0.108ns
    Phase Error              (PE):    0.000ns

    Location             Delay type                Incr(ns)  Path(ns)    Netlist Resource(s)
  -------------------------------------------------------------------    -------------------
                         (clock clk_125_clk_gen rise edge)
                                                      0.000     0.000 r  
    R4                                                0.000     0.000 r  clk_in1_p (IN)
                         net (fo=0)                   0.000     0.000    u_clk_gen/inst/clk_in1_p
    R4                   IBUFDS (Prop_ibufds_I_O)     0.851     0.851 r  u_clk_gen/inst/clkin1_ibufgds/O
                         net (fo=1, routed)           1.065     1.916    u_clk_gen/inst/clk_in1_clk_gen
    MMCME2_ADV_X1Y1      MMCME2_ADV (Prop_mmcme2_adv_CLKIN1_CLKOUT1)
                                                     -5.972    -4.056 r  u_clk_gen/inst/mmcm_adv_inst/CLKOUT1
                         net (fo=1, routed)           1.449    -2.608    u_clk_gen/inst/clk_125_clk_gen
    BUFGCTRL_X0Y0        BUFG (Prop_bufg_I_O)         0.081    -2.527 r  u_clk_gen/inst/clkout2_buf/O
                         net (fo=5509, routed)        1.520    -1.007    u_vio_tx_gmii/inst/PROBE_OUT_ALL_INST/G_PROBE_OUT[0].PROBE_OUT0_INST/clk
    SLICE_X13Y173        FDRE                                         r  u_vio_tx_gmii/inst/PROBE_OUT_ALL_INST/G_PROBE_OUT[0].PROBE_OUT0_INST/Probe_out_reg[0]/C
  -------------------------------------------------------------------    -------------------
    SLICE_X13Y173        FDRE (Prop_fdre_C_Q)         0.379    -0.628 f  u_vio_tx_gmii/inst/PROBE_OUT_ALL_INST/G_PROBE_OUT[0].PROBE_OUT0_INST/Probe_out_reg[0]/Q
                         net (fo=21, routed)          0.694     0.066    u_gmii_inst/rst
    SLICE_X8Y170         LUT2 (Prop_lut2_I1_O)        0.105     0.171 r  u_gmii_inst/frame_mem[8][7]_i_1/O
                         net (fo=144, routed)         0.772     0.943    u_gmii_inst/frame_mem[8][7]_i_1_n_0
    SLICE_X17Y174        FDRE                                         r  u_gmii_inst/frame_mem_reg[20][3]/CE
  -------------------------------------------------------------------    -------------------

                         (clock clk_125_clk_gen fall edge)
                                                      4.000     4.000 f  
    R4                                                0.000     4.000 f  clk_in1_p (IN)
                         net (fo=0)                   0.000     4.000    u_clk_gen/inst/clk_in1_p
    R4                   IBUFDS (Prop_ibufds_I_O)     0.813     4.813 f  u_clk_gen/inst/clkin1_ibufgds/O
                         net (fo=1, routed)           1.004     5.817    u_clk_gen/inst/clk_in1_clk_gen
    MMCME2_ADV_X1Y1      MMCME2_ADV (Prop_mmcme2_adv_CLKIN1_CLKOUT1)
                                                     -6.107    -0.291 f  u_clk_gen/inst/mmcm_adv_inst/CLKOUT1
                         net (fo=1, routed)           1.381     1.091    u_clk_gen/inst/clk_125_clk_gen
    BUFGCTRL_X0Y0        BUFG (Prop_bufg_I_O)         0.077     1.168 f  u_clk_gen/inst/clkout2_buf/O
                         net (fo=5509, routed)        1.404     2.572    u_gmii_inst/clk
    SLICE_X17Y174        FDRE                                         r  u_gmii_inst/frame_mem_reg[20][3]/C  (IS_INVERTED)
                         clock pessimism              0.380     2.951    
                         clock uncertainty           -0.064     2.887    
    SLICE_X17Y174        FDRE (Setup_fdre_C_CE)      -0.164     2.723    u_gmii_inst/frame_mem_reg[20][3]
  -------------------------------------------------------------------
                         required time                          2.723    
                         arrival time                          -0.943    
  -------------------------------------------------------------------
                         slack                                  1.780    

Slack (MET) :             1.780ns  (required time - arrival time)
  Source:                 u_vio_tx_gmii/inst/PROBE_OUT_ALL_INST/G_PROBE_OUT[0].PROBE_OUT0_INST/Probe_out_reg[0]/C
                            (rising edge-triggered cell FDRE clocked by clk_125_clk_gen  {rise@0.000ns fall@4.000ns period=8.000ns})
  Destination:            u_gmii_inst/frame_mem_reg[21][3]/CE
                            (falling edge-triggered cell FDRE clocked by clk_125_clk_gen  {rise@0.000ns fall@4.000ns period=8.000ns})
  Path Group:             clk_125_clk_gen
  Path Type:              Setup (Max at Slow Process Corner)
  Requirement:            4.000ns  (clk_125_clk_gen fall@4.000ns - clk_125_clk_gen rise@0.000ns)
  Data Path Delay:        1.949ns  (logic 0.484ns (24.830%)  route 1.465ns (75.170%))
  Logic Levels:           1  (LUT2=1)
  Clock Path Skew:        -0.042ns (DCD - SCD + CPR)
    Destination Clock Delay (DCD):    -1.428ns = ( 2.572 - 4.000 ) 
    Source Clock Delay      (SCD):    -1.007ns
    Clock Pessimism Removal (CPR):    0.380ns
  Clock Uncertainty:      0.064ns  ((TSJ^2 + DJ^2)^1/2) / 2 + PE
    Total System Jitter     (TSJ):    0.071ns
    Discrete Jitter          (DJ):    0.108ns
    Phase Error              (PE):    0.000ns

    Location             Delay type                Incr(ns)  Path(ns)    Netlist Resource(s)
  -------------------------------------------------------------------    -------------------
                         (clock clk_125_clk_gen rise edge)
                                                      0.000     0.000 r  
    R4                                                0.000     0.000 r  clk_in1_p (IN)
                         net (fo=0)                   0.000     0.000    u_clk_gen/inst/clk_in1_p
    R4                   IBUFDS (Prop_ibufds_I_O)     0.851     0.851 r  u_clk_gen/inst/clkin1_ibufgds/O
                         net (fo=1, routed)           1.065     1.916    u_clk_gen/inst/clk_in1_clk_gen
    MMCME2_ADV_X1Y1      MMCME2_ADV (Prop_mmcme2_adv_CLKIN1_CLKOUT1)
                                                     -5.972    -4.056 r  u_clk_gen/inst/mmcm_adv_inst/CLKOUT1
                         net (fo=1, routed)           1.449    -2.608    u_clk_gen/inst/clk_125_clk_gen
    BUFGCTRL_X0Y0        BUFG (Prop_bufg_I_O)         0.081    -2.527 r  u_clk_gen/inst/clkout2_buf/O
                         net (fo=5509, routed)        1.520    -1.007    u_vio_tx_gmii/inst/PROBE_OUT_ALL_INST/G_PROBE_OUT[0].PROBE_OUT0_INST/clk
    SLICE_X13Y173        FDRE                                         r  u_vio_tx_gmii/inst/PROBE_OUT_ALL_INST/G_PROBE_OUT[0].PROBE_OUT0_INST/Probe_out_reg[0]/C
  -------------------------------------------------------------------    -------------------
    SLICE_X13Y173        FDRE (Prop_fdre_C_Q)         0.379    -0.628 f  u_vio_tx_gmii/inst/PROBE_OUT_ALL_INST/G_PROBE_OUT[0].PROBE_OUT0_INST/Probe_out_reg[0]/Q
                         net (fo=21, routed)          0.694     0.066    u_gmii_inst/rst
    SLICE_X8Y170         LUT2 (Prop_lut2_I1_O)        0.105     0.171 r  u_gmii_inst/frame_mem[8][7]_i_1/O
                         net (fo=144, routed)         0.772     0.943    u_gmii_inst/frame_mem[8][7]_i_1_n_0
    SLICE_X17Y174        FDRE                                         r  u_gmii_inst/frame_mem_reg[21][3]/CE
  -------------------------------------------------------------------    -------------------

                         (clock clk_125_clk_gen fall edge)
                                                      4.000     4.000 f  
    R4                                                0.000     4.000 f  clk_in1_p (IN)
                         net (fo=0)                   0.000     4.000    u_clk_gen/inst/clk_in1_p
    R4                   IBUFDS (Prop_ibufds_I_O)     0.813     4.813 f  u_clk_gen/inst/clkin1_ibufgds/O
                         net (fo=1, routed)           1.004     5.817    u_clk_gen/inst/clk_in1_clk_gen
    MMCME2_ADV_X1Y1      MMCME2_ADV (Prop_mmcme2_adv_CLKIN1_CLKOUT1)
                                                     -6.107    -0.291 f  u_clk_gen/inst/mmcm_adv_inst/CLKOUT1
                         net (fo=1, routed)           1.381     1.091    u_clk_gen/inst/clk_125_clk_gen
    BUFGCTRL_X0Y0        BUFG (Prop_bufg_I_O)         0.077     1.168 f  u_clk_gen/inst/clkout2_buf/O
                         net (fo=5509, routed)        1.404     2.572    u_gmii_inst/clk
    SLICE_X17Y174        FDRE                                         r  u_gmii_inst/frame_mem_reg[21][3]/C  (IS_INVERTED)
                         clock pessimism              0.380     2.951    
                         clock uncertainty           -0.064     2.887    
    SLICE_X17Y174        FDRE (Setup_fdre_C_CE)      -0.164     2.723    u_gmii_inst/frame_mem_reg[21][3]
  -------------------------------------------------------------------
                         required time                          2.723    
                         arrival time                          -0.943    
  -------------------------------------------------------------------
                         slack                                  1.780    

Slack (MET) :             1.780ns  (required time - arrival time)
  Source:                 u_vio_tx_gmii/inst/PROBE_OUT_ALL_INST/G_PROBE_OUT[0].PROBE_OUT0_INST/Probe_out_reg[0]/C
                            (rising edge-triggered cell FDRE clocked by clk_125_clk_gen  {rise@0.000ns fall@4.000ns period=8.000ns})
  Destination:            u_gmii_inst/frame_mem_reg[8][7]/CE
                            (falling edge-triggered cell FDRE clocked by clk_125_clk_gen  {rise@0.000ns fall@4.000ns period=8.000ns})
  Path Group:             clk_125_clk_gen
  Path Type:              Setup (Max at Slow Process Corner)
  Requirement:            4.000ns  (clk_125_clk_gen fall@4.000ns - clk_125_clk_gen rise@0.000ns)
  Data Path Delay:        1.949ns  (logic 0.484ns (24.830%)  route 1.465ns (75.170%))
  Logic Levels:           1  (LUT2=1)
  Clock Path Skew:        -0.042ns (DCD - SCD + CPR)
    Destination Clock Delay (DCD):    -1.428ns = ( 2.572 - 4.000 ) 
    Source Clock Delay      (SCD):    -1.007ns
    Clock Pessimism Removal (CPR):    0.380ns
  Clock Uncertainty:      0.064ns  ((TSJ^2 + DJ^2)^1/2) / 2 + PE
    Total System Jitter     (TSJ):    0.071ns
    Discrete Jitter          (DJ):    0.108ns
    Phase Error              (PE):    0.000ns

    Location             Delay type                Incr(ns)  Path(ns)    Netlist Resource(s)
  -------------------------------------------------------------------    -------------------
                         (clock clk_125_clk_gen rise edge)
                                                      0.000     0.000 r  
    R4                                                0.000     0.000 r  clk_in1_p (IN)
                         net (fo=0)                   0.000     0.000    u_clk_gen/inst/clk_in1_p
    R4                   IBUFDS (Prop_ibufds_I_O)     0.851     0.851 r  u_clk_gen/inst/clkin1_ibufgds/O
                         net (fo=1, routed)           1.065     1.916    u_clk_gen/inst/clk_in1_clk_gen
    MMCME2_ADV_X1Y1      MMCME2_ADV (Prop_mmcme2_adv_CLKIN1_CLKOUT1)
                                                     -5.972    -4.056 r  u_clk_gen/inst/mmcm_adv_inst/CLKOUT1
                         net (fo=1, routed)           1.449    -2.608    u_clk_gen/inst/clk_125_clk_gen
    BUFGCTRL_X0Y0        BUFG (Prop_bufg_I_O)         0.081    -2.527 r  u_clk_gen/inst/clkout2_buf/O
                         net (fo=5509, routed)        1.520    -1.007    u_vio_tx_gmii/inst/PROBE_OUT_ALL_INST/G_PROBE_OUT[0].PROBE_OUT0_INST/clk
    SLICE_X13Y173        FDRE                                         r  u_vio_tx_gmii/inst/PROBE_OUT_ALL_INST/G_PROBE_OUT[0].PROBE_OUT0_INST/Probe_out_reg[0]/C
  -------------------------------------------------------------------    -------------------
    SLICE_X13Y173        FDRE (Prop_fdre_C_Q)         0.379    -0.628 f  u_vio_tx_gmii/inst/PROBE_OUT_ALL_INST/G_PROBE_OUT[0].PROBE_OUT0_INST/Probe_out_reg[0]/Q
                         net (fo=21, routed)          0.694     0.066    u_gmii_inst/rst
    SLICE_X8Y170         LUT2 (Prop_lut2_I1_O)        0.105     0.171 r  u_gmii_inst/frame_mem[8][7]_i_1/O
                         net (fo=144, routed)         0.772     0.943    u_gmii_inst/frame_mem[8][7]_i_1_n_0
    SLICE_X17Y174        FDRE                                         r  u_gmii_inst/frame_mem_reg[8][7]/CE
  -------------------------------------------------------------------    -------------------

                         (clock clk_125_clk_gen fall edge)
                                                      4.000     4.000 f  
    R4                                                0.000     4.000 f  clk_in1_p (IN)
                         net (fo=0)                   0.000     4.000    u_clk_gen/inst/clk_in1_p
    R4                   IBUFDS (Prop_ibufds_I_O)     0.813     4.813 f  u_clk_gen/inst/clkin1_ibufgds/O
                         net (fo=1, routed)           1.004     5.817    u_clk_gen/inst/clk_in1_clk_gen
    MMCME2_ADV_X1Y1      MMCME2_ADV (Prop_mmcme2_adv_CLKIN1_CLKOUT1)
                                                     -6.107    -0.291 f  u_clk_gen/inst/mmcm_adv_inst/CLKOUT1
                         net (fo=1, routed)           1.381     1.091    u_clk_gen/inst/clk_125_clk_gen
    BUFGCTRL_X0Y0        BUFG (Prop_bufg_I_O)         0.077     1.168 f  u_clk_gen/inst/clkout2_buf/O
                         net (fo=5509, routed)        1.404     2.572    u_gmii_inst/clk
    SLICE_X17Y174        FDRE                                         r  u_gmii_inst/frame_mem_reg[8][7]/C  (IS_INVERTED)
                         clock pessimism              0.380     2.951    
                         clock uncertainty           -0.064     2.887    
    SLICE_X17Y174        FDRE (Setup_fdre_C_CE)      -0.164     2.723    u_gmii_inst/frame_mem_reg[8][7]
  -------------------------------------------------------------------
                         required time                          2.723    
                         arrival time                          -0.943    
  -------------------------------------------------------------------
                         slack                                  1.780    

Slack (MET) :             1.780ns  (required time - arrival time)
  Source:                 u_vio_tx_gmii/inst/PROBE_OUT_ALL_INST/G_PROBE_OUT[0].PROBE_OUT0_INST/Probe_out_reg[0]/C
                            (rising edge-triggered cell FDRE clocked by clk_125_clk_gen  {rise@0.000ns fall@4.000ns period=8.000ns})
  Destination:            u_gmii_inst/frame_mem_reg[9][7]/CE
                            (falling edge-triggered cell FDRE clocked by clk_125_clk_gen  {rise@0.000ns fall@4.000ns period=8.000ns})
  Path Group:             clk_125_clk_gen
  Path Type:              Setup (Max at Slow Process Corner)
  Requirement:            4.000ns  (clk_125_clk_gen fall@4.000ns - clk_125_clk_gen rise@0.000ns)
  Data Path Delay:        1.949ns  (logic 0.484ns (24.830%)  route 1.465ns (75.170%))
  Logic Levels:           1  (LUT2=1)
  Clock Path Skew:        -0.042ns (DCD - SCD + CPR)
    Destination Clock Delay (DCD):    -1.428ns = ( 2.572 - 4.000 ) 
    Source Clock Delay      (SCD):    -1.007ns
    Clock Pessimism Removal (CPR):    0.380ns
  Clock Uncertainty:      0.064ns  ((TSJ^2 + DJ^2)^1/2) / 2 + PE
    Total System Jitter     (TSJ):    0.071ns
    Discrete Jitter          (DJ):    0.108ns
    Phase Error              (PE):    0.000ns

    Location             Delay type                Incr(ns)  Path(ns)    Netlist Resource(s)
  -------------------------------------------------------------------    -------------------
                         (clock clk_125_clk_gen rise edge)
                                                      0.000     0.000 r  
    R4                                                0.000     0.000 r  clk_in1_p (IN)
                         net (fo=0)                   0.000     0.000    u_clk_gen/inst/clk_in1_p
    R4                   IBUFDS (Prop_ibufds_I_O)     0.851     0.851 r  u_clk_gen/inst/clkin1_ibufgds/O
                         net (fo=1, routed)           1.065     1.916    u_clk_gen/inst/clk_in1_clk_gen
    MMCME2_ADV_X1Y1      MMCME2_ADV (Prop_mmcme2_adv_CLKIN1_CLKOUT1)
                                                     -5.972    -4.056 r  u_clk_gen/inst/mmcm_adv_inst/CLKOUT1
                         net (fo=1, routed)           1.449    -2.608    u_clk_gen/inst/clk_125_clk_gen
    BUFGCTRL_X0Y0        BUFG (Prop_bufg_I_O)         0.081    -2.527 r  u_clk_gen/inst/clkout2_buf/O
                         net (fo=5509, routed)        1.520    -1.007    u_vio_tx_gmii/inst/PROBE_OUT_ALL_INST/G_PROBE_OUT[0].PROBE_OUT0_INST/clk
    SLICE_X13Y173        FDRE                                         r  u_vio_tx_gmii/inst/PROBE_OUT_ALL_INST/G_PROBE_OUT[0].PROBE_OUT0_INST/Probe_out_reg[0]/C
  -------------------------------------------------------------------    -------------------
    SLICE_X13Y173        FDRE (Prop_fdre_C_Q)         0.379    -0.628 f  u_vio_tx_gmii/inst/PROBE_OUT_ALL_INST/G_PROBE_OUT[0].PROBE_OUT0_INST/Probe_out_reg[0]/Q
                         net (fo=21, routed)          0.694     0.066    u_gmii_inst/rst
    SLICE_X8Y170         LUT2 (Prop_lut2_I1_O)        0.105     0.171 r  u_gmii_inst/frame_mem[8][7]_i_1/O
                         net (fo=144, routed)         0.772     0.943    u_gmii_inst/frame_mem[8][7]_i_1_n_0
    SLICE_X17Y174        FDRE                                         r  u_gmii_inst/frame_mem_reg[9][7]/CE
  -------------------------------------------------------------------    -------------------

                         (clock clk_125_clk_gen fall edge)
                                                      4.000     4.000 f  
    R4                                                0.000     4.000 f  clk_in1_p (IN)
                         net (fo=0)                   0.000     4.000    u_clk_gen/inst/clk_in1_p
    R4                   IBUFDS (Prop_ibufds_I_O)     0.813     4.813 f  u_clk_gen/inst/clkin1_ibufgds/O
                         net (fo=1, routed)           1.004     5.817    u_clk_gen/inst/clk_in1_clk_gen
    MMCME2_ADV_X1Y1      MMCME2_ADV (Prop_mmcme2_adv_CLKIN1_CLKOUT1)
                                                     -6.107    -0.291 f  u_clk_gen/inst/mmcm_adv_inst/CLKOUT1
                         net (fo=1, routed)           1.381     1.091    u_clk_gen/inst/clk_125_clk_gen
    BUFGCTRL_X0Y0        BUFG (Prop_bufg_I_O)         0.077     1.168 f  u_clk_gen/inst/clkout2_buf/O
                         net (fo=5509, routed)        1.404     2.572    u_gmii_inst/clk
    SLICE_X17Y174        FDRE                                         r  u_gmii_inst/frame_mem_reg[9][7]/C  (IS_INVERTED)
                         clock pessimism              0.380     2.951    
                         clock uncertainty           -0.064     2.887    
    SLICE_X17Y174        FDRE (Setup_fdre_C_CE)      -0.164     2.723    u_gmii_inst/frame_mem_reg[9][7]
  -------------------------------------------------------------------
                         required time                          2.723    
                         arrival time                          -0.943    
  -------------------------------------------------------------------
                         slack                                  1.780    

Slack (MET) :             1.794ns  (required time - arrival time)
  Source:                 u_vio_tx_gmii/inst/PROBE_OUT_ALL_INST/G_PROBE_OUT[0].PROBE_OUT0_INST/Probe_out_reg[0]/C
                            (rising edge-triggered cell FDRE clocked by clk_125_clk_gen  {rise@0.000ns fall@4.000ns period=8.000ns})
  Destination:            u_gmii_inst/frame_mem_reg[16][2]/CE
                            (falling edge-triggered cell FDRE clocked by clk_125_clk_gen  {rise@0.000ns fall@4.000ns period=8.000ns})
  Path Group:             clk_125_clk_gen
  Path Type:              Setup (Max at Slow Process Corner)
  Requirement:            4.000ns  (clk_125_clk_gen fall@4.000ns - clk_125_clk_gen rise@0.000ns)
  Data Path Delay:        1.971ns  (logic 0.484ns (24.558%)  route 1.487ns (75.442%))
  Logic Levels:           1  (LUT2=1)
  Clock Path Skew:        -0.039ns (DCD - SCD + CPR)
    Destination Clock Delay (DCD):    -1.425ns = ( 2.575 - 4.000 ) 
    Source Clock Delay      (SCD):    -1.007ns
    Clock Pessimism Removal (CPR):    0.380ns
  Clock Uncertainty:      0.064ns  ((TSJ^2 + DJ^2)^1/2) / 2 + PE
    Total System Jitter     (TSJ):    0.071ns
    Discrete Jitter          (DJ):    0.108ns
    Phase Error              (PE):    0.000ns

    Location             Delay type                Incr(ns)  Path(ns)    Netlist Resource(s)
  -------------------------------------------------------------------    -------------------
                         (clock clk_125_clk_gen rise edge)
                                                      0.000     0.000 r  
    R4                                                0.000     0.000 r  clk_in1_p (IN)
                         net (fo=0)                   0.000     0.000    u_clk_gen/inst/clk_in1_p
    R4                   IBUFDS (Prop_ibufds_I_O)     0.851     0.851 r  u_clk_gen/inst/clkin1_ibufgds/O
                         net (fo=1, routed)           1.065     1.916    u_clk_gen/inst/clk_in1_clk_gen
    MMCME2_ADV_X1Y1      MMCME2_ADV (Prop_mmcme2_adv_CLKIN1_CLKOUT1)
                                                     -5.972    -4.056 r  u_clk_gen/inst/mmcm_adv_inst/CLKOUT1
                         net (fo=1, routed)           1.449    -2.608    u_clk_gen/inst/clk_125_clk_gen
    BUFGCTRL_X0Y0        BUFG (Prop_bufg_I_O)         0.081    -2.527 r  u_clk_gen/inst/clkout2_buf/O
                         net (fo=5509, routed)        1.520    -1.007    u_vio_tx_gmii/inst/PROBE_OUT_ALL_INST/G_PROBE_OUT[0].PROBE_OUT0_INST/clk
    SLICE_X13Y173        FDRE                                         r  u_vio_tx_gmii/inst/PROBE_OUT_ALL_INST/G_PROBE_OUT[0].PROBE_OUT0_INST/Probe_out_reg[0]/C
  -------------------------------------------------------------------    -------------------
    SLICE_X13Y173        FDRE (Prop_fdre_C_Q)         0.379    -0.628 f  u_vio_tx_gmii/inst/PROBE_OUT_ALL_INST/G_PROBE_OUT[0].PROBE_OUT0_INST/Probe_out_reg[0]/Q
                         net (fo=21, routed)          0.694     0.066    u_gmii_inst/rst
    SLICE_X8Y170         LUT2 (Prop_lut2_I1_O)        0.105     0.171 r  u_gmii_inst/frame_mem[8][7]_i_1/O
                         net (fo=144, routed)         0.793     0.964    u_gmii_inst/frame_mem[8][7]_i_1_n_0
    SLICE_X12Y178        FDRE                                         r  u_gmii_inst/frame_mem_reg[16][2]/CE
  -------------------------------------------------------------------    -------------------

                         (clock clk_125_clk_gen fall edge)
                                                      4.000     4.000 f  
    R4                                                0.000     4.000 f  clk_in1_p (IN)
                         net (fo=0)                   0.000     4.000    u_clk_gen/inst/clk_in1_p
    R4                   IBUFDS (Prop_ibufds_I_O)     0.813     4.813 f  u_clk_gen/inst/clkin1_ibufgds/O
                         net (fo=1, routed)           1.004     5.817    u_clk_gen/inst/clk_in1_clk_gen
    MMCME2_ADV_X1Y1      MMCME2_ADV (Prop_mmcme2_adv_CLKIN1_CLKOUT1)
                                                     -6.107    -0.291 f  u_clk_gen/inst/mmcm_adv_inst/CLKOUT1
                         net (fo=1, routed)           1.381     1.091    u_clk_gen/inst/clk_125_clk_gen
    BUFGCTRL_X0Y0        BUFG (Prop_bufg_I_O)         0.077     1.168 f  u_clk_gen/inst/clkout2_buf/O
                         net (fo=5509, routed)        1.407     2.575    u_gmii_inst/clk
    SLICE_X12Y178        FDRE                                         r  u_gmii_inst/frame_mem_reg[16][2]/C  (IS_INVERTED)
                         clock pessimism              0.380     2.954    
                         clock uncertainty           -0.064     2.890    
    SLICE_X12Y178        FDRE (Setup_fdre_C_CE)      -0.132     2.758    u_gmii_inst/frame_mem_reg[16][2]
  -------------------------------------------------------------------
                         required time                          2.758    
                         arrival time                          -0.964    
  -------------------------------------------------------------------
                         slack                                  1.794    

Slack (MET) :             1.794ns  (required time - arrival time)
  Source:                 u_vio_tx_gmii/inst/PROBE_OUT_ALL_INST/G_PROBE_OUT[0].PROBE_OUT0_INST/Probe_out_reg[0]/C
                            (rising edge-triggered cell FDRE clocked by clk_125_clk_gen  {rise@0.000ns fall@4.000ns period=8.000ns})
  Destination:            u_gmii_inst/frame_mem_reg[17][2]/CE
                            (falling edge-triggered cell FDRE clocked by clk_125_clk_gen  {rise@0.000ns fall@4.000ns period=8.000ns})
  Path Group:             clk_125_clk_gen
  Path Type:              Setup (Max at Slow Process Corner)
  Requirement:            4.000ns  (clk_125_clk_gen fall@4.000ns - clk_125_clk_gen rise@0.000ns)
  Data Path Delay:        1.971ns  (logic 0.484ns (24.558%)  route 1.487ns (75.442%))
  Logic Levels:           1  (LUT2=1)
  Clock Path Skew:        -0.039ns (DCD - SCD + CPR)
    Destination Clock Delay (DCD):    -1.425ns = ( 2.575 - 4.000 ) 
    Source Clock Delay      (SCD):    -1.007ns
    Clock Pessimism Removal (CPR):    0.380ns
  Clock Uncertainty:      0.064ns  ((TSJ^2 + DJ^2)^1/2) / 2 + PE
    Total System Jitter     (TSJ):    0.071ns
    Discrete Jitter          (DJ):    0.108ns
    Phase Error              (PE):    0.000ns

    Location             Delay type                Incr(ns)  Path(ns)    Netlist Resource(s)
  -------------------------------------------------------------------    -------------------
                         (clock clk_125_clk_gen rise edge)
                                                      0.000     0.000 r  
    R4                                                0.000     0.000 r  clk_in1_p (IN)
                         net (fo=0)                   0.000     0.000    u_clk_gen/inst/clk_in1_p
    R4                   IBUFDS (Prop_ibufds_I_O)     0.851     0.851 r  u_clk_gen/inst/clkin1_ibufgds/O
                         net (fo=1, routed)           1.065     1.916    u_clk_gen/inst/clk_in1_clk_gen
    MMCME2_ADV_X1Y1      MMCME2_ADV (Prop_mmcme2_adv_CLKIN1_CLKOUT1)
                                                     -5.972    -4.056 r  u_clk_gen/inst/mmcm_adv_inst/CLKOUT1
                         net (fo=1, routed)           1.449    -2.608    u_clk_gen/inst/clk_125_clk_gen
    BUFGCTRL_X0Y0        BUFG (Prop_bufg_I_O)         0.081    -2.527 r  u_clk_gen/inst/clkout2_buf/O
                         net (fo=5509, routed)        1.520    -1.007    u_vio_tx_gmii/inst/PROBE_OUT_ALL_INST/G_PROBE_OUT[0].PROBE_OUT0_INST/clk
    SLICE_X13Y173        FDRE                                         r  u_vio_tx_gmii/inst/PROBE_OUT_ALL_INST/G_PROBE_OUT[0].PROBE_OUT0_INST/Probe_out_reg[0]/C
  -------------------------------------------------------------------    -------------------
    SLICE_X13Y173        FDRE (Prop_fdre_C_Q)         0.379    -0.628 f  u_vio_tx_gmii/inst/PROBE_OUT_ALL_INST/G_PROBE_OUT[0].PROBE_OUT0_INST/Probe_out_reg[0]/Q
                         net (fo=21, routed)          0.694     0.066    u_gmii_inst/rst
    SLICE_X8Y170         LUT2 (Prop_lut2_I1_O)        0.105     0.171 r  u_gmii_inst/frame_mem[8][7]_i_1/O
                         net (fo=144, routed)         0.793     0.964    u_gmii_inst/frame_mem[8][7]_i_1_n_0
    SLICE_X12Y178        FDRE                                         r  u_gmii_inst/frame_mem_reg[17][2]/CE
  -------------------------------------------------------------------    -------------------

                         (clock clk_125_clk_gen fall edge)
                                                      4.000     4.000 f  
    R4                                                0.000     4.000 f  clk_in1_p (IN)
                         net (fo=0)                   0.000     4.000    u_clk_gen/inst/clk_in1_p
    R4                   IBUFDS (Prop_ibufds_I_O)     0.813     4.813 f  u_clk_gen/inst/clkin1_ibufgds/O
                         net (fo=1, routed)           1.004     5.817    u_clk_gen/inst/clk_in1_clk_gen
    MMCME2_ADV_X1Y1      MMCME2_ADV (Prop_mmcme2_adv_CLKIN1_CLKOUT1)
                                                     -6.107    -0.291 f  u_clk_gen/inst/mmcm_adv_inst/CLKOUT1
                         net (fo=1, routed)           1.381     1.091    u_clk_gen/inst/clk_125_clk_gen
    BUFGCTRL_X0Y0        BUFG (Prop_bufg_I_O)         0.077     1.168 f  u_clk_gen/inst/clkout2_buf/O
                         net (fo=5509, routed)        1.407     2.575    u_gmii_inst/clk
    SLICE_X12Y178        FDRE                                         r  u_gmii_inst/frame_mem_reg[17][2]/C  (IS_INVERTED)
                         clock pessimism              0.380     2.954    
                         clock uncertainty           -0.064     2.890    
    SLICE_X12Y178        FDRE (Setup_fdre_C_CE)      -0.132     2.758    u_gmii_inst/frame_mem_reg[17][2]
  -------------------------------------------------------------------
                         required time                          2.758    
                         arrival time                          -0.964    
  -------------------------------------------------------------------
                         slack                                  1.794    

Slack (MET) :             1.794ns  (required time - arrival time)
  Source:                 u_vio_tx_gmii/inst/PROBE_OUT_ALL_INST/G_PROBE_OUT[0].PROBE_OUT0_INST/Probe_out_reg[0]/C
                            (rising edge-triggered cell FDRE clocked by clk_125_clk_gen  {rise@0.000ns fall@4.000ns period=8.000ns})
  Destination:            u_gmii_inst/frame_mem_reg[18][2]/CE
                            (falling edge-triggered cell FDRE clocked by clk_125_clk_gen  {rise@0.000ns fall@4.000ns period=8.000ns})
  Path Group:             clk_125_clk_gen
  Path Type:              Setup (Max at Slow Process Corner)
  Requirement:            4.000ns  (clk_125_clk_gen fall@4.000ns - clk_125_clk_gen rise@0.000ns)
  Data Path Delay:        1.971ns  (logic 0.484ns (24.558%)  route 1.487ns (75.442%))
  Logic Levels:           1  (LUT2=1)
  Clock Path Skew:        -0.039ns (DCD - SCD + CPR)
    Destination Clock Delay (DCD):    -1.425ns = ( 2.575 - 4.000 ) 
    Source Clock Delay      (SCD):    -1.007ns
    Clock Pessimism Removal (CPR):    0.380ns
  Clock Uncertainty:      0.064ns  ((TSJ^2 + DJ^2)^1/2) / 2 + PE
    Total System Jitter     (TSJ):    0.071ns
    Discrete Jitter          (DJ):    0.108ns
    Phase Error              (PE):    0.000ns

    Location             Delay type                Incr(ns)  Path(ns)    Netlist Resource(s)
  -------------------------------------------------------------------    -------------------
                         (clock clk_125_clk_gen rise edge)
                                                      0.000     0.000 r  
    R4                                                0.000     0.000 r  clk_in1_p (IN)
                         net (fo=0)                   0.000     0.000    u_clk_gen/inst/clk_in1_p
    R4                   IBUFDS (Prop_ibufds_I_O)     0.851     0.851 r  u_clk_gen/inst/clkin1_ibufgds/O
                         net (fo=1, routed)           1.065     1.916    u_clk_gen/inst/clk_in1_clk_gen
    MMCME2_ADV_X1Y1      MMCME2_ADV (Prop_mmcme2_adv_CLKIN1_CLKOUT1)
                                                     -5.972    -4.056 r  u_clk_gen/inst/mmcm_adv_inst/CLKOUT1
                         net (fo=1, routed)           1.449    -2.608    u_clk_gen/inst/clk_125_clk_gen
    BUFGCTRL_X0Y0        BUFG (Prop_bufg_I_O)         0.081    -2.527 r  u_clk_gen/inst/clkout2_buf/O
                         net (fo=5509, routed)        1.520    -1.007    u_vio_tx_gmii/inst/PROBE_OUT_ALL_INST/G_PROBE_OUT[0].PROBE_OUT0_INST/clk
    SLICE_X13Y173        FDRE                                         r  u_vio_tx_gmii/inst/PROBE_OUT_ALL_INST/G_PROBE_OUT[0].PROBE_OUT0_INST/Probe_out_reg[0]/C
  -------------------------------------------------------------------    -------------------
    SLICE_X13Y173        FDRE (Prop_fdre_C_Q)         0.379    -0.628 f  u_vio_tx_gmii/inst/PROBE_OUT_ALL_INST/G_PROBE_OUT[0].PROBE_OUT0_INST/Probe_out_reg[0]/Q
                         net (fo=21, routed)          0.694     0.066    u_gmii_inst/rst
    SLICE_X8Y170         LUT2 (Prop_lut2_I1_O)        0.105     0.171 r  u_gmii_inst/frame_mem[8][7]_i_1/O
                         net (fo=144, routed)         0.793     0.964    u_gmii_inst/frame_mem[8][7]_i_1_n_0
    SLICE_X12Y178        FDRE                                         r  u_gmii_inst/frame_mem_reg[18][2]/CE
  -------------------------------------------------------------------    -------------------

                         (clock clk_125_clk_gen fall edge)
                                                      4.000     4.000 f  
    R4                                                0.000     4.000 f  clk_in1_p (IN)
                         net (fo=0)                   0.000     4.000    u_clk_gen/inst/clk_in1_p
    R4                   IBUFDS (Prop_ibufds_I_O)     0.813     4.813 f  u_clk_gen/inst/clkin1_ibufgds/O
                         net (fo=1, routed)           1.004     5.817    u_clk_gen/inst/clk_in1_clk_gen
    MMCME2_ADV_X1Y1      MMCME2_ADV (Prop_mmcme2_adv_CLKIN1_CLKOUT1)
                                                     -6.107    -0.291 f  u_clk_gen/inst/mmcm_adv_inst/CLKOUT1
                         net (fo=1, routed)           1.381     1.091    u_clk_gen/inst/clk_125_clk_gen
    BUFGCTRL_X0Y0        BUFG (Prop_bufg_I_O)         0.077     1.168 f  u_clk_gen/inst/clkout2_buf/O
                         net (fo=5509, routed)        1.407     2.575    u_gmii_inst/clk
    SLICE_X12Y178        FDRE                                         r  u_gmii_inst/frame_mem_reg[18][2]/C  (IS_INVERTED)
                         clock pessimism              0.380     2.954    
                         clock uncertainty           -0.064     2.890    
    SLICE_X12Y178        FDRE (Setup_fdre_C_CE)      -0.132     2.758    u_gmii_inst/frame_mem_reg[18][2]
  -------------------------------------------------------------------
                         required time                          2.758    
                         arrival time                          -0.964    
  -------------------------------------------------------------------
                         slack                                  1.794    

Slack (MET) :             1.794ns  (required time - arrival time)
  Source:                 u_vio_tx_gmii/inst/PROBE_OUT_ALL_INST/G_PROBE_OUT[0].PROBE_OUT0_INST/Probe_out_reg[0]/C
                            (rising edge-triggered cell FDRE clocked by clk_125_clk_gen  {rise@0.000ns fall@4.000ns period=8.000ns})
  Destination:            u_gmii_inst/frame_mem_reg[19][2]/CE
                            (falling edge-triggered cell FDRE clocked by clk_125_clk_gen  {rise@0.000ns fall@4.000ns period=8.000ns})
  Path Group:             clk_125_clk_gen
  Path Type:              Setup (Max at Slow Process Corner)
  Requirement:            4.000ns  (clk_125_clk_gen fall@4.000ns - clk_125_clk_gen rise@0.000ns)
  Data Path Delay:        1.971ns  (logic 0.484ns (24.558%)  route 1.487ns (75.442%))
  Logic Levels:           1  (LUT2=1)
  Clock Path Skew:        -0.039ns (DCD - SCD + CPR)
    Destination Clock Delay (DCD):    -1.425ns = ( 2.575 - 4.000 ) 
    Source Clock Delay      (SCD):    -1.007ns
    Clock Pessimism Removal (CPR):    0.380ns
  Clock Uncertainty:      0.064ns  ((TSJ^2 + DJ^2)^1/2) / 2 + PE
    Total System Jitter     (TSJ):    0.071ns
    Discrete Jitter          (DJ):    0.108ns
    Phase Error              (PE):    0.000ns

    Location             Delay type                Incr(ns)  Path(ns)    Netlist Resource(s)
  -------------------------------------------------------------------    -------------------
                         (clock clk_125_clk_gen rise edge)
                                                      0.000     0.000 r  
    R4                                                0.000     0.000 r  clk_in1_p (IN)
                         net (fo=0)                   0.000     0.000    u_clk_gen/inst/clk_in1_p
    R4                   IBUFDS (Prop_ibufds_I_O)     0.851     0.851 r  u_clk_gen/inst/clkin1_ibufgds/O
                         net (fo=1, routed)           1.065     1.916    u_clk_gen/inst/clk_in1_clk_gen
    MMCME2_ADV_X1Y1      MMCME2_ADV (Prop_mmcme2_adv_CLKIN1_CLKOUT1)
                                                     -5.972    -4.056 r  u_clk_gen/inst/mmcm_adv_inst/CLKOUT1
                         net (fo=1, routed)           1.449    -2.608    u_clk_gen/inst/clk_125_clk_gen
    BUFGCTRL_X0Y0        BUFG (Prop_bufg_I_O)         0.081    -2.527 r  u_clk_gen/inst/clkout2_buf/O
                         net (fo=5509, routed)        1.520    -1.007    u_vio_tx_gmii/inst/PROBE_OUT_ALL_INST/G_PROBE_OUT[0].PROBE_OUT0_INST/clk
    SLICE_X13Y173        FDRE                                         r  u_vio_tx_gmii/inst/PROBE_OUT_ALL_INST/G_PROBE_OUT[0].PROBE_OUT0_INST/Probe_out_reg[0]/C
  -------------------------------------------------------------------    -------------------
    SLICE_X13Y173        FDRE (Prop_fdre_C_Q)         0.379    -0.628 f  u_vio_tx_gmii/inst/PROBE_OUT_ALL_INST/G_PROBE_OUT[0].PROBE_OUT0_INST/Probe_out_reg[0]/Q
                         net (fo=21, routed)          0.694     0.066    u_gmii_inst/rst
    SLICE_X8Y170         LUT2 (Prop_lut2_I1_O)        0.105     0.171 r  u_gmii_inst/frame_mem[8][7]_i_1/O
                         net (fo=144, routed)         0.793     0.964    u_gmii_inst/frame_mem[8][7]_i_1_n_0
    SLICE_X12Y178        FDRE                                         r  u_gmii_inst/frame_mem_reg[19][2]/CE
  -------------------------------------------------------------------    -------------------

                         (clock clk_125_clk_gen fall edge)
                                                      4.000     4.000 f  
    R4                                                0.000     4.000 f  clk_in1_p (IN)
                         net (fo=0)                   0.000     4.000    u_clk_gen/inst/clk_in1_p
    R4                   IBUFDS (Prop_ibufds_I_O)     0.813     4.813 f  u_clk_gen/inst/clkin1_ibufgds/O
                         net (fo=1, routed)           1.004     5.817    u_clk_gen/inst/clk_in1_clk_gen
    MMCME2_ADV_X1Y1      MMCME2_ADV (Prop_mmcme2_adv_CLKIN1_CLKOUT1)
                                                     -6.107    -0.291 f  u_clk_gen/inst/mmcm_adv_inst/CLKOUT1
                         net (fo=1, routed)           1.381     1.091    u_clk_gen/inst/clk_125_clk_gen
    BUFGCTRL_X0Y0        BUFG (Prop_bufg_I_O)         0.077     1.168 f  u_clk_gen/inst/clkout2_buf/O
                         net (fo=5509, routed)        1.407     2.575    u_gmii_inst/clk
    SLICE_X12Y178        FDRE                                         r  u_gmii_inst/frame_mem_reg[19][2]/C  (IS_INVERTED)
                         clock pessimism              0.380     2.954    
                         clock uncertainty           -0.064     2.890    
    SLICE_X12Y178        FDRE (Setup_fdre_C_CE)      -0.132     2.758    u_gmii_inst/frame_mem_reg[19][2]
  -------------------------------------------------------------------
                         required time                          2.758    
                         arrival time                          -0.964    
  -------------------------------------------------------------------
                         slack                                  1.794    

Slack (MET) :             1.794ns  (required time - arrival time)
  Source:                 u_vio_tx_gmii/inst/PROBE_OUT_ALL_INST/G_PROBE_OUT[0].PROBE_OUT0_INST/Probe_out_reg[0]/C
                            (rising edge-triggered cell FDRE clocked by clk_125_clk_gen  {rise@0.000ns fall@4.000ns period=8.000ns})
  Destination:            u_gmii_inst/frame_mem_reg[20][2]/CE
                            (falling edge-triggered cell FDRE clocked by clk_125_clk_gen  {rise@0.000ns fall@4.000ns period=8.000ns})
  Path Group:             clk_125_clk_gen
  Path Type:              Setup (Max at Slow Process Corner)
  Requirement:            4.000ns  (clk_125_clk_gen fall@4.000ns - clk_125_clk_gen rise@0.000ns)
  Data Path Delay:        1.971ns  (logic 0.484ns (24.558%)  route 1.487ns (75.442%))
  Logic Levels:           1  (LUT2=1)
  Clock Path Skew:        -0.039ns (DCD - SCD + CPR)
    Destination Clock Delay (DCD):    -1.425ns = ( 2.575 - 4.000 ) 
    Source Clock Delay      (SCD):    -1.007ns
    Clock Pessimism Removal (CPR):    0.380ns
  Clock Uncertainty:      0.064ns  ((TSJ^2 + DJ^2)^1/2) / 2 + PE
    Total System Jitter     (TSJ):    0.071ns
    Discrete Jitter          (DJ):    0.108ns
    Phase Error              (PE):    0.000ns

    Location             Delay type                Incr(ns)  Path(ns)    Netlist Resource(s)
  -------------------------------------------------------------------    -------------------
                         (clock clk_125_clk_gen rise edge)
                                                      0.000     0.000 r  
    R4                                                0.000     0.000 r  clk_in1_p (IN)
                         net (fo=0)                   0.000     0.000    u_clk_gen/inst/clk_in1_p
    R4                   IBUFDS (Prop_ibufds_I_O)     0.851     0.851 r  u_clk_gen/inst/clkin1_ibufgds/O
                         net (fo=1, routed)           1.065     1.916    u_clk_gen/inst/clk_in1_clk_gen
    MMCME2_ADV_X1Y1      MMCME2_ADV (Prop_mmcme2_adv_CLKIN1_CLKOUT1)
                                                     -5.972    -4.056 r  u_clk_gen/inst/mmcm_adv_inst/CLKOUT1
                         net (fo=1, routed)           1.449    -2.608    u_clk_gen/inst/clk_125_clk_gen
    BUFGCTRL_X0Y0        BUFG (Prop_bufg_I_O)         0.081    -2.527 r  u_clk_gen/inst/clkout2_buf/O
                         net (fo=5509, routed)        1.520    -1.007    u_vio_tx_gmii/inst/PROBE_OUT_ALL_INST/G_PROBE_OUT[0].PROBE_OUT0_INST/clk
    SLICE_X13Y173        FDRE                                         r  u_vio_tx_gmii/inst/PROBE_OUT_ALL_INST/G_PROBE_OUT[0].PROBE_OUT0_INST/Probe_out_reg[0]/C
  -------------------------------------------------------------------    -------------------
    SLICE_X13Y173        FDRE (Prop_fdre_C_Q)         0.379    -0.628 f  u_vio_tx_gmii/inst/PROBE_OUT_ALL_INST/G_PROBE_OUT[0].PROBE_OUT0_INST/Probe_out_reg[0]/Q
                         net (fo=21, routed)          0.694     0.066    u_gmii_inst/rst
    SLICE_X8Y170         LUT2 (Prop_lut2_I1_O)        0.105     0.171 r  u_gmii_inst/frame_mem[8][7]_i_1/O
                         net (fo=144, routed)         0.793     0.964    u_gmii_inst/frame_mem[8][7]_i_1_n_0
    SLICE_X12Y178        FDRE                                         r  u_gmii_inst/frame_mem_reg[20][2]/CE
  -------------------------------------------------------------------    -------------------

                         (clock clk_125_clk_gen fall edge)
                                                      4.000     4.000 f  
    R4                                                0.000     4.000 f  clk_in1_p (IN)
                         net (fo=0)                   0.000     4.000    u_clk_gen/inst/clk_in1_p
    R4                   IBUFDS (Prop_ibufds_I_O)     0.813     4.813 f  u_clk_gen/inst/clkin1_ibufgds/O
                         net (fo=1, routed)           1.004     5.817    u_clk_gen/inst/clk_in1_clk_gen
    MMCME2_ADV_X1Y1      MMCME2_ADV (Prop_mmcme2_adv_CLKIN1_CLKOUT1)
                                                     -6.107    -0.291 f  u_clk_gen/inst/mmcm_adv_inst/CLKOUT1
                         net (fo=1, routed)           1.381     1.091    u_clk_gen/inst/clk_125_clk_gen
    BUFGCTRL_X0Y0        BUFG (Prop_bufg_I_O)         0.077     1.168 f  u_clk_gen/inst/clkout2_buf/O
                         net (fo=5509, routed)        1.407     2.575    u_gmii_inst/clk
    SLICE_X12Y178        FDRE                                         r  u_gmii_inst/frame_mem_reg[20][2]/C  (IS_INVERTED)
                         clock pessimism              0.380     2.954    
                         clock uncertainty           -0.064     2.890    
    SLICE_X12Y178        FDRE (Setup_fdre_C_CE)      -0.132     2.758    u_gmii_inst/frame_mem_reg[20][2]
  -------------------------------------------------------------------
                         required time                          2.758    
                         arrival time                          -0.964    
  -------------------------------------------------------------------
                         slack                                  1.794    

Slack (MET) :             1.794ns  (required time - arrival time)
  Source:                 u_vio_tx_gmii/inst/PROBE_OUT_ALL_INST/G_PROBE_OUT[0].PROBE_OUT0_INST/Probe_out_reg[0]/C
                            (rising edge-triggered cell FDRE clocked by clk_125_clk_gen  {rise@0.000ns fall@4.000ns period=8.000ns})
  Destination:            u_gmii_inst/frame_mem_reg[21][2]/CE
                            (falling edge-triggered cell FDRE clocked by clk_125_clk_gen  {rise@0.000ns fall@4.000ns period=8.000ns})
  Path Group:             clk_125_clk_gen
  Path Type:              Setup (Max at Slow Process Corner)
  Requirement:            4.000ns  (clk_125_clk_gen fall@4.000ns - clk_125_clk_gen rise@0.000ns)
  Data Path Delay:        1.971ns  (logic 0.484ns (24.558%)  route 1.487ns (75.442%))
  Logic Levels:           1  (LUT2=1)
  Clock Path Skew:        -0.039ns (DCD - SCD + CPR)
    Destination Clock Delay (DCD):    -1.425ns = ( 2.575 - 4.000 ) 
    Source Clock Delay      (SCD):    -1.007ns
    Clock Pessimism Removal (CPR):    0.380ns
  Clock Uncertainty:      0.064ns  ((TSJ^2 + DJ^2)^1/2) / 2 + PE
    Total System Jitter     (TSJ):    0.071ns
    Discrete Jitter          (DJ):    0.108ns
    Phase Error              (PE):    0.000ns

    Location             Delay type                Incr(ns)  Path(ns)    Netlist Resource(s)
  -------------------------------------------------------------------    -------------------
                         (clock clk_125_clk_gen rise edge)
                                                      0.000     0.000 r  
    R4                                                0.000     0.000 r  clk_in1_p (IN)
                         net (fo=0)                   0.000     0.000    u_clk_gen/inst/clk_in1_p
    R4                   IBUFDS (Prop_ibufds_I_O)     0.851     0.851 r  u_clk_gen/inst/clkin1_ibufgds/O
                         net (fo=1, routed)           1.065     1.916    u_clk_gen/inst/clk_in1_clk_gen
    MMCME2_ADV_X1Y1      MMCME2_ADV (Prop_mmcme2_adv_CLKIN1_CLKOUT1)
                                                     -5.972    -4.056 r  u_clk_gen/inst/mmcm_adv_inst/CLKOUT1
                         net (fo=1, routed)           1.449    -2.608    u_clk_gen/inst/clk_125_clk_gen
    BUFGCTRL_X0Y0        BUFG (Prop_bufg_I_O)         0.081    -2.527 r  u_clk_gen/inst/clkout2_buf/O
                         net (fo=5509, routed)        1.520    -1.007    u_vio_tx_gmii/inst/PROBE_OUT_ALL_INST/G_PROBE_OUT[0].PROBE_OUT0_INST/clk
    SLICE_X13Y173        FDRE                                         r  u_vio_tx_gmii/inst/PROBE_OUT_ALL_INST/G_PROBE_OUT[0].PROBE_OUT0_INST/Probe_out_reg[0]/C
  -------------------------------------------------------------------    -------------------
    SLICE_X13Y173        FDRE (Prop_fdre_C_Q)         0.379    -0.628 f  u_vio_tx_gmii/inst/PROBE_OUT_ALL_INST/G_PROBE_OUT[0].PROBE_OUT0_INST/Probe_out_reg[0]/Q
                         net (fo=21, routed)          0.694     0.066    u_gmii_inst/rst
    SLICE_X8Y170         LUT2 (Prop_lut2_I1_O)        0.105     0.171 r  u_gmii_inst/frame_mem[8][7]_i_1/O
                         net (fo=144, routed)         0.793     0.964    u_gmii_inst/frame_mem[8][7]_i_1_n_0
    SLICE_X12Y178        FDRE                                         r  u_gmii_inst/frame_mem_reg[21][2]/CE
  -------------------------------------------------------------------    -------------------

                         (clock clk_125_clk_gen fall edge)
                                                      4.000     4.000 f  
    R4                                                0.000     4.000 f  clk_in1_p (IN)
                         net (fo=0)                   0.000     4.000    u_clk_gen/inst/clk_in1_p
    R4                   IBUFDS (Prop_ibufds_I_O)     0.813     4.813 f  u_clk_gen/inst/clkin1_ibufgds/O
                         net (fo=1, routed)           1.004     5.817    u_clk_gen/inst/clk_in1_clk_gen
    MMCME2_ADV_X1Y1      MMCME2_ADV (Prop_mmcme2_adv_CLKIN1_CLKOUT1)
                                                     -6.107    -0.291 f  u_clk_gen/inst/mmcm_adv_inst/CLKOUT1
                         net (fo=1, routed)           1.381     1.091    u_clk_gen/inst/clk_125_clk_gen
    BUFGCTRL_X0Y0        BUFG (Prop_bufg_I_O)         0.077     1.168 f  u_clk_gen/inst/clkout2_buf/O
                         net (fo=5509, routed)        1.407     2.575    u_gmii_inst/clk
    SLICE_X12Y178        FDRE                                         r  u_gmii_inst/frame_mem_reg[21][2]/C  (IS_INVERTED)
                         clock pessimism              0.380     2.954    
                         clock uncertainty           -0.064     2.890    
    SLICE_X12Y178        FDRE (Setup_fdre_C_CE)      -0.132     2.758    u_gmii_inst/frame_mem_reg[21][2]
  -------------------------------------------------------------------
                         required time                          2.758    
                         arrival time                          -0.964    
  -------------------------------------------------------------------
                         slack                                  1.794    

Slack (MET) :             1.799ns  (required time - arrival time)
  Source:                 u_vio_tx_gmii/inst/PROBE_OUT_ALL_INST/G_PROBE_OUT[0].PROBE_OUT0_INST/Probe_out_reg[0]/C
                            (rising edge-triggered cell FDRE clocked by clk_125_clk_gen  {rise@0.000ns fall@4.000ns period=8.000ns})
  Destination:            u_gmii_inst/frame_mem_reg[20][7]/CE
                            (falling edge-triggered cell FDRE clocked by clk_125_clk_gen  {rise@0.000ns fall@4.000ns period=8.000ns})
  Path Group:             clk_125_clk_gen
  Path Type:              Setup (Max at Slow Process Corner)
  Requirement:            4.000ns  (clk_125_clk_gen fall@4.000ns - clk_125_clk_gen rise@0.000ns)
  Data Path Delay:        1.933ns  (logic 0.484ns (25.036%)  route 1.449ns (74.964%))
  Logic Levels:           1  (LUT2=1)
  Clock Path Skew:        -0.039ns (DCD - SCD + CPR)
    Destination Clock Delay (DCD):    -1.425ns = ( 2.575 - 4.000 ) 
    Source Clock Delay      (SCD):    -1.007ns
    Clock Pessimism Removal (CPR):    0.380ns
  Clock Uncertainty:      0.064ns  ((TSJ^2 + DJ^2)^1/2) / 2 + PE
    Total System Jitter     (TSJ):    0.071ns
    Discrete Jitter          (DJ):    0.108ns
    Phase Error              (PE):    0.000ns

    Location             Delay type                Incr(ns)  Path(ns)    Netlist Resource(s)
  -------------------------------------------------------------------    -------------------
                         (clock clk_125_clk_gen rise edge)
                                                      0.000     0.000 r  
    R4                                                0.000     0.000 r  clk_in1_p (IN)
                         net (fo=0)                   0.000     0.000    u_clk_gen/inst/clk_in1_p
    R4                   IBUFDS (Prop_ibufds_I_O)     0.851     0.851 r  u_clk_gen/inst/clkin1_ibufgds/O
                         net (fo=1, routed)           1.065     1.916    u_clk_gen/inst/clk_in1_clk_gen
    MMCME2_ADV_X1Y1      MMCME2_ADV (Prop_mmcme2_adv_CLKIN1_CLKOUT1)
                                                     -5.972    -4.056 r  u_clk_gen/inst/mmcm_adv_inst/CLKOUT1
                         net (fo=1, routed)           1.449    -2.608    u_clk_gen/inst/clk_125_clk_gen
    BUFGCTRL_X0Y0        BUFG (Prop_bufg_I_O)         0.081    -2.527 r  u_clk_gen/inst/clkout2_buf/O
                         net (fo=5509, routed)        1.520    -1.007    u_vio_tx_gmii/inst/PROBE_OUT_ALL_INST/G_PROBE_OUT[0].PROBE_OUT0_INST/clk
    SLICE_X13Y173        FDRE                                         r  u_vio_tx_gmii/inst/PROBE_OUT_ALL_INST/G_PROBE_OUT[0].PROBE_OUT0_INST/Probe_out_reg[0]/C
  -------------------------------------------------------------------    -------------------
    SLICE_X13Y173        FDRE (Prop_fdre_C_Q)         0.379    -0.628 f  u_vio_tx_gmii/inst/PROBE_OUT_ALL_INST/G_PROBE_OUT[0].PROBE_OUT0_INST/Probe_out_reg[0]/Q
                         net (fo=21, routed)          0.694     0.066    u_gmii_inst/rst
    SLICE_X8Y170         LUT2 (Prop_lut2_I1_O)        0.105     0.171 r  u_gmii_inst/frame_mem[8][7]_i_1/O
                         net (fo=144, routed)         0.756     0.927    u_gmii_inst/frame_mem[8][7]_i_1_n_0
    SLICE_X18Y172        FDRE                                         r  u_gmii_inst/frame_mem_reg[20][7]/CE
  -------------------------------------------------------------------    -------------------

                         (clock clk_125_clk_gen fall edge)
                                                      4.000     4.000 f  
    R4                                                0.000     4.000 f  clk_in1_p (IN)
                         net (fo=0)                   0.000     4.000    u_clk_gen/inst/clk_in1_p
    R4                   IBUFDS (Prop_ibufds_I_O)     0.813     4.813 f  u_clk_gen/inst/clkin1_ibufgds/O
                         net (fo=1, routed)           1.004     5.817    u_clk_gen/inst/clk_in1_clk_gen
    MMCME2_ADV_X1Y1      MMCME2_ADV (Prop_mmcme2_adv_CLKIN1_CLKOUT1)
                                                     -6.107    -0.291 f  u_clk_gen/inst/mmcm_adv_inst/CLKOUT1
                         net (fo=1, routed)           1.381     1.091    u_clk_gen/inst/clk_125_clk_gen
    BUFGCTRL_X0Y0        BUFG (Prop_bufg_I_O)         0.077     1.168 f  u_clk_gen/inst/clkout2_buf/O
                         net (fo=5509, routed)        1.407     2.575    u_gmii_inst/clk
    SLICE_X18Y172        FDRE                                         r  u_gmii_inst/frame_mem_reg[20][7]/C  (IS_INVERTED)
                         clock pessimism              0.380     2.954    
                         clock uncertainty           -0.064     2.890    
    SLICE_X18Y172        FDRE (Setup_fdre_C_CE)      -0.164     2.726    u_gmii_inst/frame_mem_reg[20][7]
  -------------------------------------------------------------------
                         required time                          2.726    
                         arrival time                          -0.927    
  -------------------------------------------------------------------
                         slack                                  1.799    

Slack (MET) :             1.799ns  (required time - arrival time)
  Source:                 u_vio_tx_gmii/inst/PROBE_OUT_ALL_INST/G_PROBE_OUT[0].PROBE_OUT0_INST/Probe_out_reg[0]/C
                            (rising edge-triggered cell FDRE clocked by clk_125_clk_gen  {rise@0.000ns fall@4.000ns period=8.000ns})
  Destination:            u_gmii_inst/frame_mem_reg[68][5]/CE
                            (falling edge-triggered cell FDRE clocked by clk_125_clk_gen  {rise@0.000ns fall@4.000ns period=8.000ns})
  Path Group:             clk_125_clk_gen
  Path Type:              Setup (Max at Slow Process Corner)
  Requirement:            4.000ns  (clk_125_clk_gen fall@4.000ns - clk_125_clk_gen rise@0.000ns)
  Data Path Delay:        1.933ns  (logic 0.484ns (25.036%)  route 1.449ns (74.964%))
  Logic Levels:           1  (LUT2=1)
  Clock Path Skew:        -0.039ns (DCD - SCD + CPR)
    Destination Clock Delay (DCD):    -1.425ns = ( 2.575 - 4.000 ) 
    Source Clock Delay      (SCD):    -1.007ns
    Clock Pessimism Removal (CPR):    0.380ns
  Clock Uncertainty:      0.064ns  ((TSJ^2 + DJ^2)^1/2) / 2 + PE
    Total System Jitter     (TSJ):    0.071ns
    Discrete Jitter          (DJ):    0.108ns
    Phase Error              (PE):    0.000ns

    Location             Delay type                Incr(ns)  Path(ns)    Netlist Resource(s)
  -------------------------------------------------------------------    -------------------
                         (clock clk_125_clk_gen rise edge)
                                                      0.000     0.000 r  
    R4                                                0.000     0.000 r  clk_in1_p (IN)
                         net (fo=0)                   0.000     0.000    u_clk_gen/inst/clk_in1_p
    R4                   IBUFDS (Prop_ibufds_I_O)     0.851     0.851 r  u_clk_gen/inst/clkin1_ibufgds/O
                         net (fo=1, routed)           1.065     1.916    u_clk_gen/inst/clk_in1_clk_gen
    MMCME2_ADV_X1Y1      MMCME2_ADV (Prop_mmcme2_adv_CLKIN1_CLKOUT1)
                                                     -5.972    -4.056 r  u_clk_gen/inst/mmcm_adv_inst/CLKOUT1
                         net (fo=1, routed)           1.449    -2.608    u_clk_gen/inst/clk_125_clk_gen
    BUFGCTRL_X0Y0        BUFG (Prop_bufg_I_O)         0.081    -2.527 r  u_clk_gen/inst/clkout2_buf/O
                         net (fo=5509, routed)        1.520    -1.007    u_vio_tx_gmii/inst/PROBE_OUT_ALL_INST/G_PROBE_OUT[0].PROBE_OUT0_INST/clk
    SLICE_X13Y173        FDRE                                         r  u_vio_tx_gmii/inst/PROBE_OUT_ALL_INST/G_PROBE_OUT[0].PROBE_OUT0_INST/Probe_out_reg[0]/C
  -------------------------------------------------------------------    -------------------
    SLICE_X13Y173        FDRE (Prop_fdre_C_Q)         0.379    -0.628 f  u_vio_tx_gmii/inst/PROBE_OUT_ALL_INST/G_PROBE_OUT[0].PROBE_OUT0_INST/Probe_out_reg[0]/Q
                         net (fo=21, routed)          0.694     0.066    u_gmii_inst/rst
    SLICE_X8Y170         LUT2 (Prop_lut2_I1_O)        0.105     0.171 r  u_gmii_inst/frame_mem[8][7]_i_1/O
                         net (fo=144, routed)         0.756     0.927    u_gmii_inst/frame_mem[8][7]_i_1_n_0
    SLICE_X18Y172        FDRE                                         r  u_gmii_inst/frame_mem_reg[68][5]/CE
  -------------------------------------------------------------------    -------------------

                         (clock clk_125_clk_gen fall edge)
                                                      4.000     4.000 f  
    R4                                                0.000     4.000 f  clk_in1_p (IN)
                         net (fo=0)                   0.000     4.000    u_clk_gen/inst/clk_in1_p
    R4                   IBUFDS (Prop_ibufds_I_O)     0.813     4.813 f  u_clk_gen/inst/clkin1_ibufgds/O
                         net (fo=1, routed)           1.004     5.817    u_clk_gen/inst/clk_in1_clk_gen
    MMCME2_ADV_X1Y1      MMCME2_ADV (Prop_mmcme2_adv_CLKIN1_CLKOUT1)
                                                     -6.107    -0.291 f  u_clk_gen/inst/mmcm_adv_inst/CLKOUT1
                         net (fo=1, routed)           1.381     1.091    u_clk_gen/inst/clk_125_clk_gen
    BUFGCTRL_X0Y0        BUFG (Prop_bufg_I_O)         0.077     1.168 f  u_clk_gen/inst/clkout2_buf/O
                         net (fo=5509, routed)        1.407     2.575    u_gmii_inst/clk
    SLICE_X18Y172        FDRE                                         r  u_gmii_inst/frame_mem_reg[68][5]/C  (IS_INVERTED)
                         clock pessimism              0.380     2.954    
                         clock uncertainty           -0.064     2.890    
    SLICE_X18Y172        FDRE (Setup_fdre_C_CE)      -0.164     2.726    u_gmii_inst/frame_mem_reg[68][5]
  -------------------------------------------------------------------
                         required time                          2.726    
                         arrival time                          -0.927    
  -------------------------------------------------------------------
                         slack                                  1.799    

Slack (MET) :             1.799ns  (required time - arrival time)
  Source:                 u_vio_tx_gmii/inst/PROBE_OUT_ALL_INST/G_PROBE_OUT[0].PROBE_OUT0_INST/Probe_out_reg[0]/C
                            (rising edge-triggered cell FDRE clocked by clk_125_clk_gen  {rise@0.000ns fall@4.000ns period=8.000ns})
  Destination:            u_gmii_inst/frame_mem_reg[69][5]/CE
                            (falling edge-triggered cell FDRE clocked by clk_125_clk_gen  {rise@0.000ns fall@4.000ns period=8.000ns})
  Path Group:             clk_125_clk_gen
  Path Type:              Setup (Max at Slow Process Corner)
  Requirement:            4.000ns  (clk_125_clk_gen fall@4.000ns - clk_125_clk_gen rise@0.000ns)
  Data Path Delay:        1.933ns  (logic 0.484ns (25.036%)  route 1.449ns (74.964%))
  Logic Levels:           1  (LUT2=1)
  Clock Path Skew:        -0.039ns (DCD - SCD + CPR)
    Destination Clock Delay (DCD):    -1.425ns = ( 2.575 - 4.000 ) 
    Source Clock Delay      (SCD):    -1.007ns
    Clock Pessimism Removal (CPR):    0.380ns
  Clock Uncertainty:      0.064ns  ((TSJ^2 + DJ^2)^1/2) / 2 + PE
    Total System Jitter     (TSJ):    0.071ns
    Discrete Jitter          (DJ):    0.108ns
    Phase Error              (PE):    0.000ns

    Location             Delay type                Incr(ns)  Path(ns)    Netlist Resource(s)
  -------------------------------------------------------------------    -------------------
                         (clock clk_125_clk_gen rise edge)
                                                      0.000     0.000 r  
    R4                                                0.000     0.000 r  clk_in1_p (IN)
                         net (fo=0)                   0.000     0.000    u_clk_gen/inst/clk_in1_p
    R4                   IBUFDS (Prop_ibufds_I_O)     0.851     0.851 r  u_clk_gen/inst/clkin1_ibufgds/O
                         net (fo=1, routed)           1.065     1.916    u_clk_gen/inst/clk_in1_clk_gen
    MMCME2_ADV_X1Y1      MMCME2_ADV (Prop_mmcme2_adv_CLKIN1_CLKOUT1)
                                                     -5.972    -4.056 r  u_clk_gen/inst/mmcm_adv_inst/CLKOUT1
                         net (fo=1, routed)           1.449    -2.608    u_clk_gen/inst/clk_125_clk_gen
    BUFGCTRL_X0Y0        BUFG (Prop_bufg_I_O)         0.081    -2.527 r  u_clk_gen/inst/clkout2_buf/O
                         net (fo=5509, routed)        1.520    -1.007    u_vio_tx_gmii/inst/PROBE_OUT_ALL_INST/G_PROBE_OUT[0].PROBE_OUT0_INST/clk
    SLICE_X13Y173        FDRE                                         r  u_vio_tx_gmii/inst/PROBE_OUT_ALL_INST/G_PROBE_OUT[0].PROBE_OUT0_INST/Probe_out_reg[0]/C
  -------------------------------------------------------------------    -------------------
    SLICE_X13Y173        FDRE (Prop_fdre_C_Q)         0.379    -0.628 f  u_vio_tx_gmii/inst/PROBE_OUT_ALL_INST/G_PROBE_OUT[0].PROBE_OUT0_INST/Probe_out_reg[0]/Q
                         net (fo=21, routed)          0.694     0.066    u_gmii_inst/rst
    SLICE_X8Y170         LUT2 (Prop_lut2_I1_O)        0.105     0.171 r  u_gmii_inst/frame_mem[8][7]_i_1/O
                         net (fo=144, routed)         0.756     0.927    u_gmii_inst/frame_mem[8][7]_i_1_n_0
    SLICE_X18Y172        FDRE                                         r  u_gmii_inst/frame_mem_reg[69][5]/CE
  -------------------------------------------------------------------    -------------------

                         (clock clk_125_clk_gen fall edge)
                                                      4.000     4.000 f  
    R4                                                0.000     4.000 f  clk_in1_p (IN)
                         net (fo=0)                   0.000     4.000    u_clk_gen/inst/clk_in1_p
    R4                   IBUFDS (Prop_ibufds_I_O)     0.813     4.813 f  u_clk_gen/inst/clkin1_ibufgds/O
                         net (fo=1, routed)           1.004     5.817    u_clk_gen/inst/clk_in1_clk_gen
    MMCME2_ADV_X1Y1      MMCME2_ADV (Prop_mmcme2_adv_CLKIN1_CLKOUT1)
                                                     -6.107    -0.291 f  u_clk_gen/inst/mmcm_adv_inst/CLKOUT1
                         net (fo=1, routed)           1.381     1.091    u_clk_gen/inst/clk_125_clk_gen
    BUFGCTRL_X0Y0        BUFG (Prop_bufg_I_O)         0.077     1.168 f  u_clk_gen/inst/clkout2_buf/O
                         net (fo=5509, routed)        1.407     2.575    u_gmii_inst/clk
    SLICE_X18Y172        FDRE                                         r  u_gmii_inst/frame_mem_reg[69][5]/C  (IS_INVERTED)
                         clock pessimism              0.380     2.954    
                         clock uncertainty           -0.064     2.890    
    SLICE_X18Y172        FDRE (Setup_fdre_C_CE)      -0.164     2.726    u_gmii_inst/frame_mem_reg[69][5]
  -------------------------------------------------------------------
                         required time                          2.726    
                         arrival time                          -0.927    
  -------------------------------------------------------------------
                         slack                                  1.799    

Slack (MET) :             1.799ns  (required time - arrival time)
  Source:                 u_vio_tx_gmii/inst/PROBE_OUT_ALL_INST/G_PROBE_OUT[0].PROBE_OUT0_INST/Probe_out_reg[0]/C
                            (rising edge-triggered cell FDRE clocked by clk_125_clk_gen  {rise@0.000ns fall@4.000ns period=8.000ns})
  Destination:            u_gmii_inst/frame_mem_reg[70][5]/CE
                            (falling edge-triggered cell FDRE clocked by clk_125_clk_gen  {rise@0.000ns fall@4.000ns period=8.000ns})
  Path Group:             clk_125_clk_gen
  Path Type:              Setup (Max at Slow Process Corner)
  Requirement:            4.000ns  (clk_125_clk_gen fall@4.000ns - clk_125_clk_gen rise@0.000ns)
  Data Path Delay:        1.933ns  (logic 0.484ns (25.036%)  route 1.449ns (74.964%))
  Logic Levels:           1  (LUT2=1)
  Clock Path Skew:        -0.039ns (DCD - SCD + CPR)
    Destination Clock Delay (DCD):    -1.425ns = ( 2.575 - 4.000 ) 
    Source Clock Delay      (SCD):    -1.007ns
    Clock Pessimism Removal (CPR):    0.380ns
  Clock Uncertainty:      0.064ns  ((TSJ^2 + DJ^2)^1/2) / 2 + PE
    Total System Jitter     (TSJ):    0.071ns
    Discrete Jitter          (DJ):    0.108ns
    Phase Error              (PE):    0.000ns

    Location             Delay type                Incr(ns)  Path(ns)    Netlist Resource(s)
  -------------------------------------------------------------------    -------------------
                         (clock clk_125_clk_gen rise edge)
                                                      0.000     0.000 r  
    R4                                                0.000     0.000 r  clk_in1_p (IN)
                         net (fo=0)                   0.000     0.000    u_clk_gen/inst/clk_in1_p
    R4                   IBUFDS (Prop_ibufds_I_O)     0.851     0.851 r  u_clk_gen/inst/clkin1_ibufgds/O
                         net (fo=1, routed)           1.065     1.916    u_clk_gen/inst/clk_in1_clk_gen
    MMCME2_ADV_X1Y1      MMCME2_ADV (Prop_mmcme2_adv_CLKIN1_CLKOUT1)
                                                     -5.972    -4.056 r  u_clk_gen/inst/mmcm_adv_inst/CLKOUT1
                         net (fo=1, routed)           1.449    -2.608    u_clk_gen/inst/clk_125_clk_gen
    BUFGCTRL_X0Y0        BUFG (Prop_bufg_I_O)         0.081    -2.527 r  u_clk_gen/inst/clkout2_buf/O
                         net (fo=5509, routed)        1.520    -1.007    u_vio_tx_gmii/inst/PROBE_OUT_ALL_INST/G_PROBE_OUT[0].PROBE_OUT0_INST/clk
    SLICE_X13Y173        FDRE                                         r  u_vio_tx_gmii/inst/PROBE_OUT_ALL_INST/G_PROBE_OUT[0].PROBE_OUT0_INST/Probe_out_reg[0]/C
  -------------------------------------------------------------------    -------------------
    SLICE_X13Y173        FDRE (Prop_fdre_C_Q)         0.379    -0.628 f  u_vio_tx_gmii/inst/PROBE_OUT_ALL_INST/G_PROBE_OUT[0].PROBE_OUT0_INST/Probe_out_reg[0]/Q
                         net (fo=21, routed)          0.694     0.066    u_gmii_inst/rst
    SLICE_X8Y170         LUT2 (Prop_lut2_I1_O)        0.105     0.171 r  u_gmii_inst/frame_mem[8][7]_i_1/O
                         net (fo=144, routed)         0.756     0.927    u_gmii_inst/frame_mem[8][7]_i_1_n_0
    SLICE_X18Y172        FDRE                                         r  u_gmii_inst/frame_mem_reg[70][5]/CE
  -------------------------------------------------------------------    -------------------

                         (clock clk_125_clk_gen fall edge)
                                                      4.000     4.000 f  
    R4                                                0.000     4.000 f  clk_in1_p (IN)
                         net (fo=0)                   0.000     4.000    u_clk_gen/inst/clk_in1_p
    R4                   IBUFDS (Prop_ibufds_I_O)     0.813     4.813 f  u_clk_gen/inst/clkin1_ibufgds/O
                         net (fo=1, routed)           1.004     5.817    u_clk_gen/inst/clk_in1_clk_gen
    MMCME2_ADV_X1Y1      MMCME2_ADV (Prop_mmcme2_adv_CLKIN1_CLKOUT1)
                                                     -6.107    -0.291 f  u_clk_gen/inst/mmcm_adv_inst/CLKOUT1
                         net (fo=1, routed)           1.381     1.091    u_clk_gen/inst/clk_125_clk_gen
    BUFGCTRL_X0Y0        BUFG (Prop_bufg_I_O)         0.077     1.168 f  u_clk_gen/inst/clkout2_buf/O
                         net (fo=5509, routed)        1.407     2.575    u_gmii_inst/clk
    SLICE_X18Y172        FDRE                                         r  u_gmii_inst/frame_mem_reg[70][5]/C  (IS_INVERTED)
                         clock pessimism              0.380     2.954    
                         clock uncertainty           -0.064     2.890    
    SLICE_X18Y172        FDRE (Setup_fdre_C_CE)      -0.164     2.726    u_gmii_inst/frame_mem_reg[70][5]
  -------------------------------------------------------------------
                         required time                          2.726    
                         arrival time                          -0.927    
  -------------------------------------------------------------------
                         slack                                  1.799    

Slack (MET) :             1.799ns  (required time - arrival time)
  Source:                 u_vio_tx_gmii/inst/PROBE_OUT_ALL_INST/G_PROBE_OUT[0].PROBE_OUT0_INST/Probe_out_reg[0]/C
                            (rising edge-triggered cell FDRE clocked by clk_125_clk_gen  {rise@0.000ns fall@4.000ns period=8.000ns})
  Destination:            u_gmii_inst/frame_mem_reg[71][5]/CE
                            (falling edge-triggered cell FDRE clocked by clk_125_clk_gen  {rise@0.000ns fall@4.000ns period=8.000ns})
  Path Group:             clk_125_clk_gen
  Path Type:              Setup (Max at Slow Process Corner)
  Requirement:            4.000ns  (clk_125_clk_gen fall@4.000ns - clk_125_clk_gen rise@0.000ns)
  Data Path Delay:        1.933ns  (logic 0.484ns (25.036%)  route 1.449ns (74.964%))
  Logic Levels:           1  (LUT2=1)
  Clock Path Skew:        -0.039ns (DCD - SCD + CPR)
    Destination Clock Delay (DCD):    -1.425ns = ( 2.575 - 4.000 ) 
    Source Clock Delay      (SCD):    -1.007ns
    Clock Pessimism Removal (CPR):    0.380ns
  Clock Uncertainty:      0.064ns  ((TSJ^2 + DJ^2)^1/2) / 2 + PE
    Total System Jitter     (TSJ):    0.071ns
    Discrete Jitter          (DJ):    0.108ns
    Phase Error              (PE):    0.000ns

    Location             Delay type                Incr(ns)  Path(ns)    Netlist Resource(s)
  -------------------------------------------------------------------    -------------------
                         (clock clk_125_clk_gen rise edge)
                                                      0.000     0.000 r  
    R4                                                0.000     0.000 r  clk_in1_p (IN)
                         net (fo=0)                   0.000     0.000    u_clk_gen/inst/clk_in1_p
    R4                   IBUFDS (Prop_ibufds_I_O)     0.851     0.851 r  u_clk_gen/inst/clkin1_ibufgds/O
                         net (fo=1, routed)           1.065     1.916    u_clk_gen/inst/clk_in1_clk_gen
    MMCME2_ADV_X1Y1      MMCME2_ADV (Prop_mmcme2_adv_CLKIN1_CLKOUT1)
                                                     -5.972    -4.056 r  u_clk_gen/inst/mmcm_adv_inst/CLKOUT1
                         net (fo=1, routed)           1.449    -2.608    u_clk_gen/inst/clk_125_clk_gen
    BUFGCTRL_X0Y0        BUFG (Prop_bufg_I_O)         0.081    -2.527 r  u_clk_gen/inst/clkout2_buf/O
                         net (fo=5509, routed)        1.520    -1.007    u_vio_tx_gmii/inst/PROBE_OUT_ALL_INST/G_PROBE_OUT[0].PROBE_OUT0_INST/clk
    SLICE_X13Y173        FDRE                                         r  u_vio_tx_gmii/inst/PROBE_OUT_ALL_INST/G_PROBE_OUT[0].PROBE_OUT0_INST/Probe_out_reg[0]/C
  -------------------------------------------------------------------    -------------------
    SLICE_X13Y173        FDRE (Prop_fdre_C_Q)         0.379    -0.628 f  u_vio_tx_gmii/inst/PROBE_OUT_ALL_INST/G_PROBE_OUT[0].PROBE_OUT0_INST/Probe_out_reg[0]/Q
                         net (fo=21, routed)          0.694     0.066    u_gmii_inst/rst
    SLICE_X8Y170         LUT2 (Prop_lut2_I1_O)        0.105     0.171 r  u_gmii_inst/frame_mem[8][7]_i_1/O
                         net (fo=144, routed)         0.756     0.927    u_gmii_inst/frame_mem[8][7]_i_1_n_0
    SLICE_X18Y172        FDRE                                         r  u_gmii_inst/frame_mem_reg[71][5]/CE
  -------------------------------------------------------------------    -------------------

                         (clock clk_125_clk_gen fall edge)
                                                      4.000     4.000 f  
    R4                                                0.000     4.000 f  clk_in1_p (IN)
                         net (fo=0)                   0.000     4.000    u_clk_gen/inst/clk_in1_p
    R4                   IBUFDS (Prop_ibufds_I_O)     0.813     4.813 f  u_clk_gen/inst/clkin1_ibufgds/O
                         net (fo=1, routed)           1.004     5.817    u_clk_gen/inst/clk_in1_clk_gen
    MMCME2_ADV_X1Y1      MMCME2_ADV (Prop_mmcme2_adv_CLKIN1_CLKOUT1)
                                                     -6.107    -0.291 f  u_clk_gen/inst/mmcm_adv_inst/CLKOUT1
                         net (fo=1, routed)           1.381     1.091    u_clk_gen/inst/clk_125_clk_gen
    BUFGCTRL_X0Y0        BUFG (Prop_bufg_I_O)         0.077     1.168 f  u_clk_gen/inst/clkout2_buf/O
                         net (fo=5509, routed)        1.407     2.575    u_gmii_inst/clk
    SLICE_X18Y172        FDRE                                         r  u_gmii_inst/frame_mem_reg[71][5]/C  (IS_INVERTED)
                         clock pessimism              0.380     2.954    
                         clock uncertainty           -0.064     2.890    
    SLICE_X18Y172        FDRE (Setup_fdre_C_CE)      -0.164     2.726    u_gmii_inst/frame_mem_reg[71][5]
  -------------------------------------------------------------------
                         required time                          2.726    
                         arrival time                          -0.927    
  -------------------------------------------------------------------
                         slack                                  1.799    

Slack (MET) :             1.803ns  (required time - arrival time)
  Source:                 u_vio_tx_gmii/inst/PROBE_OUT_ALL_INST/G_PROBE_OUT[0].PROBE_OUT0_INST/Probe_out_reg[0]/C
                            (rising edge-triggered cell FDRE clocked by clk_125_clk_gen  {rise@0.000ns fall@4.000ns period=8.000ns})
  Destination:            u_gmii_inst/frame_mem_reg[68][6]/CE
                            (falling edge-triggered cell FDRE clocked by clk_125_clk_gen  {rise@0.000ns fall@4.000ns period=8.000ns})
  Path Group:             clk_125_clk_gen
  Path Type:              Setup (Max at Slow Process Corner)
  Requirement:            4.000ns  (clk_125_clk_gen fall@4.000ns - clk_125_clk_gen rise@0.000ns)
  Data Path Delay:        1.930ns  (logic 0.484ns (25.082%)  route 1.446ns (74.918%))
  Logic Levels:           1  (LUT2=1)
  Clock Path Skew:        -0.039ns (DCD - SCD + CPR)
    Destination Clock Delay (DCD):    -1.425ns = ( 2.575 - 4.000 ) 
    Source Clock Delay      (SCD):    -1.007ns
    Clock Pessimism Removal (CPR):    0.380ns
  Clock Uncertainty:      0.064ns  ((TSJ^2 + DJ^2)^1/2) / 2 + PE
    Total System Jitter     (TSJ):    0.071ns
    Discrete Jitter          (DJ):    0.108ns
    Phase Error              (PE):    0.000ns

    Location             Delay type                Incr(ns)  Path(ns)    Netlist Resource(s)
  -------------------------------------------------------------------    -------------------
                         (clock clk_125_clk_gen rise edge)
                                                      0.000     0.000 r  
    R4                                                0.000     0.000 r  clk_in1_p (IN)
                         net (fo=0)                   0.000     0.000    u_clk_gen/inst/clk_in1_p
    R4                   IBUFDS (Prop_ibufds_I_O)     0.851     0.851 r  u_clk_gen/inst/clkin1_ibufgds/O
                         net (fo=1, routed)           1.065     1.916    u_clk_gen/inst/clk_in1_clk_gen
    MMCME2_ADV_X1Y1      MMCME2_ADV (Prop_mmcme2_adv_CLKIN1_CLKOUT1)
                                                     -5.972    -4.056 r  u_clk_gen/inst/mmcm_adv_inst/CLKOUT1
                         net (fo=1, routed)           1.449    -2.608    u_clk_gen/inst/clk_125_clk_gen
    BUFGCTRL_X0Y0        BUFG (Prop_bufg_I_O)         0.081    -2.527 r  u_clk_gen/inst/clkout2_buf/O
                         net (fo=5509, routed)        1.520    -1.007    u_vio_tx_gmii/inst/PROBE_OUT_ALL_INST/G_PROBE_OUT[0].PROBE_OUT0_INST/clk
    SLICE_X13Y173        FDRE                                         r  u_vio_tx_gmii/inst/PROBE_OUT_ALL_INST/G_PROBE_OUT[0].PROBE_OUT0_INST/Probe_out_reg[0]/C
  -------------------------------------------------------------------    -------------------
    SLICE_X13Y173        FDRE (Prop_fdre_C_Q)         0.379    -0.628 f  u_vio_tx_gmii/inst/PROBE_OUT_ALL_INST/G_PROBE_OUT[0].PROBE_OUT0_INST/Probe_out_reg[0]/Q
                         net (fo=21, routed)          0.694     0.066    u_gmii_inst/rst
    SLICE_X8Y170         LUT2 (Prop_lut2_I1_O)        0.105     0.171 r  u_gmii_inst/frame_mem[8][7]_i_1/O
                         net (fo=144, routed)         0.752     0.923    u_gmii_inst/frame_mem[8][7]_i_1_n_0
    SLICE_X17Y171        FDRE                                         r  u_gmii_inst/frame_mem_reg[68][6]/CE
  -------------------------------------------------------------------    -------------------

                         (clock clk_125_clk_gen fall edge)
                                                      4.000     4.000 f  
    R4                                                0.000     4.000 f  clk_in1_p (IN)
                         net (fo=0)                   0.000     4.000    u_clk_gen/inst/clk_in1_p
    R4                   IBUFDS (Prop_ibufds_I_O)     0.813     4.813 f  u_clk_gen/inst/clkin1_ibufgds/O
                         net (fo=1, routed)           1.004     5.817    u_clk_gen/inst/clk_in1_clk_gen
    MMCME2_ADV_X1Y1      MMCME2_ADV (Prop_mmcme2_adv_CLKIN1_CLKOUT1)
                                                     -6.107    -0.291 f  u_clk_gen/inst/mmcm_adv_inst/CLKOUT1
                         net (fo=1, routed)           1.381     1.091    u_clk_gen/inst/clk_125_clk_gen
    BUFGCTRL_X0Y0        BUFG (Prop_bufg_I_O)         0.077     1.168 f  u_clk_gen/inst/clkout2_buf/O
                         net (fo=5509, routed)        1.407     2.575    u_gmii_inst/clk
    SLICE_X17Y171        FDRE                                         r  u_gmii_inst/frame_mem_reg[68][6]/C  (IS_INVERTED)
                         clock pessimism              0.380     2.954    
                         clock uncertainty           -0.064     2.890    
    SLICE_X17Y171        FDRE (Setup_fdre_C_CE)      -0.164     2.726    u_gmii_inst/frame_mem_reg[68][6]
  -------------------------------------------------------------------
                         required time                          2.726    
                         arrival time                          -0.923    
  -------------------------------------------------------------------
                         slack                                  1.803    

Slack (MET) :             1.803ns  (required time - arrival time)
  Source:                 u_vio_tx_gmii/inst/PROBE_OUT_ALL_INST/G_PROBE_OUT[0].PROBE_OUT0_INST/Probe_out_reg[0]/C
                            (rising edge-triggered cell FDRE clocked by clk_125_clk_gen  {rise@0.000ns fall@4.000ns period=8.000ns})
  Destination:            u_gmii_inst/frame_mem_reg[69][6]/CE
                            (falling edge-triggered cell FDRE clocked by clk_125_clk_gen  {rise@0.000ns fall@4.000ns period=8.000ns})
  Path Group:             clk_125_clk_gen
  Path Type:              Setup (Max at Slow Process Corner)
  Requirement:            4.000ns  (clk_125_clk_gen fall@4.000ns - clk_125_clk_gen rise@0.000ns)
  Data Path Delay:        1.930ns  (logic 0.484ns (25.082%)  route 1.446ns (74.918%))
  Logic Levels:           1  (LUT2=1)
  Clock Path Skew:        -0.039ns (DCD - SCD + CPR)
    Destination Clock Delay (DCD):    -1.425ns = ( 2.575 - 4.000 ) 
    Source Clock Delay      (SCD):    -1.007ns
    Clock Pessimism Removal (CPR):    0.380ns
  Clock Uncertainty:      0.064ns  ((TSJ^2 + DJ^2)^1/2) / 2 + PE
    Total System Jitter     (TSJ):    0.071ns
    Discrete Jitter          (DJ):    0.108ns
    Phase Error              (PE):    0.000ns

    Location             Delay type                Incr(ns)  Path(ns)    Netlist Resource(s)
  -------------------------------------------------------------------    -------------------
                         (clock clk_125_clk_gen rise edge)
                                                      0.000     0.000 r  
    R4                                                0.000     0.000 r  clk_in1_p (IN)
                         net (fo=0)                   0.000     0.000    u_clk_gen/inst/clk_in1_p
    R4                   IBUFDS (Prop_ibufds_I_O)     0.851     0.851 r  u_clk_gen/inst/clkin1_ibufgds/O
                         net (fo=1, routed)           1.065     1.916    u_clk_gen/inst/clk_in1_clk_gen
    MMCME2_ADV_X1Y1      MMCME2_ADV (Prop_mmcme2_adv_CLKIN1_CLKOUT1)
                                                     -5.972    -4.056 r  u_clk_gen/inst/mmcm_adv_inst/CLKOUT1
                         net (fo=1, routed)           1.449    -2.608    u_clk_gen/inst/clk_125_clk_gen
    BUFGCTRL_X0Y0        BUFG (Prop_bufg_I_O)         0.081    -2.527 r  u_clk_gen/inst/clkout2_buf/O
                         net (fo=5509, routed)        1.520    -1.007    u_vio_tx_gmii/inst/PROBE_OUT_ALL_INST/G_PROBE_OUT[0].PROBE_OUT0_INST/clk
    SLICE_X13Y173        FDRE                                         r  u_vio_tx_gmii/inst/PROBE_OUT_ALL_INST/G_PROBE_OUT[0].PROBE_OUT0_INST/Probe_out_reg[0]/C
  -------------------------------------------------------------------    -------------------
    SLICE_X13Y173        FDRE (Prop_fdre_C_Q)         0.379    -0.628 f  u_vio_tx_gmii/inst/PROBE_OUT_ALL_INST/G_PROBE_OUT[0].PROBE_OUT0_INST/Probe_out_reg[0]/Q
                         net (fo=21, routed)          0.694     0.066    u_gmii_inst/rst
    SLICE_X8Y170         LUT2 (Prop_lut2_I1_O)        0.105     0.171 r  u_gmii_inst/frame_mem[8][7]_i_1/O
                         net (fo=144, routed)         0.752     0.923    u_gmii_inst/frame_mem[8][7]_i_1_n_0
    SLICE_X17Y171        FDRE                                         r  u_gmii_inst/frame_mem_reg[69][6]/CE
  -------------------------------------------------------------------    -------------------

                         (clock clk_125_clk_gen fall edge)
                                                      4.000     4.000 f  
    R4                                                0.000     4.000 f  clk_in1_p (IN)
                         net (fo=0)                   0.000     4.000    u_clk_gen/inst/clk_in1_p
    R4                   IBUFDS (Prop_ibufds_I_O)     0.813     4.813 f  u_clk_gen/inst/clkin1_ibufgds/O
                         net (fo=1, routed)           1.004     5.817    u_clk_gen/inst/clk_in1_clk_gen
    MMCME2_ADV_X1Y1      MMCME2_ADV (Prop_mmcme2_adv_CLKIN1_CLKOUT1)
                                                     -6.107    -0.291 f  u_clk_gen/inst/mmcm_adv_inst/CLKOUT1
                         net (fo=1, routed)           1.381     1.091    u_clk_gen/inst/clk_125_clk_gen
    BUFGCTRL_X0Y0        BUFG (Prop_bufg_I_O)         0.077     1.168 f  u_clk_gen/inst/clkout2_buf/O
                         net (fo=5509, routed)        1.407     2.575    u_gmii_inst/clk
    SLICE_X17Y171        FDRE                                         r  u_gmii_inst/frame_mem_reg[69][6]/C  (IS_INVERTED)
                         clock pessimism              0.380     2.954    
                         clock uncertainty           -0.064     2.890    
    SLICE_X17Y171        FDRE (Setup_fdre_C_CE)      -0.164     2.726    u_gmii_inst/frame_mem_reg[69][6]
  -------------------------------------------------------------------
                         required time                          2.726    
                         arrival time                          -0.923    
  -------------------------------------------------------------------
                         slack                                  1.803    

Slack (MET) :             1.803ns  (required time - arrival time)
  Source:                 u_vio_tx_gmii/inst/PROBE_OUT_ALL_INST/G_PROBE_OUT[0].PROBE_OUT0_INST/Probe_out_reg[0]/C
                            (rising edge-triggered cell FDRE clocked by clk_125_clk_gen  {rise@0.000ns fall@4.000ns period=8.000ns})
  Destination:            u_gmii_inst/frame_mem_reg[70][6]/CE
                            (falling edge-triggered cell FDRE clocked by clk_125_clk_gen  {rise@0.000ns fall@4.000ns period=8.000ns})
  Path Group:             clk_125_clk_gen
  Path Type:              Setup (Max at Slow Process Corner)
  Requirement:            4.000ns  (clk_125_clk_gen fall@4.000ns - clk_125_clk_gen rise@0.000ns)
  Data Path Delay:        1.930ns  (logic 0.484ns (25.082%)  route 1.446ns (74.918%))
  Logic Levels:           1  (LUT2=1)
  Clock Path Skew:        -0.039ns (DCD - SCD + CPR)
    Destination Clock Delay (DCD):    -1.425ns = ( 2.575 - 4.000 ) 
    Source Clock Delay      (SCD):    -1.007ns
    Clock Pessimism Removal (CPR):    0.380ns
  Clock Uncertainty:      0.064ns  ((TSJ^2 + DJ^2)^1/2) / 2 + PE
    Total System Jitter     (TSJ):    0.071ns
    Discrete Jitter          (DJ):    0.108ns
    Phase Error              (PE):    0.000ns

    Location             Delay type                Incr(ns)  Path(ns)    Netlist Resource(s)
  -------------------------------------------------------------------    -------------------
                         (clock clk_125_clk_gen rise edge)
                                                      0.000     0.000 r  
    R4                                                0.000     0.000 r  clk_in1_p (IN)
                         net (fo=0)                   0.000     0.000    u_clk_gen/inst/clk_in1_p
    R4                   IBUFDS (Prop_ibufds_I_O)     0.851     0.851 r  u_clk_gen/inst/clkin1_ibufgds/O
                         net (fo=1, routed)           1.065     1.916    u_clk_gen/inst/clk_in1_clk_gen
    MMCME2_ADV_X1Y1      MMCME2_ADV (Prop_mmcme2_adv_CLKIN1_CLKOUT1)
                                                     -5.972    -4.056 r  u_clk_gen/inst/mmcm_adv_inst/CLKOUT1
                         net (fo=1, routed)           1.449    -2.608    u_clk_gen/inst/clk_125_clk_gen
    BUFGCTRL_X0Y0        BUFG (Prop_bufg_I_O)         0.081    -2.527 r  u_clk_gen/inst/clkout2_buf/O
                         net (fo=5509, routed)        1.520    -1.007    u_vio_tx_gmii/inst/PROBE_OUT_ALL_INST/G_PROBE_OUT[0].PROBE_OUT0_INST/clk
    SLICE_X13Y173        FDRE                                         r  u_vio_tx_gmii/inst/PROBE_OUT_ALL_INST/G_PROBE_OUT[0].PROBE_OUT0_INST/Probe_out_reg[0]/C
  -------------------------------------------------------------------    -------------------
    SLICE_X13Y173        FDRE (Prop_fdre_C_Q)         0.379    -0.628 f  u_vio_tx_gmii/inst/PROBE_OUT_ALL_INST/G_PROBE_OUT[0].PROBE_OUT0_INST/Probe_out_reg[0]/Q
                         net (fo=21, routed)          0.694     0.066    u_gmii_inst/rst
    SLICE_X8Y170         LUT2 (Prop_lut2_I1_O)        0.105     0.171 r  u_gmii_inst/frame_mem[8][7]_i_1/O
                         net (fo=144, routed)         0.752     0.923    u_gmii_inst/frame_mem[8][7]_i_1_n_0
    SLICE_X17Y171        FDRE                                         r  u_gmii_inst/frame_mem_reg[70][6]/CE
  -------------------------------------------------------------------    -------------------

                         (clock clk_125_clk_gen fall edge)
                                                      4.000     4.000 f  
    R4                                                0.000     4.000 f  clk_in1_p (IN)
                         net (fo=0)                   0.000     4.000    u_clk_gen/inst/clk_in1_p
    R4                   IBUFDS (Prop_ibufds_I_O)     0.813     4.813 f  u_clk_gen/inst/clkin1_ibufgds/O
                         net (fo=1, routed)           1.004     5.817    u_clk_gen/inst/clk_in1_clk_gen
    MMCME2_ADV_X1Y1      MMCME2_ADV (Prop_mmcme2_adv_CLKIN1_CLKOUT1)
                                                     -6.107    -0.291 f  u_clk_gen/inst/mmcm_adv_inst/CLKOUT1
                         net (fo=1, routed)           1.381     1.091    u_clk_gen/inst/clk_125_clk_gen
    BUFGCTRL_X0Y0        BUFG (Prop_bufg_I_O)         0.077     1.168 f  u_clk_gen/inst/clkout2_buf/O
                         net (fo=5509, routed)        1.407     2.575    u_gmii_inst/clk
    SLICE_X17Y171        FDRE                                         r  u_gmii_inst/frame_mem_reg[70][6]/C  (IS_INVERTED)
                         clock pessimism              0.380     2.954    
                         clock uncertainty           -0.064     2.890    
    SLICE_X17Y171        FDRE (Setup_fdre_C_CE)      -0.164     2.726    u_gmii_inst/frame_mem_reg[70][6]
  -------------------------------------------------------------------
                         required time                          2.726    
                         arrival time                          -0.923    
  -------------------------------------------------------------------
                         slack                                  1.803    

Slack (MET) :             1.803ns  (required time - arrival time)
  Source:                 u_vio_tx_gmii/inst/PROBE_OUT_ALL_INST/G_PROBE_OUT[0].PROBE_OUT0_INST/Probe_out_reg[0]/C
                            (rising edge-triggered cell FDRE clocked by clk_125_clk_gen  {rise@0.000ns fall@4.000ns period=8.000ns})
  Destination:            u_gmii_inst/frame_mem_reg[71][6]/CE
                            (falling edge-triggered cell FDRE clocked by clk_125_clk_gen  {rise@0.000ns fall@4.000ns period=8.000ns})
  Path Group:             clk_125_clk_gen
  Path Type:              Setup (Max at Slow Process Corner)
  Requirement:            4.000ns  (clk_125_clk_gen fall@4.000ns - clk_125_clk_gen rise@0.000ns)
  Data Path Delay:        1.930ns  (logic 0.484ns (25.082%)  route 1.446ns (74.918%))
  Logic Levels:           1  (LUT2=1)
  Clock Path Skew:        -0.039ns (DCD - SCD + CPR)
    Destination Clock Delay (DCD):    -1.425ns = ( 2.575 - 4.000 ) 
    Source Clock Delay      (SCD):    -1.007ns
    Clock Pessimism Removal (CPR):    0.380ns
  Clock Uncertainty:      0.064ns  ((TSJ^2 + DJ^2)^1/2) / 2 + PE
    Total System Jitter     (TSJ):    0.071ns
    Discrete Jitter          (DJ):    0.108ns
    Phase Error              (PE):    0.000ns

    Location             Delay type                Incr(ns)  Path(ns)    Netlist Resource(s)
  -------------------------------------------------------------------    -------------------
                         (clock clk_125_clk_gen rise edge)
                                                      0.000     0.000 r  
    R4                                                0.000     0.000 r  clk_in1_p (IN)
                         net (fo=0)                   0.000     0.000    u_clk_gen/inst/clk_in1_p
    R4                   IBUFDS (Prop_ibufds_I_O)     0.851     0.851 r  u_clk_gen/inst/clkin1_ibufgds/O
                         net (fo=1, routed)           1.065     1.916    u_clk_gen/inst/clk_in1_clk_gen
    MMCME2_ADV_X1Y1      MMCME2_ADV (Prop_mmcme2_adv_CLKIN1_CLKOUT1)
                                                     -5.972    -4.056 r  u_clk_gen/inst/mmcm_adv_inst/CLKOUT1
                         net (fo=1, routed)           1.449    -2.608    u_clk_gen/inst/clk_125_clk_gen
    BUFGCTRL_X0Y0        BUFG (Prop_bufg_I_O)         0.081    -2.527 r  u_clk_gen/inst/clkout2_buf/O
                         net (fo=5509, routed)        1.520    -1.007    u_vio_tx_gmii/inst/PROBE_OUT_ALL_INST/G_PROBE_OUT[0].PROBE_OUT0_INST/clk
    SLICE_X13Y173        FDRE                                         r  u_vio_tx_gmii/inst/PROBE_OUT_ALL_INST/G_PROBE_OUT[0].PROBE_OUT0_INST/Probe_out_reg[0]/C
  -------------------------------------------------------------------    -------------------
    SLICE_X13Y173        FDRE (Prop_fdre_C_Q)         0.379    -0.628 f  u_vio_tx_gmii/inst/PROBE_OUT_ALL_INST/G_PROBE_OUT[0].PROBE_OUT0_INST/Probe_out_reg[0]/Q
                         net (fo=21, routed)          0.694     0.066    u_gmii_inst/rst
    SLICE_X8Y170         LUT2 (Prop_lut2_I1_O)        0.105     0.171 r  u_gmii_inst/frame_mem[8][7]_i_1/O
                         net (fo=144, routed)         0.752     0.923    u_gmii_inst/frame_mem[8][7]_i_1_n_0
    SLICE_X17Y171        FDRE                                         r  u_gmii_inst/frame_mem_reg[71][6]/CE
  -------------------------------------------------------------------    -------------------

                         (clock clk_125_clk_gen fall edge)
                                                      4.000     4.000 f  
    R4                                                0.000     4.000 f  clk_in1_p (IN)
                         net (fo=0)                   0.000     4.000    u_clk_gen/inst/clk_in1_p
    R4                   IBUFDS (Prop_ibufds_I_O)     0.813     4.813 f  u_clk_gen/inst/clkin1_ibufgds/O
                         net (fo=1, routed)           1.004     5.817    u_clk_gen/inst/clk_in1_clk_gen
    MMCME2_ADV_X1Y1      MMCME2_ADV (Prop_mmcme2_adv_CLKIN1_CLKOUT1)
                                                     -6.107    -0.291 f  u_clk_gen/inst/mmcm_adv_inst/CLKOUT1
                         net (fo=1, routed)           1.381     1.091    u_clk_gen/inst/clk_125_clk_gen
    BUFGCTRL_X0Y0        BUFG (Prop_bufg_I_O)         0.077     1.168 f  u_clk_gen/inst/clkout2_buf/O
                         net (fo=5509, routed)        1.407     2.575    u_gmii_inst/clk
    SLICE_X17Y171        FDRE                                         r  u_gmii_inst/frame_mem_reg[71][6]/C  (IS_INVERTED)
                         clock pessimism              0.380     2.954    
                         clock uncertainty           -0.064     2.890    
    SLICE_X17Y171        FDRE (Setup_fdre_C_CE)      -0.164     2.726    u_gmii_inst/frame_mem_reg[71][6]
  -------------------------------------------------------------------
                         required time                          2.726    
                         arrival time                          -0.923    
  -------------------------------------------------------------------
                         slack                                  1.803    

Slack (MET) :             1.816ns  (required time - arrival time)
  Source:                 u_vio_tx_gmii/inst/PROBE_OUT_ALL_INST/G_PROBE_OUT[0].PROBE_OUT0_INST/Probe_out_reg[0]/C
                            (rising edge-triggered cell FDRE clocked by clk_125_clk_gen  {rise@0.000ns fall@4.000ns period=8.000ns})
  Destination:            u_gmii_inst/frame_mem_reg[11][3]/CE
                            (falling edge-triggered cell FDRE clocked by clk_125_clk_gen  {rise@0.000ns fall@4.000ns period=8.000ns})
  Path Group:             clk_125_clk_gen
  Path Type:              Setup (Max at Slow Process Corner)
  Requirement:            4.000ns  (clk_125_clk_gen fall@4.000ns - clk_125_clk_gen rise@0.000ns)
  Data Path Delay:        1.915ns  (logic 0.484ns (25.274%)  route 1.431ns (74.726%))
  Logic Levels:           1  (LUT2=1)
  Clock Path Skew:        -0.041ns (DCD - SCD + CPR)
    Destination Clock Delay (DCD):    -1.427ns = ( 2.573 - 4.000 ) 
    Source Clock Delay      (SCD):    -1.007ns
    Clock Pessimism Removal (CPR):    0.380ns
  Clock Uncertainty:      0.064ns  ((TSJ^2 + DJ^2)^1/2) / 2 + PE
    Total System Jitter     (TSJ):    0.071ns
    Discrete Jitter          (DJ):    0.108ns
    Phase Error              (PE):    0.000ns

    Location             Delay type                Incr(ns)  Path(ns)    Netlist Resource(s)
  -------------------------------------------------------------------    -------------------
                         (clock clk_125_clk_gen rise edge)
                                                      0.000     0.000 r  
    R4                                                0.000     0.000 r  clk_in1_p (IN)
                         net (fo=0)                   0.000     0.000    u_clk_gen/inst/clk_in1_p
    R4                   IBUFDS (Prop_ibufds_I_O)     0.851     0.851 r  u_clk_gen/inst/clkin1_ibufgds/O
                         net (fo=1, routed)           1.065     1.916    u_clk_gen/inst/clk_in1_clk_gen
    MMCME2_ADV_X1Y1      MMCME2_ADV (Prop_mmcme2_adv_CLKIN1_CLKOUT1)
                                                     -5.972    -4.056 r  u_clk_gen/inst/mmcm_adv_inst/CLKOUT1
                         net (fo=1, routed)           1.449    -2.608    u_clk_gen/inst/clk_125_clk_gen
    BUFGCTRL_X0Y0        BUFG (Prop_bufg_I_O)         0.081    -2.527 r  u_clk_gen/inst/clkout2_buf/O
                         net (fo=5509, routed)        1.520    -1.007    u_vio_tx_gmii/inst/PROBE_OUT_ALL_INST/G_PROBE_OUT[0].PROBE_OUT0_INST/clk
    SLICE_X13Y173        FDRE                                         r  u_vio_tx_gmii/inst/PROBE_OUT_ALL_INST/G_PROBE_OUT[0].PROBE_OUT0_INST/Probe_out_reg[0]/C
  -------------------------------------------------------------------    -------------------
    SLICE_X13Y173        FDRE (Prop_fdre_C_Q)         0.379    -0.628 f  u_vio_tx_gmii/inst/PROBE_OUT_ALL_INST/G_PROBE_OUT[0].PROBE_OUT0_INST/Probe_out_reg[0]/Q
                         net (fo=21, routed)          0.694     0.066    u_gmii_inst/rst
    SLICE_X8Y170         LUT2 (Prop_lut2_I1_O)        0.105     0.171 r  u_gmii_inst/frame_mem[8][7]_i_1/O
                         net (fo=144, routed)         0.737     0.908    u_gmii_inst/frame_mem[8][7]_i_1_n_0
    SLICE_X16Y176        FDRE                                         r  u_gmii_inst/frame_mem_reg[11][3]/CE
  -------------------------------------------------------------------    -------------------

                         (clock clk_125_clk_gen fall edge)
                                                      4.000     4.000 f  
    R4                                                0.000     4.000 f  clk_in1_p (IN)
                         net (fo=0)                   0.000     4.000    u_clk_gen/inst/clk_in1_p
    R4                   IBUFDS (Prop_ibufds_I_O)     0.813     4.813 f  u_clk_gen/inst/clkin1_ibufgds/O
                         net (fo=1, routed)           1.004     5.817    u_clk_gen/inst/clk_in1_clk_gen
    MMCME2_ADV_X1Y1      MMCME2_ADV (Prop_mmcme2_adv_CLKIN1_CLKOUT1)
                                                     -6.107    -0.291 f  u_clk_gen/inst/mmcm_adv_inst/CLKOUT1
                         net (fo=1, routed)           1.381     1.091    u_clk_gen/inst/clk_125_clk_gen
    BUFGCTRL_X0Y0        BUFG (Prop_bufg_I_O)         0.077     1.168 f  u_clk_gen/inst/clkout2_buf/O
                         net (fo=5509, routed)        1.405     2.573    u_gmii_inst/clk
    SLICE_X16Y176        FDRE                                         r  u_gmii_inst/frame_mem_reg[11][3]/C  (IS_INVERTED)
                         clock pessimism              0.380     2.952    
                         clock uncertainty           -0.064     2.888    
    SLICE_X16Y176        FDRE (Setup_fdre_C_CE)      -0.164     2.724    u_gmii_inst/frame_mem_reg[11][3]
  -------------------------------------------------------------------
                         required time                          2.724    
                         arrival time                          -0.908    
  -------------------------------------------------------------------
                         slack                                  1.816    

Slack (MET) :             1.816ns  (required time - arrival time)
  Source:                 u_vio_tx_gmii/inst/PROBE_OUT_ALL_INST/G_PROBE_OUT[0].PROBE_OUT0_INST/Probe_out_reg[0]/C
                            (rising edge-triggered cell FDRE clocked by clk_125_clk_gen  {rise@0.000ns fall@4.000ns period=8.000ns})
  Destination:            u_gmii_inst/frame_mem_reg[17][3]/CE
                            (falling edge-triggered cell FDRE clocked by clk_125_clk_gen  {rise@0.000ns fall@4.000ns period=8.000ns})
  Path Group:             clk_125_clk_gen
  Path Type:              Setup (Max at Slow Process Corner)
  Requirement:            4.000ns  (clk_125_clk_gen fall@4.000ns - clk_125_clk_gen rise@0.000ns)
  Data Path Delay:        1.915ns  (logic 0.484ns (25.274%)  route 1.431ns (74.726%))
  Logic Levels:           1  (LUT2=1)
  Clock Path Skew:        -0.041ns (DCD - SCD + CPR)
    Destination Clock Delay (DCD):    -1.427ns = ( 2.573 - 4.000 ) 
    Source Clock Delay      (SCD):    -1.007ns
    Clock Pessimism Removal (CPR):    0.380ns
  Clock Uncertainty:      0.064ns  ((TSJ^2 + DJ^2)^1/2) / 2 + PE
    Total System Jitter     (TSJ):    0.071ns
    Discrete Jitter          (DJ):    0.108ns
    Phase Error              (PE):    0.000ns

    Location             Delay type                Incr(ns)  Path(ns)    Netlist Resource(s)
  -------------------------------------------------------------------    -------------------
                         (clock clk_125_clk_gen rise edge)
                                                      0.000     0.000 r  
    R4                                                0.000     0.000 r  clk_in1_p (IN)
                         net (fo=0)                   0.000     0.000    u_clk_gen/inst/clk_in1_p
    R4                   IBUFDS (Prop_ibufds_I_O)     0.851     0.851 r  u_clk_gen/inst/clkin1_ibufgds/O
                         net (fo=1, routed)           1.065     1.916    u_clk_gen/inst/clk_in1_clk_gen
    MMCME2_ADV_X1Y1      MMCME2_ADV (Prop_mmcme2_adv_CLKIN1_CLKOUT1)
                                                     -5.972    -4.056 r  u_clk_gen/inst/mmcm_adv_inst/CLKOUT1
                         net (fo=1, routed)           1.449    -2.608    u_clk_gen/inst/clk_125_clk_gen
    BUFGCTRL_X0Y0        BUFG (Prop_bufg_I_O)         0.081    -2.527 r  u_clk_gen/inst/clkout2_buf/O
                         net (fo=5509, routed)        1.520    -1.007    u_vio_tx_gmii/inst/PROBE_OUT_ALL_INST/G_PROBE_OUT[0].PROBE_OUT0_INST/clk
    SLICE_X13Y173        FDRE                                         r  u_vio_tx_gmii/inst/PROBE_OUT_ALL_INST/G_PROBE_OUT[0].PROBE_OUT0_INST/Probe_out_reg[0]/C
  -------------------------------------------------------------------    -------------------
    SLICE_X13Y173        FDRE (Prop_fdre_C_Q)         0.379    -0.628 f  u_vio_tx_gmii/inst/PROBE_OUT_ALL_INST/G_PROBE_OUT[0].PROBE_OUT0_INST/Probe_out_reg[0]/Q
                         net (fo=21, routed)          0.694     0.066    u_gmii_inst/rst
    SLICE_X8Y170         LUT2 (Prop_lut2_I1_O)        0.105     0.171 r  u_gmii_inst/frame_mem[8][7]_i_1/O
                         net (fo=144, routed)         0.737     0.908    u_gmii_inst/frame_mem[8][7]_i_1_n_0
    SLICE_X16Y176        FDRE                                         r  u_gmii_inst/frame_mem_reg[17][3]/CE
  -------------------------------------------------------------------    -------------------

                         (clock clk_125_clk_gen fall edge)
                                                      4.000     4.000 f  
    R4                                                0.000     4.000 f  clk_in1_p (IN)
                         net (fo=0)                   0.000     4.000    u_clk_gen/inst/clk_in1_p
    R4                   IBUFDS (Prop_ibufds_I_O)     0.813     4.813 f  u_clk_gen/inst/clkin1_ibufgds/O
                         net (fo=1, routed)           1.004     5.817    u_clk_gen/inst/clk_in1_clk_gen
    MMCME2_ADV_X1Y1      MMCME2_ADV (Prop_mmcme2_adv_CLKIN1_CLKOUT1)
                                                     -6.107    -0.291 f  u_clk_gen/inst/mmcm_adv_inst/CLKOUT1
                         net (fo=1, routed)           1.381     1.091    u_clk_gen/inst/clk_125_clk_gen
    BUFGCTRL_X0Y0        BUFG (Prop_bufg_I_O)         0.077     1.168 f  u_clk_gen/inst/clkout2_buf/O
                         net (fo=5509, routed)        1.405     2.573    u_gmii_inst/clk
    SLICE_X16Y176        FDRE                                         r  u_gmii_inst/frame_mem_reg[17][3]/C  (IS_INVERTED)
                         clock pessimism              0.380     2.952    
                         clock uncertainty           -0.064     2.888    
    SLICE_X16Y176        FDRE (Setup_fdre_C_CE)      -0.164     2.724    u_gmii_inst/frame_mem_reg[17][3]
  -------------------------------------------------------------------
                         required time                          2.724    
                         arrival time                          -0.908    
  -------------------------------------------------------------------
                         slack                                  1.816    

Slack (MET) :             1.816ns  (required time - arrival time)
  Source:                 u_vio_tx_gmii/inst/PROBE_OUT_ALL_INST/G_PROBE_OUT[0].PROBE_OUT0_INST/Probe_out_reg[0]/C
                            (rising edge-triggered cell FDRE clocked by clk_125_clk_gen  {rise@0.000ns fall@4.000ns period=8.000ns})
  Destination:            u_gmii_inst/frame_mem_reg[19][3]/CE
                            (falling edge-triggered cell FDRE clocked by clk_125_clk_gen  {rise@0.000ns fall@4.000ns period=8.000ns})
  Path Group:             clk_125_clk_gen
  Path Type:              Setup (Max at Slow Process Corner)
  Requirement:            4.000ns  (clk_125_clk_gen fall@4.000ns - clk_125_clk_gen rise@0.000ns)
  Data Path Delay:        1.915ns  (logic 0.484ns (25.274%)  route 1.431ns (74.726%))
  Logic Levels:           1  (LUT2=1)
  Clock Path Skew:        -0.041ns (DCD - SCD + CPR)
    Destination Clock Delay (DCD):    -1.427ns = ( 2.573 - 4.000 ) 
    Source Clock Delay      (SCD):    -1.007ns
    Clock Pessimism Removal (CPR):    0.380ns
  Clock Uncertainty:      0.064ns  ((TSJ^2 + DJ^2)^1/2) / 2 + PE
    Total System Jitter     (TSJ):    0.071ns
    Discrete Jitter          (DJ):    0.108ns
    Phase Error              (PE):    0.000ns

    Location             Delay type                Incr(ns)  Path(ns)    Netlist Resource(s)
  -------------------------------------------------------------------    -------------------
                         (clock clk_125_clk_gen rise edge)
                                                      0.000     0.000 r  
    R4                                                0.000     0.000 r  clk_in1_p (IN)
                         net (fo=0)                   0.000     0.000    u_clk_gen/inst/clk_in1_p
    R4                   IBUFDS (Prop_ibufds_I_O)     0.851     0.851 r  u_clk_gen/inst/clkin1_ibufgds/O
                         net (fo=1, routed)           1.065     1.916    u_clk_gen/inst/clk_in1_clk_gen
    MMCME2_ADV_X1Y1      MMCME2_ADV (Prop_mmcme2_adv_CLKIN1_CLKOUT1)
                                                     -5.972    -4.056 r  u_clk_gen/inst/mmcm_adv_inst/CLKOUT1
                         net (fo=1, routed)           1.449    -2.608    u_clk_gen/inst/clk_125_clk_gen
    BUFGCTRL_X0Y0        BUFG (Prop_bufg_I_O)         0.081    -2.527 r  u_clk_gen/inst/clkout2_buf/O
                         net (fo=5509, routed)        1.520    -1.007    u_vio_tx_gmii/inst/PROBE_OUT_ALL_INST/G_PROBE_OUT[0].PROBE_OUT0_INST/clk
    SLICE_X13Y173        FDRE                                         r  u_vio_tx_gmii/inst/PROBE_OUT_ALL_INST/G_PROBE_OUT[0].PROBE_OUT0_INST/Probe_out_reg[0]/C
  -------------------------------------------------------------------    -------------------
    SLICE_X13Y173        FDRE (Prop_fdre_C_Q)         0.379    -0.628 f  u_vio_tx_gmii/inst/PROBE_OUT_ALL_INST/G_PROBE_OUT[0].PROBE_OUT0_INST/Probe_out_reg[0]/Q
                         net (fo=21, routed)          0.694     0.066    u_gmii_inst/rst
    SLICE_X8Y170         LUT2 (Prop_lut2_I1_O)        0.105     0.171 r  u_gmii_inst/frame_mem[8][7]_i_1/O
                         net (fo=144, routed)         0.737     0.908    u_gmii_inst/frame_mem[8][7]_i_1_n_0
    SLICE_X16Y176        FDRE                                         r  u_gmii_inst/frame_mem_reg[19][3]/CE
  -------------------------------------------------------------------    -------------------

                         (clock clk_125_clk_gen fall edge)
                                                      4.000     4.000 f  
    R4                                                0.000     4.000 f  clk_in1_p (IN)
                         net (fo=0)                   0.000     4.000    u_clk_gen/inst/clk_in1_p
    R4                   IBUFDS (Prop_ibufds_I_O)     0.813     4.813 f  u_clk_gen/inst/clkin1_ibufgds/O
                         net (fo=1, routed)           1.004     5.817    u_clk_gen/inst/clk_in1_clk_gen
    MMCME2_ADV_X1Y1      MMCME2_ADV (Prop_mmcme2_adv_CLKIN1_CLKOUT1)
                                                     -6.107    -0.291 f  u_clk_gen/inst/mmcm_adv_inst/CLKOUT1
                         net (fo=1, routed)           1.381     1.091    u_clk_gen/inst/clk_125_clk_gen
    BUFGCTRL_X0Y0        BUFG (Prop_bufg_I_O)         0.077     1.168 f  u_clk_gen/inst/clkout2_buf/O
                         net (fo=5509, routed)        1.405     2.573    u_gmii_inst/clk
    SLICE_X16Y176        FDRE                                         r  u_gmii_inst/frame_mem_reg[19][3]/C  (IS_INVERTED)
                         clock pessimism              0.380     2.952    
                         clock uncertainty           -0.064     2.888    
    SLICE_X16Y176        FDRE (Setup_fdre_C_CE)      -0.164     2.724    u_gmii_inst/frame_mem_reg[19][3]
  -------------------------------------------------------------------
                         required time                          2.724    
                         arrival time                          -0.908    
  -------------------------------------------------------------------
                         slack                                  1.816    

Slack (MET) :             1.816ns  (required time - arrival time)
  Source:                 u_vio_tx_gmii/inst/PROBE_OUT_ALL_INST/G_PROBE_OUT[0].PROBE_OUT0_INST/Probe_out_reg[0]/C
                            (rising edge-triggered cell FDRE clocked by clk_125_clk_gen  {rise@0.000ns fall@4.000ns period=8.000ns})
  Destination:            u_gmii_inst/frame_mem_reg[20][4]/CE
                            (falling edge-triggered cell FDRE clocked by clk_125_clk_gen  {rise@0.000ns fall@4.000ns period=8.000ns})
  Path Group:             clk_125_clk_gen
  Path Type:              Setup (Max at Slow Process Corner)
  Requirement:            4.000ns  (clk_125_clk_gen fall@4.000ns - clk_125_clk_gen rise@0.000ns)
  Data Path Delay:        1.915ns  (logic 0.484ns (25.274%)  route 1.431ns (74.726%))
  Logic Levels:           1  (LUT2=1)
  Clock Path Skew:        -0.041ns (DCD - SCD + CPR)
    Destination Clock Delay (DCD):    -1.427ns = ( 2.573 - 4.000 ) 
    Source Clock Delay      (SCD):    -1.007ns
    Clock Pessimism Removal (CPR):    0.380ns
  Clock Uncertainty:      0.064ns  ((TSJ^2 + DJ^2)^1/2) / 2 + PE
    Total System Jitter     (TSJ):    0.071ns
    Discrete Jitter          (DJ):    0.108ns
    Phase Error              (PE):    0.000ns

    Location             Delay type                Incr(ns)  Path(ns)    Netlist Resource(s)
  -------------------------------------------------------------------    -------------------
                         (clock clk_125_clk_gen rise edge)
                                                      0.000     0.000 r  
    R4                                                0.000     0.000 r  clk_in1_p (IN)
                         net (fo=0)                   0.000     0.000    u_clk_gen/inst/clk_in1_p
    R4                   IBUFDS (Prop_ibufds_I_O)     0.851     0.851 r  u_clk_gen/inst/clkin1_ibufgds/O
                         net (fo=1, routed)           1.065     1.916    u_clk_gen/inst/clk_in1_clk_gen
    MMCME2_ADV_X1Y1      MMCME2_ADV (Prop_mmcme2_adv_CLKIN1_CLKOUT1)
                                                     -5.972    -4.056 r  u_clk_gen/inst/mmcm_adv_inst/CLKOUT1
                         net (fo=1, routed)           1.449    -2.608    u_clk_gen/inst/clk_125_clk_gen
    BUFGCTRL_X0Y0        BUFG (Prop_bufg_I_O)         0.081    -2.527 r  u_clk_gen/inst/clkout2_buf/O
                         net (fo=5509, routed)        1.520    -1.007    u_vio_tx_gmii/inst/PROBE_OUT_ALL_INST/G_PROBE_OUT[0].PROBE_OUT0_INST/clk
    SLICE_X13Y173        FDRE                                         r  u_vio_tx_gmii/inst/PROBE_OUT_ALL_INST/G_PROBE_OUT[0].PROBE_OUT0_INST/Probe_out_reg[0]/C
  -------------------------------------------------------------------    -------------------
    SLICE_X13Y173        FDRE (Prop_fdre_C_Q)         0.379    -0.628 f  u_vio_tx_gmii/inst/PROBE_OUT_ALL_INST/G_PROBE_OUT[0].PROBE_OUT0_INST/Probe_out_reg[0]/Q
                         net (fo=21, routed)          0.694     0.066    u_gmii_inst/rst
    SLICE_X8Y170         LUT2 (Prop_lut2_I1_O)        0.105     0.171 r  u_gmii_inst/frame_mem[8][7]_i_1/O
                         net (fo=144, routed)         0.737     0.908    u_gmii_inst/frame_mem[8][7]_i_1_n_0
    SLICE_X16Y176        FDRE                                         r  u_gmii_inst/frame_mem_reg[20][4]/CE
  -------------------------------------------------------------------    -------------------

                         (clock clk_125_clk_gen fall edge)
                                                      4.000     4.000 f  
    R4                                                0.000     4.000 f  clk_in1_p (IN)
                         net (fo=0)                   0.000     4.000    u_clk_gen/inst/clk_in1_p
    R4                   IBUFDS (Prop_ibufds_I_O)     0.813     4.813 f  u_clk_gen/inst/clkin1_ibufgds/O
                         net (fo=1, routed)           1.004     5.817    u_clk_gen/inst/clk_in1_clk_gen
    MMCME2_ADV_X1Y1      MMCME2_ADV (Prop_mmcme2_adv_CLKIN1_CLKOUT1)
                                                     -6.107    -0.291 f  u_clk_gen/inst/mmcm_adv_inst/CLKOUT1
                         net (fo=1, routed)           1.381     1.091    u_clk_gen/inst/clk_125_clk_gen
    BUFGCTRL_X0Y0        BUFG (Prop_bufg_I_O)         0.077     1.168 f  u_clk_gen/inst/clkout2_buf/O
                         net (fo=5509, routed)        1.405     2.573    u_gmii_inst/clk
    SLICE_X16Y176        FDRE                                         r  u_gmii_inst/frame_mem_reg[20][4]/C  (IS_INVERTED)
                         clock pessimism              0.380     2.952    
                         clock uncertainty           -0.064     2.888    
    SLICE_X16Y176        FDRE (Setup_fdre_C_CE)      -0.164     2.724    u_gmii_inst/frame_mem_reg[20][4]
  -------------------------------------------------------------------
                         required time                          2.724    
                         arrival time                          -0.908    
  -------------------------------------------------------------------
                         slack                                  1.816    

Slack (MET) :             1.816ns  (required time - arrival time)
  Source:                 u_vio_tx_gmii/inst/PROBE_OUT_ALL_INST/G_PROBE_OUT[0].PROBE_OUT0_INST/Probe_out_reg[0]/C
                            (rising edge-triggered cell FDRE clocked by clk_125_clk_gen  {rise@0.000ns fall@4.000ns period=8.000ns})
  Destination:            u_gmii_inst/frame_mem_reg[21][4]/CE
                            (falling edge-triggered cell FDRE clocked by clk_125_clk_gen  {rise@0.000ns fall@4.000ns period=8.000ns})
  Path Group:             clk_125_clk_gen
  Path Type:              Setup (Max at Slow Process Corner)
  Requirement:            4.000ns  (clk_125_clk_gen fall@4.000ns - clk_125_clk_gen rise@0.000ns)
  Data Path Delay:        1.915ns  (logic 0.484ns (25.274%)  route 1.431ns (74.726%))
  Logic Levels:           1  (LUT2=1)
  Clock Path Skew:        -0.041ns (DCD - SCD + CPR)
    Destination Clock Delay (DCD):    -1.427ns = ( 2.573 - 4.000 ) 
    Source Clock Delay      (SCD):    -1.007ns
    Clock Pessimism Removal (CPR):    0.380ns
  Clock Uncertainty:      0.064ns  ((TSJ^2 + DJ^2)^1/2) / 2 + PE
    Total System Jitter     (TSJ):    0.071ns
    Discrete Jitter          (DJ):    0.108ns
    Phase Error              (PE):    0.000ns

    Location             Delay type                Incr(ns)  Path(ns)    Netlist Resource(s)
  -------------------------------------------------------------------    -------------------
                         (clock clk_125_clk_gen rise edge)
                                                      0.000     0.000 r  
    R4                                                0.000     0.000 r  clk_in1_p (IN)
                         net (fo=0)                   0.000     0.000    u_clk_gen/inst/clk_in1_p
    R4                   IBUFDS (Prop_ibufds_I_O)     0.851     0.851 r  u_clk_gen/inst/clkin1_ibufgds/O
                         net (fo=1, routed)           1.065     1.916    u_clk_gen/inst/clk_in1_clk_gen
    MMCME2_ADV_X1Y1      MMCME2_ADV (Prop_mmcme2_adv_CLKIN1_CLKOUT1)
                                                     -5.972    -4.056 r  u_clk_gen/inst/mmcm_adv_inst/CLKOUT1
                         net (fo=1, routed)           1.449    -2.608    u_clk_gen/inst/clk_125_clk_gen
    BUFGCTRL_X0Y0        BUFG (Prop_bufg_I_O)         0.081    -2.527 r  u_clk_gen/inst/clkout2_buf/O
                         net (fo=5509, routed)        1.520    -1.007    u_vio_tx_gmii/inst/PROBE_OUT_ALL_INST/G_PROBE_OUT[0].PROBE_OUT0_INST/clk
    SLICE_X13Y173        FDRE                                         r  u_vio_tx_gmii/inst/PROBE_OUT_ALL_INST/G_PROBE_OUT[0].PROBE_OUT0_INST/Probe_out_reg[0]/C
  -------------------------------------------------------------------    -------------------
    SLICE_X13Y173        FDRE (Prop_fdre_C_Q)         0.379    -0.628 f  u_vio_tx_gmii/inst/PROBE_OUT_ALL_INST/G_PROBE_OUT[0].PROBE_OUT0_INST/Probe_out_reg[0]/Q
                         net (fo=21, routed)          0.694     0.066    u_gmii_inst/rst
    SLICE_X8Y170         LUT2 (Prop_lut2_I1_O)        0.105     0.171 r  u_gmii_inst/frame_mem[8][7]_i_1/O
                         net (fo=144, routed)         0.737     0.908    u_gmii_inst/frame_mem[8][7]_i_1_n_0
    SLICE_X16Y176        FDRE                                         r  u_gmii_inst/frame_mem_reg[21][4]/CE
  -------------------------------------------------------------------    -------------------

                         (clock clk_125_clk_gen fall edge)
                                                      4.000     4.000 f  
    R4                                                0.000     4.000 f  clk_in1_p (IN)
                         net (fo=0)                   0.000     4.000    u_clk_gen/inst/clk_in1_p
    R4                   IBUFDS (Prop_ibufds_I_O)     0.813     4.813 f  u_clk_gen/inst/clkin1_ibufgds/O
                         net (fo=1, routed)           1.004     5.817    u_clk_gen/inst/clk_in1_clk_gen
    MMCME2_ADV_X1Y1      MMCME2_ADV (Prop_mmcme2_adv_CLKIN1_CLKOUT1)
                                                     -6.107    -0.291 f  u_clk_gen/inst/mmcm_adv_inst/CLKOUT1
                         net (fo=1, routed)           1.381     1.091    u_clk_gen/inst/clk_125_clk_gen
    BUFGCTRL_X0Y0        BUFG (Prop_bufg_I_O)         0.077     1.168 f  u_clk_gen/inst/clkout2_buf/O
                         net (fo=5509, routed)        1.405     2.573    u_gmii_inst/clk
    SLICE_X16Y176        FDRE                                         r  u_gmii_inst/frame_mem_reg[21][4]/C  (IS_INVERTED)
                         clock pessimism              0.380     2.952    
                         clock uncertainty           -0.064     2.888    
    SLICE_X16Y176        FDRE (Setup_fdre_C_CE)      -0.164     2.724    u_gmii_inst/frame_mem_reg[21][4]
  -------------------------------------------------------------------
                         required time                          2.724    
                         arrival time                          -0.908    
  -------------------------------------------------------------------
                         slack                                  1.816    

Slack (MET) :             1.816ns  (required time - arrival time)
  Source:                 u_vio_tx_gmii/inst/PROBE_OUT_ALL_INST/G_PROBE_OUT[0].PROBE_OUT0_INST/Probe_out_reg[0]/C
                            (rising edge-triggered cell FDRE clocked by clk_125_clk_gen  {rise@0.000ns fall@4.000ns period=8.000ns})
  Destination:            u_gmii_inst/frame_mem_reg[70][4]/CE
                            (falling edge-triggered cell FDRE clocked by clk_125_clk_gen  {rise@0.000ns fall@4.000ns period=8.000ns})
  Path Group:             clk_125_clk_gen
  Path Type:              Setup (Max at Slow Process Corner)
  Requirement:            4.000ns  (clk_125_clk_gen fall@4.000ns - clk_125_clk_gen rise@0.000ns)
  Data Path Delay:        1.915ns  (logic 0.484ns (25.274%)  route 1.431ns (74.726%))
  Logic Levels:           1  (LUT2=1)
  Clock Path Skew:        -0.041ns (DCD - SCD + CPR)
    Destination Clock Delay (DCD):    -1.427ns = ( 2.573 - 4.000 ) 
    Source Clock Delay      (SCD):    -1.007ns
    Clock Pessimism Removal (CPR):    0.380ns
  Clock Uncertainty:      0.064ns  ((TSJ^2 + DJ^2)^1/2) / 2 + PE
    Total System Jitter     (TSJ):    0.071ns
    Discrete Jitter          (DJ):    0.108ns
    Phase Error              (PE):    0.000ns

    Location             Delay type                Incr(ns)  Path(ns)    Netlist Resource(s)
  -------------------------------------------------------------------    -------------------
                         (clock clk_125_clk_gen rise edge)
                                                      0.000     0.000 r  
    R4                                                0.000     0.000 r  clk_in1_p (IN)
                         net (fo=0)                   0.000     0.000    u_clk_gen/inst/clk_in1_p
    R4                   IBUFDS (Prop_ibufds_I_O)     0.851     0.851 r  u_clk_gen/inst/clkin1_ibufgds/O
                         net (fo=1, routed)           1.065     1.916    u_clk_gen/inst/clk_in1_clk_gen
    MMCME2_ADV_X1Y1      MMCME2_ADV (Prop_mmcme2_adv_CLKIN1_CLKOUT1)
                                                     -5.972    -4.056 r  u_clk_gen/inst/mmcm_adv_inst/CLKOUT1
                         net (fo=1, routed)           1.449    -2.608    u_clk_gen/inst/clk_125_clk_gen
    BUFGCTRL_X0Y0        BUFG (Prop_bufg_I_O)         0.081    -2.527 r  u_clk_gen/inst/clkout2_buf/O
                         net (fo=5509, routed)        1.520    -1.007    u_vio_tx_gmii/inst/PROBE_OUT_ALL_INST/G_PROBE_OUT[0].PROBE_OUT0_INST/clk
    SLICE_X13Y173        FDRE                                         r  u_vio_tx_gmii/inst/PROBE_OUT_ALL_INST/G_PROBE_OUT[0].PROBE_OUT0_INST/Probe_out_reg[0]/C
  -------------------------------------------------------------------    -------------------
    SLICE_X13Y173        FDRE (Prop_fdre_C_Q)         0.379    -0.628 f  u_vio_tx_gmii/inst/PROBE_OUT_ALL_INST/G_PROBE_OUT[0].PROBE_OUT0_INST/Probe_out_reg[0]/Q
                         net (fo=21, routed)          0.694     0.066    u_gmii_inst/rst
    SLICE_X8Y170         LUT2 (Prop_lut2_I1_O)        0.105     0.171 r  u_gmii_inst/frame_mem[8][7]_i_1/O
                         net (fo=144, routed)         0.737     0.908    u_gmii_inst/frame_mem[8][7]_i_1_n_0
    SLICE_X16Y176        FDRE                                         r  u_gmii_inst/frame_mem_reg[70][4]/CE
  -------------------------------------------------------------------    -------------------

                         (clock clk_125_clk_gen fall edge)
                                                      4.000     4.000 f  
    R4                                                0.000     4.000 f  clk_in1_p (IN)
                         net (fo=0)                   0.000     4.000    u_clk_gen/inst/clk_in1_p
    R4                   IBUFDS (Prop_ibufds_I_O)     0.813     4.813 f  u_clk_gen/inst/clkin1_ibufgds/O
                         net (fo=1, routed)           1.004     5.817    u_clk_gen/inst/clk_in1_clk_gen
    MMCME2_ADV_X1Y1      MMCME2_ADV (Prop_mmcme2_adv_CLKIN1_CLKOUT1)
                                                     -6.107    -0.291 f  u_clk_gen/inst/mmcm_adv_inst/CLKOUT1
                         net (fo=1, routed)           1.381     1.091    u_clk_gen/inst/clk_125_clk_gen
    BUFGCTRL_X0Y0        BUFG (Prop_bufg_I_O)         0.077     1.168 f  u_clk_gen/inst/clkout2_buf/O
                         net (fo=5509, routed)        1.405     2.573    u_gmii_inst/clk
    SLICE_X16Y176        FDRE                                         r  u_gmii_inst/frame_mem_reg[70][4]/C  (IS_INVERTED)
                         clock pessimism              0.380     2.952    
                         clock uncertainty           -0.064     2.888    
    SLICE_X16Y176        FDRE (Setup_fdre_C_CE)      -0.164     2.724    u_gmii_inst/frame_mem_reg[70][4]
  -------------------------------------------------------------------
                         required time                          2.724    
                         arrival time                          -0.908    
  -------------------------------------------------------------------
                         slack                                  1.816    

Slack (MET) :             1.827ns  (required time - arrival time)
  Source:                 u_vio_tx_gmii/inst/PROBE_OUT_ALL_INST/G_PROBE_OUT[0].PROBE_OUT0_INST/Probe_out_reg[0]/C
                            (rising edge-triggered cell FDRE clocked by clk_125_clk_gen  {rise@0.000ns fall@4.000ns period=8.000ns})
  Destination:            u_gmii_inst/frame_mem_reg[16][4]/CE
                            (falling edge-triggered cell FDRE clocked by clk_125_clk_gen  {rise@0.000ns fall@4.000ns period=8.000ns})
  Path Group:             clk_125_clk_gen
  Path Type:              Setup (Max at Slow Process Corner)
  Requirement:            4.000ns  (clk_125_clk_gen fall@4.000ns - clk_125_clk_gen rise@0.000ns)
  Data Path Delay:        1.905ns  (logic 0.484ns (25.404%)  route 1.421ns (74.596%))
  Logic Levels:           1  (LUT2=1)
  Clock Path Skew:        -0.039ns (DCD - SCD + CPR)
    Destination Clock Delay (DCD):    -1.425ns = ( 2.575 - 4.000 ) 
    Source Clock Delay      (SCD):    -1.007ns
    Clock Pessimism Removal (CPR):    0.380ns
  Clock Uncertainty:      0.064ns  ((TSJ^2 + DJ^2)^1/2) / 2 + PE
    Total System Jitter     (TSJ):    0.071ns
    Discrete Jitter          (DJ):    0.108ns
    Phase Error              (PE):    0.000ns

    Location             Delay type                Incr(ns)  Path(ns)    Netlist Resource(s)
  -------------------------------------------------------------------    -------------------
                         (clock clk_125_clk_gen rise edge)
                                                      0.000     0.000 r  
    R4                                                0.000     0.000 r  clk_in1_p (IN)
                         net (fo=0)                   0.000     0.000    u_clk_gen/inst/clk_in1_p
    R4                   IBUFDS (Prop_ibufds_I_O)     0.851     0.851 r  u_clk_gen/inst/clkin1_ibufgds/O
                         net (fo=1, routed)           1.065     1.916    u_clk_gen/inst/clk_in1_clk_gen
    MMCME2_ADV_X1Y1      MMCME2_ADV (Prop_mmcme2_adv_CLKIN1_CLKOUT1)
                                                     -5.972    -4.056 r  u_clk_gen/inst/mmcm_adv_inst/CLKOUT1
                         net (fo=1, routed)           1.449    -2.608    u_clk_gen/inst/clk_125_clk_gen
    BUFGCTRL_X0Y0        BUFG (Prop_bufg_I_O)         0.081    -2.527 r  u_clk_gen/inst/clkout2_buf/O
                         net (fo=5509, routed)        1.520    -1.007    u_vio_tx_gmii/inst/PROBE_OUT_ALL_INST/G_PROBE_OUT[0].PROBE_OUT0_INST/clk
    SLICE_X13Y173        FDRE                                         r  u_vio_tx_gmii/inst/PROBE_OUT_ALL_INST/G_PROBE_OUT[0].PROBE_OUT0_INST/Probe_out_reg[0]/C
  -------------------------------------------------------------------    -------------------
    SLICE_X13Y173        FDRE (Prop_fdre_C_Q)         0.379    -0.628 f  u_vio_tx_gmii/inst/PROBE_OUT_ALL_INST/G_PROBE_OUT[0].PROBE_OUT0_INST/Probe_out_reg[0]/Q
                         net (fo=21, routed)          0.694     0.066    u_gmii_inst/rst
    SLICE_X8Y170         LUT2 (Prop_lut2_I1_O)        0.105     0.171 r  u_gmii_inst/frame_mem[8][7]_i_1/O
                         net (fo=144, routed)         0.728     0.899    u_gmii_inst/frame_mem[8][7]_i_1_n_0
    SLICE_X16Y178        FDRE                                         r  u_gmii_inst/frame_mem_reg[16][4]/CE
  -------------------------------------------------------------------    -------------------

                         (clock clk_125_clk_gen fall edge)
                                                      4.000     4.000 f  
    R4                                                0.000     4.000 f  clk_in1_p (IN)
                         net (fo=0)                   0.000     4.000    u_clk_gen/inst/clk_in1_p
    R4                   IBUFDS (Prop_ibufds_I_O)     0.813     4.813 f  u_clk_gen/inst/clkin1_ibufgds/O
                         net (fo=1, routed)           1.004     5.817    u_clk_gen/inst/clk_in1_clk_gen
    MMCME2_ADV_X1Y1      MMCME2_ADV (Prop_mmcme2_adv_CLKIN1_CLKOUT1)
                                                     -6.107    -0.291 f  u_clk_gen/inst/mmcm_adv_inst/CLKOUT1
                         net (fo=1, routed)           1.381     1.091    u_clk_gen/inst/clk_125_clk_gen
    BUFGCTRL_X0Y0        BUFG (Prop_bufg_I_O)         0.077     1.168 f  u_clk_gen/inst/clkout2_buf/O
                         net (fo=5509, routed)        1.407     2.575    u_gmii_inst/clk
    SLICE_X16Y178        FDRE                                         r  u_gmii_inst/frame_mem_reg[16][4]/C  (IS_INVERTED)
                         clock pessimism              0.380     2.954    
                         clock uncertainty           -0.064     2.890    
    SLICE_X16Y178        FDRE (Setup_fdre_C_CE)      -0.164     2.726    u_gmii_inst/frame_mem_reg[16][4]
  -------------------------------------------------------------------
                         required time                          2.726    
                         arrival time                          -0.899    
  -------------------------------------------------------------------
                         slack                                  1.827    

Slack (MET) :             1.827ns  (required time - arrival time)
  Source:                 u_vio_tx_gmii/inst/PROBE_OUT_ALL_INST/G_PROBE_OUT[0].PROBE_OUT0_INST/Probe_out_reg[0]/C
                            (rising edge-triggered cell FDRE clocked by clk_125_clk_gen  {rise@0.000ns fall@4.000ns period=8.000ns})
  Destination:            u_gmii_inst/frame_mem_reg[17][4]/CE
                            (falling edge-triggered cell FDRE clocked by clk_125_clk_gen  {rise@0.000ns fall@4.000ns period=8.000ns})
  Path Group:             clk_125_clk_gen
  Path Type:              Setup (Max at Slow Process Corner)
  Requirement:            4.000ns  (clk_125_clk_gen fall@4.000ns - clk_125_clk_gen rise@0.000ns)
  Data Path Delay:        1.905ns  (logic 0.484ns (25.404%)  route 1.421ns (74.596%))
  Logic Levels:           1  (LUT2=1)
  Clock Path Skew:        -0.039ns (DCD - SCD + CPR)
    Destination Clock Delay (DCD):    -1.425ns = ( 2.575 - 4.000 ) 
    Source Clock Delay      (SCD):    -1.007ns
    Clock Pessimism Removal (CPR):    0.380ns
  Clock Uncertainty:      0.064ns  ((TSJ^2 + DJ^2)^1/2) / 2 + PE
    Total System Jitter     (TSJ):    0.071ns
    Discrete Jitter          (DJ):    0.108ns
    Phase Error              (PE):    0.000ns

    Location             Delay type                Incr(ns)  Path(ns)    Netlist Resource(s)
  -------------------------------------------------------------------    -------------------
                         (clock clk_125_clk_gen rise edge)
                                                      0.000     0.000 r  
    R4                                                0.000     0.000 r  clk_in1_p (IN)
                         net (fo=0)                   0.000     0.000    u_clk_gen/inst/clk_in1_p
    R4                   IBUFDS (Prop_ibufds_I_O)     0.851     0.851 r  u_clk_gen/inst/clkin1_ibufgds/O
                         net (fo=1, routed)           1.065     1.916    u_clk_gen/inst/clk_in1_clk_gen
    MMCME2_ADV_X1Y1      MMCME2_ADV (Prop_mmcme2_adv_CLKIN1_CLKOUT1)
                                                     -5.972    -4.056 r  u_clk_gen/inst/mmcm_adv_inst/CLKOUT1
                         net (fo=1, routed)           1.449    -2.608    u_clk_gen/inst/clk_125_clk_gen
    BUFGCTRL_X0Y0        BUFG (Prop_bufg_I_O)         0.081    -2.527 r  u_clk_gen/inst/clkout2_buf/O
                         net (fo=5509, routed)        1.520    -1.007    u_vio_tx_gmii/inst/PROBE_OUT_ALL_INST/G_PROBE_OUT[0].PROBE_OUT0_INST/clk
    SLICE_X13Y173        FDRE                                         r  u_vio_tx_gmii/inst/PROBE_OUT_ALL_INST/G_PROBE_OUT[0].PROBE_OUT0_INST/Probe_out_reg[0]/C
  -------------------------------------------------------------------    -------------------
    SLICE_X13Y173        FDRE (Prop_fdre_C_Q)         0.379    -0.628 f  u_vio_tx_gmii/inst/PROBE_OUT_ALL_INST/G_PROBE_OUT[0].PROBE_OUT0_INST/Probe_out_reg[0]/Q
                         net (fo=21, routed)          0.694     0.066    u_gmii_inst/rst
    SLICE_X8Y170         LUT2 (Prop_lut2_I1_O)        0.105     0.171 r  u_gmii_inst/frame_mem[8][7]_i_1/O
                         net (fo=144, routed)         0.728     0.899    u_gmii_inst/frame_mem[8][7]_i_1_n_0
    SLICE_X16Y178        FDRE                                         r  u_gmii_inst/frame_mem_reg[17][4]/CE
  -------------------------------------------------------------------    -------------------

                         (clock clk_125_clk_gen fall edge)
                                                      4.000     4.000 f  
    R4                                                0.000     4.000 f  clk_in1_p (IN)
                         net (fo=0)                   0.000     4.000    u_clk_gen/inst/clk_in1_p
    R4                   IBUFDS (Prop_ibufds_I_O)     0.813     4.813 f  u_clk_gen/inst/clkin1_ibufgds/O
                         net (fo=1, routed)           1.004     5.817    u_clk_gen/inst/clk_in1_clk_gen
    MMCME2_ADV_X1Y1      MMCME2_ADV (Prop_mmcme2_adv_CLKIN1_CLKOUT1)
                                                     -6.107    -0.291 f  u_clk_gen/inst/mmcm_adv_inst/CLKOUT1
                         net (fo=1, routed)           1.381     1.091    u_clk_gen/inst/clk_125_clk_gen
    BUFGCTRL_X0Y0        BUFG (Prop_bufg_I_O)         0.077     1.168 f  u_clk_gen/inst/clkout2_buf/O
                         net (fo=5509, routed)        1.407     2.575    u_gmii_inst/clk
    SLICE_X16Y178        FDRE                                         r  u_gmii_inst/frame_mem_reg[17][4]/C  (IS_INVERTED)
                         clock pessimism              0.380     2.954    
                         clock uncertainty           -0.064     2.890    
    SLICE_X16Y178        FDRE (Setup_fdre_C_CE)      -0.164     2.726    u_gmii_inst/frame_mem_reg[17][4]
  -------------------------------------------------------------------
                         required time                          2.726    
                         arrival time                          -0.899    
  -------------------------------------------------------------------
                         slack                                  1.827    

Slack (MET) :             1.827ns  (required time - arrival time)
  Source:                 u_vio_tx_gmii/inst/PROBE_OUT_ALL_INST/G_PROBE_OUT[0].PROBE_OUT0_INST/Probe_out_reg[0]/C
                            (rising edge-triggered cell FDRE clocked by clk_125_clk_gen  {rise@0.000ns fall@4.000ns period=8.000ns})
  Destination:            u_gmii_inst/frame_mem_reg[18][4]/CE
                            (falling edge-triggered cell FDRE clocked by clk_125_clk_gen  {rise@0.000ns fall@4.000ns period=8.000ns})
  Path Group:             clk_125_clk_gen
  Path Type:              Setup (Max at Slow Process Corner)
  Requirement:            4.000ns  (clk_125_clk_gen fall@4.000ns - clk_125_clk_gen rise@0.000ns)
  Data Path Delay:        1.905ns  (logic 0.484ns (25.404%)  route 1.421ns (74.596%))
  Logic Levels:           1  (LUT2=1)
  Clock Path Skew:        -0.039ns (DCD - SCD + CPR)
    Destination Clock Delay (DCD):    -1.425ns = ( 2.575 - 4.000 ) 
    Source Clock Delay      (SCD):    -1.007ns
    Clock Pessimism Removal (CPR):    0.380ns
  Clock Uncertainty:      0.064ns  ((TSJ^2 + DJ^2)^1/2) / 2 + PE
    Total System Jitter     (TSJ):    0.071ns
    Discrete Jitter          (DJ):    0.108ns
    Phase Error              (PE):    0.000ns

    Location             Delay type                Incr(ns)  Path(ns)    Netlist Resource(s)
  -------------------------------------------------------------------    -------------------
                         (clock clk_125_clk_gen rise edge)
                                                      0.000     0.000 r  
    R4                                                0.000     0.000 r  clk_in1_p (IN)
                         net (fo=0)                   0.000     0.000    u_clk_gen/inst/clk_in1_p
    R4                   IBUFDS (Prop_ibufds_I_O)     0.851     0.851 r  u_clk_gen/inst/clkin1_ibufgds/O
                         net (fo=1, routed)           1.065     1.916    u_clk_gen/inst/clk_in1_clk_gen
    MMCME2_ADV_X1Y1      MMCME2_ADV (Prop_mmcme2_adv_CLKIN1_CLKOUT1)
                                                     -5.972    -4.056 r  u_clk_gen/inst/mmcm_adv_inst/CLKOUT1
                         net (fo=1, routed)           1.449    -2.608    u_clk_gen/inst/clk_125_clk_gen
    BUFGCTRL_X0Y0        BUFG (Prop_bufg_I_O)         0.081    -2.527 r  u_clk_gen/inst/clkout2_buf/O
                         net (fo=5509, routed)        1.520    -1.007    u_vio_tx_gmii/inst/PROBE_OUT_ALL_INST/G_PROBE_OUT[0].PROBE_OUT0_INST/clk
    SLICE_X13Y173        FDRE                                         r  u_vio_tx_gmii/inst/PROBE_OUT_ALL_INST/G_PROBE_OUT[0].PROBE_OUT0_INST/Probe_out_reg[0]/C
  -------------------------------------------------------------------    -------------------
    SLICE_X13Y173        FDRE (Prop_fdre_C_Q)         0.379    -0.628 f  u_vio_tx_gmii/inst/PROBE_OUT_ALL_INST/G_PROBE_OUT[0].PROBE_OUT0_INST/Probe_out_reg[0]/Q
                         net (fo=21, routed)          0.694     0.066    u_gmii_inst/rst
    SLICE_X8Y170         LUT2 (Prop_lut2_I1_O)        0.105     0.171 r  u_gmii_inst/frame_mem[8][7]_i_1/O
                         net (fo=144, routed)         0.728     0.899    u_gmii_inst/frame_mem[8][7]_i_1_n_0
    SLICE_X16Y178        FDRE                                         r  u_gmii_inst/frame_mem_reg[18][4]/CE
  -------------------------------------------------------------------    -------------------

                         (clock clk_125_clk_gen fall edge)
                                                      4.000     4.000 f  
    R4                                                0.000     4.000 f  clk_in1_p (IN)
                         net (fo=0)                   0.000     4.000    u_clk_gen/inst/clk_in1_p
    R4                   IBUFDS (Prop_ibufds_I_O)     0.813     4.813 f  u_clk_gen/inst/clkin1_ibufgds/O
                         net (fo=1, routed)           1.004     5.817    u_clk_gen/inst/clk_in1_clk_gen
    MMCME2_ADV_X1Y1      MMCME2_ADV (Prop_mmcme2_adv_CLKIN1_CLKOUT1)
                                                     -6.107    -0.291 f  u_clk_gen/inst/mmcm_adv_inst/CLKOUT1
                         net (fo=1, routed)           1.381     1.091    u_clk_gen/inst/clk_125_clk_gen
    BUFGCTRL_X0Y0        BUFG (Prop_bufg_I_O)         0.077     1.168 f  u_clk_gen/inst/clkout2_buf/O
                         net (fo=5509, routed)        1.407     2.575    u_gmii_inst/clk
    SLICE_X16Y178        FDRE                                         r  u_gmii_inst/frame_mem_reg[18][4]/C  (IS_INVERTED)
                         clock pessimism              0.380     2.954    
                         clock uncertainty           -0.064     2.890    
    SLICE_X16Y178        FDRE (Setup_fdre_C_CE)      -0.164     2.726    u_gmii_inst/frame_mem_reg[18][4]
  -------------------------------------------------------------------
                         required time                          2.726    
                         arrival time                          -0.899    
  -------------------------------------------------------------------
                         slack                                  1.827    

Slack (MET) :             1.827ns  (required time - arrival time)
  Source:                 u_vio_tx_gmii/inst/PROBE_OUT_ALL_INST/G_PROBE_OUT[0].PROBE_OUT0_INST/Probe_out_reg[0]/C
                            (rising edge-triggered cell FDRE clocked by clk_125_clk_gen  {rise@0.000ns fall@4.000ns period=8.000ns})
  Destination:            u_gmii_inst/frame_mem_reg[19][4]/CE
                            (falling edge-triggered cell FDRE clocked by clk_125_clk_gen  {rise@0.000ns fall@4.000ns period=8.000ns})
  Path Group:             clk_125_clk_gen
  Path Type:              Setup (Max at Slow Process Corner)
  Requirement:            4.000ns  (clk_125_clk_gen fall@4.000ns - clk_125_clk_gen rise@0.000ns)
  Data Path Delay:        1.905ns  (logic 0.484ns (25.404%)  route 1.421ns (74.596%))
  Logic Levels:           1  (LUT2=1)
  Clock Path Skew:        -0.039ns (DCD - SCD + CPR)
    Destination Clock Delay (DCD):    -1.425ns = ( 2.575 - 4.000 ) 
    Source Clock Delay      (SCD):    -1.007ns
    Clock Pessimism Removal (CPR):    0.380ns
  Clock Uncertainty:      0.064ns  ((TSJ^2 + DJ^2)^1/2) / 2 + PE
    Total System Jitter     (TSJ):    0.071ns
    Discrete Jitter          (DJ):    0.108ns
    Phase Error              (PE):    0.000ns

    Location             Delay type                Incr(ns)  Path(ns)    Netlist Resource(s)
  -------------------------------------------------------------------    -------------------
                         (clock clk_125_clk_gen rise edge)
                                                      0.000     0.000 r  
    R4                                                0.000     0.000 r  clk_in1_p (IN)
                         net (fo=0)                   0.000     0.000    u_clk_gen/inst/clk_in1_p
    R4                   IBUFDS (Prop_ibufds_I_O)     0.851     0.851 r  u_clk_gen/inst/clkin1_ibufgds/O
                         net (fo=1, routed)           1.065     1.916    u_clk_gen/inst/clk_in1_clk_gen
    MMCME2_ADV_X1Y1      MMCME2_ADV (Prop_mmcme2_adv_CLKIN1_CLKOUT1)
                                                     -5.972    -4.056 r  u_clk_gen/inst/mmcm_adv_inst/CLKOUT1
                         net (fo=1, routed)           1.449    -2.608    u_clk_gen/inst/clk_125_clk_gen
    BUFGCTRL_X0Y0        BUFG (Prop_bufg_I_O)         0.081    -2.527 r  u_clk_gen/inst/clkout2_buf/O
                         net (fo=5509, routed)        1.520    -1.007    u_vio_tx_gmii/inst/PROBE_OUT_ALL_INST/G_PROBE_OUT[0].PROBE_OUT0_INST/clk
    SLICE_X13Y173        FDRE                                         r  u_vio_tx_gmii/inst/PROBE_OUT_ALL_INST/G_PROBE_OUT[0].PROBE_OUT0_INST/Probe_out_reg[0]/C
  -------------------------------------------------------------------    -------------------
    SLICE_X13Y173        FDRE (Prop_fdre_C_Q)         0.379    -0.628 f  u_vio_tx_gmii/inst/PROBE_OUT_ALL_INST/G_PROBE_OUT[0].PROBE_OUT0_INST/Probe_out_reg[0]/Q
                         net (fo=21, routed)          0.694     0.066    u_gmii_inst/rst
    SLICE_X8Y170         LUT2 (Prop_lut2_I1_O)        0.105     0.171 r  u_gmii_inst/frame_mem[8][7]_i_1/O
                         net (fo=144, routed)         0.728     0.899    u_gmii_inst/frame_mem[8][7]_i_1_n_0
    SLICE_X16Y178        FDRE                                         r  u_gmii_inst/frame_mem_reg[19][4]/CE
  -------------------------------------------------------------------    -------------------

                         (clock clk_125_clk_gen fall edge)
                                                      4.000     4.000 f  
    R4                                                0.000     4.000 f  clk_in1_p (IN)
                         net (fo=0)                   0.000     4.000    u_clk_gen/inst/clk_in1_p
    R4                   IBUFDS (Prop_ibufds_I_O)     0.813     4.813 f  u_clk_gen/inst/clkin1_ibufgds/O
                         net (fo=1, routed)           1.004     5.817    u_clk_gen/inst/clk_in1_clk_gen
    MMCME2_ADV_X1Y1      MMCME2_ADV (Prop_mmcme2_adv_CLKIN1_CLKOUT1)
                                                     -6.107    -0.291 f  u_clk_gen/inst/mmcm_adv_inst/CLKOUT1
                         net (fo=1, routed)           1.381     1.091    u_clk_gen/inst/clk_125_clk_gen
    BUFGCTRL_X0Y0        BUFG (Prop_bufg_I_O)         0.077     1.168 f  u_clk_gen/inst/clkout2_buf/O
                         net (fo=5509, routed)        1.407     2.575    u_gmii_inst/clk
    SLICE_X16Y178        FDRE                                         r  u_gmii_inst/frame_mem_reg[19][4]/C  (IS_INVERTED)
                         clock pessimism              0.380     2.954    
                         clock uncertainty           -0.064     2.890    
    SLICE_X16Y178        FDRE (Setup_fdre_C_CE)      -0.164     2.726    u_gmii_inst/frame_mem_reg[19][4]
  -------------------------------------------------------------------
                         required time                          2.726    
                         arrival time                          -0.899    
  -------------------------------------------------------------------
                         slack                                  1.827    

Slack (MET) :             1.827ns  (required time - arrival time)
  Source:                 u_vio_tx_gmii/inst/PROBE_OUT_ALL_INST/G_PROBE_OUT[0].PROBE_OUT0_INST/Probe_out_reg[0]/C
                            (rising edge-triggered cell FDRE clocked by clk_125_clk_gen  {rise@0.000ns fall@4.000ns period=8.000ns})
  Destination:            u_gmii_inst/frame_mem_reg[8][4]/CE
                            (falling edge-triggered cell FDRE clocked by clk_125_clk_gen  {rise@0.000ns fall@4.000ns period=8.000ns})
  Path Group:             clk_125_clk_gen
  Path Type:              Setup (Max at Slow Process Corner)
  Requirement:            4.000ns  (clk_125_clk_gen fall@4.000ns - clk_125_clk_gen rise@0.000ns)
  Data Path Delay:        1.905ns  (logic 0.484ns (25.404%)  route 1.421ns (74.596%))
  Logic Levels:           1  (LUT2=1)
  Clock Path Skew:        -0.039ns (DCD - SCD + CPR)
    Destination Clock Delay (DCD):    -1.425ns = ( 2.575 - 4.000 ) 
    Source Clock Delay      (SCD):    -1.007ns
    Clock Pessimism Removal (CPR):    0.380ns
  Clock Uncertainty:      0.064ns  ((TSJ^2 + DJ^2)^1/2) / 2 + PE
    Total System Jitter     (TSJ):    0.071ns
    Discrete Jitter          (DJ):    0.108ns
    Phase Error              (PE):    0.000ns

    Location             Delay type                Incr(ns)  Path(ns)    Netlist Resource(s)
  -------------------------------------------------------------------    -------------------
                         (clock clk_125_clk_gen rise edge)
                                                      0.000     0.000 r  
    R4                                                0.000     0.000 r  clk_in1_p (IN)
                         net (fo=0)                   0.000     0.000    u_clk_gen/inst/clk_in1_p
    R4                   IBUFDS (Prop_ibufds_I_O)     0.851     0.851 r  u_clk_gen/inst/clkin1_ibufgds/O
                         net (fo=1, routed)           1.065     1.916    u_clk_gen/inst/clk_in1_clk_gen
    MMCME2_ADV_X1Y1      MMCME2_ADV (Prop_mmcme2_adv_CLKIN1_CLKOUT1)
                                                     -5.972    -4.056 r  u_clk_gen/inst/mmcm_adv_inst/CLKOUT1
                         net (fo=1, routed)           1.449    -2.608    u_clk_gen/inst/clk_125_clk_gen
    BUFGCTRL_X0Y0        BUFG (Prop_bufg_I_O)         0.081    -2.527 r  u_clk_gen/inst/clkout2_buf/O
                         net (fo=5509, routed)        1.520    -1.007    u_vio_tx_gmii/inst/PROBE_OUT_ALL_INST/G_PROBE_OUT[0].PROBE_OUT0_INST/clk
    SLICE_X13Y173        FDRE                                         r  u_vio_tx_gmii/inst/PROBE_OUT_ALL_INST/G_PROBE_OUT[0].PROBE_OUT0_INST/Probe_out_reg[0]/C
  -------------------------------------------------------------------    -------------------
    SLICE_X13Y173        FDRE (Prop_fdre_C_Q)         0.379    -0.628 f  u_vio_tx_gmii/inst/PROBE_OUT_ALL_INST/G_PROBE_OUT[0].PROBE_OUT0_INST/Probe_out_reg[0]/Q
                         net (fo=21, routed)          0.694     0.066    u_gmii_inst/rst
    SLICE_X8Y170         LUT2 (Prop_lut2_I1_O)        0.105     0.171 r  u_gmii_inst/frame_mem[8][7]_i_1/O
                         net (fo=144, routed)         0.728     0.899    u_gmii_inst/frame_mem[8][7]_i_1_n_0
    SLICE_X16Y178        FDRE                                         r  u_gmii_inst/frame_mem_reg[8][4]/CE
  -------------------------------------------------------------------    -------------------

                         (clock clk_125_clk_gen fall edge)
                                                      4.000     4.000 f  
    R4                                                0.000     4.000 f  clk_in1_p (IN)
                         net (fo=0)                   0.000     4.000    u_clk_gen/inst/clk_in1_p
    R4                   IBUFDS (Prop_ibufds_I_O)     0.813     4.813 f  u_clk_gen/inst/clkin1_ibufgds/O
                         net (fo=1, routed)           1.004     5.817    u_clk_gen/inst/clk_in1_clk_gen
    MMCME2_ADV_X1Y1      MMCME2_ADV (Prop_mmcme2_adv_CLKIN1_CLKOUT1)
                                                     -6.107    -0.291 f  u_clk_gen/inst/mmcm_adv_inst/CLKOUT1
                         net (fo=1, routed)           1.381     1.091    u_clk_gen/inst/clk_125_clk_gen
    BUFGCTRL_X0Y0        BUFG (Prop_bufg_I_O)         0.077     1.168 f  u_clk_gen/inst/clkout2_buf/O
                         net (fo=5509, routed)        1.407     2.575    u_gmii_inst/clk
    SLICE_X16Y178        FDRE                                         r  u_gmii_inst/frame_mem_reg[8][4]/C  (IS_INVERTED)
                         clock pessimism              0.380     2.954    
                         clock uncertainty           -0.064     2.890    
    SLICE_X16Y178        FDRE (Setup_fdre_C_CE)      -0.164     2.726    u_gmii_inst/frame_mem_reg[8][4]
  -------------------------------------------------------------------
                         required time                          2.726    
                         arrival time                          -0.899    
  -------------------------------------------------------------------
                         slack                                  1.827    

Slack (MET) :             1.827ns  (required time - arrival time)
  Source:                 u_vio_tx_gmii/inst/PROBE_OUT_ALL_INST/G_PROBE_OUT[0].PROBE_OUT0_INST/Probe_out_reg[0]/C
                            (rising edge-triggered cell FDRE clocked by clk_125_clk_gen  {rise@0.000ns fall@4.000ns period=8.000ns})
  Destination:            u_gmii_inst/frame_mem_reg[9][4]/CE
                            (falling edge-triggered cell FDRE clocked by clk_125_clk_gen  {rise@0.000ns fall@4.000ns period=8.000ns})
  Path Group:             clk_125_clk_gen
  Path Type:              Setup (Max at Slow Process Corner)
  Requirement:            4.000ns  (clk_125_clk_gen fall@4.000ns - clk_125_clk_gen rise@0.000ns)
  Data Path Delay:        1.905ns  (logic 0.484ns (25.404%)  route 1.421ns (74.596%))
  Logic Levels:           1  (LUT2=1)
  Clock Path Skew:        -0.039ns (DCD - SCD + CPR)
    Destination Clock Delay (DCD):    -1.425ns = ( 2.575 - 4.000 ) 
    Source Clock Delay      (SCD):    -1.007ns
    Clock Pessimism Removal (CPR):    0.380ns
  Clock Uncertainty:      0.064ns  ((TSJ^2 + DJ^2)^1/2) / 2 + PE
    Total System Jitter     (TSJ):    0.071ns
    Discrete Jitter          (DJ):    0.108ns
    Phase Error              (PE):    0.000ns

    Location             Delay type                Incr(ns)  Path(ns)    Netlist Resource(s)
  -------------------------------------------------------------------    -------------------
                         (clock clk_125_clk_gen rise edge)
                                                      0.000     0.000 r  
    R4                                                0.000     0.000 r  clk_in1_p (IN)
                         net (fo=0)                   0.000     0.000    u_clk_gen/inst/clk_in1_p
    R4                   IBUFDS (Prop_ibufds_I_O)     0.851     0.851 r  u_clk_gen/inst/clkin1_ibufgds/O
                         net (fo=1, routed)           1.065     1.916    u_clk_gen/inst/clk_in1_clk_gen
    MMCME2_ADV_X1Y1      MMCME2_ADV (Prop_mmcme2_adv_CLKIN1_CLKOUT1)
                                                     -5.972    -4.056 r  u_clk_gen/inst/mmcm_adv_inst/CLKOUT1
                         net (fo=1, routed)           1.449    -2.608    u_clk_gen/inst/clk_125_clk_gen
    BUFGCTRL_X0Y0        BUFG (Prop_bufg_I_O)         0.081    -2.527 r  u_clk_gen/inst/clkout2_buf/O
                         net (fo=5509, routed)        1.520    -1.007    u_vio_tx_gmii/inst/PROBE_OUT_ALL_INST/G_PROBE_OUT[0].PROBE_OUT0_INST/clk
    SLICE_X13Y173        FDRE                                         r  u_vio_tx_gmii/inst/PROBE_OUT_ALL_INST/G_PROBE_OUT[0].PROBE_OUT0_INST/Probe_out_reg[0]/C
  -------------------------------------------------------------------    -------------------
    SLICE_X13Y173        FDRE (Prop_fdre_C_Q)         0.379    -0.628 f  u_vio_tx_gmii/inst/PROBE_OUT_ALL_INST/G_PROBE_OUT[0].PROBE_OUT0_INST/Probe_out_reg[0]/Q
                         net (fo=21, routed)          0.694     0.066    u_gmii_inst/rst
    SLICE_X8Y170         LUT2 (Prop_lut2_I1_O)        0.105     0.171 r  u_gmii_inst/frame_mem[8][7]_i_1/O
                         net (fo=144, routed)         0.728     0.899    u_gmii_inst/frame_mem[8][7]_i_1_n_0
    SLICE_X16Y178        FDRE                                         r  u_gmii_inst/frame_mem_reg[9][4]/CE
  -------------------------------------------------------------------    -------------------

                         (clock clk_125_clk_gen fall edge)
                                                      4.000     4.000 f  
    R4                                                0.000     4.000 f  clk_in1_p (IN)
                         net (fo=0)                   0.000     4.000    u_clk_gen/inst/clk_in1_p
    R4                   IBUFDS (Prop_ibufds_I_O)     0.813     4.813 f  u_clk_gen/inst/clkin1_ibufgds/O
                         net (fo=1, routed)           1.004     5.817    u_clk_gen/inst/clk_in1_clk_gen
    MMCME2_ADV_X1Y1      MMCME2_ADV (Prop_mmcme2_adv_CLKIN1_CLKOUT1)
                                                     -6.107    -0.291 f  u_clk_gen/inst/mmcm_adv_inst/CLKOUT1
                         net (fo=1, routed)           1.381     1.091    u_clk_gen/inst/clk_125_clk_gen
    BUFGCTRL_X0Y0        BUFG (Prop_bufg_I_O)         0.077     1.168 f  u_clk_gen/inst/clkout2_buf/O
                         net (fo=5509, routed)        1.407     2.575    u_gmii_inst/clk
    SLICE_X16Y178        FDRE                                         r  u_gmii_inst/frame_mem_reg[9][4]/C  (IS_INVERTED)
                         clock pessimism              0.380     2.954    
                         clock uncertainty           -0.064     2.890    
    SLICE_X16Y178        FDRE (Setup_fdre_C_CE)      -0.164     2.726    u_gmii_inst/frame_mem_reg[9][4]
  -------------------------------------------------------------------
                         required time                          2.726    
                         arrival time                          -0.899    
  -------------------------------------------------------------------
                         slack                                  1.827    

Slack (MET) :             1.844ns  (required time - arrival time)
  Source:                 u_vio_tx_gmii/inst/PROBE_OUT_ALL_INST/G_PROBE_OUT[0].PROBE_OUT0_INST/Probe_out_reg[0]/C
                            (rising edge-triggered cell FDRE clocked by clk_125_clk_gen  {rise@0.000ns fall@4.000ns period=8.000ns})
  Destination:            u_gmii_inst/frame_mem_reg[12][0]/CE
                            (falling edge-triggered cell FDRE clocked by clk_125_clk_gen  {rise@0.000ns fall@4.000ns period=8.000ns})
  Path Group:             clk_125_clk_gen
  Path Type:              Setup (Max at Slow Process Corner)
  Requirement:            4.000ns  (clk_125_clk_gen fall@4.000ns - clk_125_clk_gen rise@0.000ns)
  Data Path Delay:        1.885ns  (logic 0.484ns (25.672%)  route 1.401ns (74.328%))
  Logic Levels:           1  (LUT2=1)
  Clock Path Skew:        -0.042ns (DCD - SCD + CPR)
    Destination Clock Delay (DCD):    -1.428ns = ( 2.572 - 4.000 ) 
    Source Clock Delay      (SCD):    -1.007ns
    Clock Pessimism Removal (CPR):    0.380ns
  Clock Uncertainty:      0.064ns  ((TSJ^2 + DJ^2)^1/2) / 2 + PE
    Total System Jitter     (TSJ):    0.071ns
    Discrete Jitter          (DJ):    0.108ns
    Phase Error              (PE):    0.000ns

    Location             Delay type                Incr(ns)  Path(ns)    Netlist Resource(s)
  -------------------------------------------------------------------    -------------------
                         (clock clk_125_clk_gen rise edge)
                                                      0.000     0.000 r  
    R4                                                0.000     0.000 r  clk_in1_p (IN)
                         net (fo=0)                   0.000     0.000    u_clk_gen/inst/clk_in1_p
    R4                   IBUFDS (Prop_ibufds_I_O)     0.851     0.851 r  u_clk_gen/inst/clkin1_ibufgds/O
                         net (fo=1, routed)           1.065     1.916    u_clk_gen/inst/clk_in1_clk_gen
    MMCME2_ADV_X1Y1      MMCME2_ADV (Prop_mmcme2_adv_CLKIN1_CLKOUT1)
                                                     -5.972    -4.056 r  u_clk_gen/inst/mmcm_adv_inst/CLKOUT1
                         net (fo=1, routed)           1.449    -2.608    u_clk_gen/inst/clk_125_clk_gen
    BUFGCTRL_X0Y0        BUFG (Prop_bufg_I_O)         0.081    -2.527 r  u_clk_gen/inst/clkout2_buf/O
                         net (fo=5509, routed)        1.520    -1.007    u_vio_tx_gmii/inst/PROBE_OUT_ALL_INST/G_PROBE_OUT[0].PROBE_OUT0_INST/clk
    SLICE_X13Y173        FDRE                                         r  u_vio_tx_gmii/inst/PROBE_OUT_ALL_INST/G_PROBE_OUT[0].PROBE_OUT0_INST/Probe_out_reg[0]/C
  -------------------------------------------------------------------    -------------------
    SLICE_X13Y173        FDRE (Prop_fdre_C_Q)         0.379    -0.628 f  u_vio_tx_gmii/inst/PROBE_OUT_ALL_INST/G_PROBE_OUT[0].PROBE_OUT0_INST/Probe_out_reg[0]/Q
                         net (fo=21, routed)          0.694     0.066    u_gmii_inst/rst
    SLICE_X8Y170         LUT2 (Prop_lut2_I1_O)        0.105     0.171 r  u_gmii_inst/frame_mem[8][7]_i_1/O
                         net (fo=144, routed)         0.708     0.879    u_gmii_inst/frame_mem[8][7]_i_1_n_0
    SLICE_X9Y175         FDRE                                         r  u_gmii_inst/frame_mem_reg[12][0]/CE
  -------------------------------------------------------------------    -------------------

                         (clock clk_125_clk_gen fall edge)
                                                      4.000     4.000 f  
    R4                                                0.000     4.000 f  clk_in1_p (IN)
                         net (fo=0)                   0.000     4.000    u_clk_gen/inst/clk_in1_p
    R4                   IBUFDS (Prop_ibufds_I_O)     0.813     4.813 f  u_clk_gen/inst/clkin1_ibufgds/O
                         net (fo=1, routed)           1.004     5.817    u_clk_gen/inst/clk_in1_clk_gen
    MMCME2_ADV_X1Y1      MMCME2_ADV (Prop_mmcme2_adv_CLKIN1_CLKOUT1)
                                                     -6.107    -0.291 f  u_clk_gen/inst/mmcm_adv_inst/CLKOUT1
                         net (fo=1, routed)           1.381     1.091    u_clk_gen/inst/clk_125_clk_gen
    BUFGCTRL_X0Y0        BUFG (Prop_bufg_I_O)         0.077     1.168 f  u_clk_gen/inst/clkout2_buf/O
                         net (fo=5509, routed)        1.404     2.572    u_gmii_inst/clk
    SLICE_X9Y175         FDRE                                         r  u_gmii_inst/frame_mem_reg[12][0]/C  (IS_INVERTED)
                         clock pessimism              0.380     2.951    
                         clock uncertainty           -0.064     2.887    
    SLICE_X9Y175         FDRE (Setup_fdre_C_CE)      -0.164     2.723    u_gmii_inst/frame_mem_reg[12][0]
  -------------------------------------------------------------------
                         required time                          2.723    
                         arrival time                          -0.879    
  -------------------------------------------------------------------
                         slack                                  1.844    

Slack (MET) :             1.844ns  (required time - arrival time)
  Source:                 u_vio_tx_gmii/inst/PROBE_OUT_ALL_INST/G_PROBE_OUT[0].PROBE_OUT0_INST/Probe_out_reg[0]/C
                            (rising edge-triggered cell FDRE clocked by clk_125_clk_gen  {rise@0.000ns fall@4.000ns period=8.000ns})
  Destination:            u_gmii_inst/frame_mem_reg[13][0]/CE
                            (falling edge-triggered cell FDRE clocked by clk_125_clk_gen  {rise@0.000ns fall@4.000ns period=8.000ns})
  Path Group:             clk_125_clk_gen
  Path Type:              Setup (Max at Slow Process Corner)
  Requirement:            4.000ns  (clk_125_clk_gen fall@4.000ns - clk_125_clk_gen rise@0.000ns)
  Data Path Delay:        1.885ns  (logic 0.484ns (25.672%)  route 1.401ns (74.328%))
  Logic Levels:           1  (LUT2=1)
  Clock Path Skew:        -0.042ns (DCD - SCD + CPR)
    Destination Clock Delay (DCD):    -1.428ns = ( 2.572 - 4.000 ) 
    Source Clock Delay      (SCD):    -1.007ns
    Clock Pessimism Removal (CPR):    0.380ns
  Clock Uncertainty:      0.064ns  ((TSJ^2 + DJ^2)^1/2) / 2 + PE
    Total System Jitter     (TSJ):    0.071ns
    Discrete Jitter          (DJ):    0.108ns
    Phase Error              (PE):    0.000ns

    Location             Delay type                Incr(ns)  Path(ns)    Netlist Resource(s)
  -------------------------------------------------------------------    -------------------
                         (clock clk_125_clk_gen rise edge)
                                                      0.000     0.000 r  
    R4                                                0.000     0.000 r  clk_in1_p (IN)
                         net (fo=0)                   0.000     0.000    u_clk_gen/inst/clk_in1_p
    R4                   IBUFDS (Prop_ibufds_I_O)     0.851     0.851 r  u_clk_gen/inst/clkin1_ibufgds/O
                         net (fo=1, routed)           1.065     1.916    u_clk_gen/inst/clk_in1_clk_gen
    MMCME2_ADV_X1Y1      MMCME2_ADV (Prop_mmcme2_adv_CLKIN1_CLKOUT1)
                                                     -5.972    -4.056 r  u_clk_gen/inst/mmcm_adv_inst/CLKOUT1
                         net (fo=1, routed)           1.449    -2.608    u_clk_gen/inst/clk_125_clk_gen
    BUFGCTRL_X0Y0        BUFG (Prop_bufg_I_O)         0.081    -2.527 r  u_clk_gen/inst/clkout2_buf/O
                         net (fo=5509, routed)        1.520    -1.007    u_vio_tx_gmii/inst/PROBE_OUT_ALL_INST/G_PROBE_OUT[0].PROBE_OUT0_INST/clk
    SLICE_X13Y173        FDRE                                         r  u_vio_tx_gmii/inst/PROBE_OUT_ALL_INST/G_PROBE_OUT[0].PROBE_OUT0_INST/Probe_out_reg[0]/C
  -------------------------------------------------------------------    -------------------
    SLICE_X13Y173        FDRE (Prop_fdre_C_Q)         0.379    -0.628 f  u_vio_tx_gmii/inst/PROBE_OUT_ALL_INST/G_PROBE_OUT[0].PROBE_OUT0_INST/Probe_out_reg[0]/Q
                         net (fo=21, routed)          0.694     0.066    u_gmii_inst/rst
    SLICE_X8Y170         LUT2 (Prop_lut2_I1_O)        0.105     0.171 r  u_gmii_inst/frame_mem[8][7]_i_1/O
                         net (fo=144, routed)         0.708     0.879    u_gmii_inst/frame_mem[8][7]_i_1_n_0
    SLICE_X9Y175         FDRE                                         r  u_gmii_inst/frame_mem_reg[13][0]/CE
  -------------------------------------------------------------------    -------------------

                         (clock clk_125_clk_gen fall edge)
                                                      4.000     4.000 f  
    R4                                                0.000     4.000 f  clk_in1_p (IN)
                         net (fo=0)                   0.000     4.000    u_clk_gen/inst/clk_in1_p
    R4                   IBUFDS (Prop_ibufds_I_O)     0.813     4.813 f  u_clk_gen/inst/clkin1_ibufgds/O
                         net (fo=1, routed)           1.004     5.817    u_clk_gen/inst/clk_in1_clk_gen
    MMCME2_ADV_X1Y1      MMCME2_ADV (Prop_mmcme2_adv_CLKIN1_CLKOUT1)
                                                     -6.107    -0.291 f  u_clk_gen/inst/mmcm_adv_inst/CLKOUT1
                         net (fo=1, routed)           1.381     1.091    u_clk_gen/inst/clk_125_clk_gen
    BUFGCTRL_X0Y0        BUFG (Prop_bufg_I_O)         0.077     1.168 f  u_clk_gen/inst/clkout2_buf/O
                         net (fo=5509, routed)        1.404     2.572    u_gmii_inst/clk
    SLICE_X9Y175         FDRE                                         r  u_gmii_inst/frame_mem_reg[13][0]/C  (IS_INVERTED)
                         clock pessimism              0.380     2.951    
                         clock uncertainty           -0.064     2.887    
    SLICE_X9Y175         FDRE (Setup_fdre_C_CE)      -0.164     2.723    u_gmii_inst/frame_mem_reg[13][0]
  -------------------------------------------------------------------
                         required time                          2.723    
                         arrival time                          -0.879    
  -------------------------------------------------------------------
                         slack                                  1.844    

Slack (MET) :             1.844ns  (required time - arrival time)
  Source:                 u_vio_tx_gmii/inst/PROBE_OUT_ALL_INST/G_PROBE_OUT[0].PROBE_OUT0_INST/Probe_out_reg[0]/C
                            (rising edge-triggered cell FDRE clocked by clk_125_clk_gen  {rise@0.000ns fall@4.000ns period=8.000ns})
  Destination:            u_gmii_inst/frame_mem_reg[14][0]/CE
                            (falling edge-triggered cell FDRE clocked by clk_125_clk_gen  {rise@0.000ns fall@4.000ns period=8.000ns})
  Path Group:             clk_125_clk_gen
  Path Type:              Setup (Max at Slow Process Corner)
  Requirement:            4.000ns  (clk_125_clk_gen fall@4.000ns - clk_125_clk_gen rise@0.000ns)
  Data Path Delay:        1.885ns  (logic 0.484ns (25.672%)  route 1.401ns (74.328%))
  Logic Levels:           1  (LUT2=1)
  Clock Path Skew:        -0.042ns (DCD - SCD + CPR)
    Destination Clock Delay (DCD):    -1.428ns = ( 2.572 - 4.000 ) 
    Source Clock Delay      (SCD):    -1.007ns
    Clock Pessimism Removal (CPR):    0.380ns
  Clock Uncertainty:      0.064ns  ((TSJ^2 + DJ^2)^1/2) / 2 + PE
    Total System Jitter     (TSJ):    0.071ns
    Discrete Jitter          (DJ):    0.108ns
    Phase Error              (PE):    0.000ns

    Location             Delay type                Incr(ns)  Path(ns)    Netlist Resource(s)
  -------------------------------------------------------------------    -------------------
                         (clock clk_125_clk_gen rise edge)
                                                      0.000     0.000 r  
    R4                                                0.000     0.000 r  clk_in1_p (IN)
                         net (fo=0)                   0.000     0.000    u_clk_gen/inst/clk_in1_p
    R4                   IBUFDS (Prop_ibufds_I_O)     0.851     0.851 r  u_clk_gen/inst/clkin1_ibufgds/O
                         net (fo=1, routed)           1.065     1.916    u_clk_gen/inst/clk_in1_clk_gen
    MMCME2_ADV_X1Y1      MMCME2_ADV (Prop_mmcme2_adv_CLKIN1_CLKOUT1)
                                                     -5.972    -4.056 r  u_clk_gen/inst/mmcm_adv_inst/CLKOUT1
                         net (fo=1, routed)           1.449    -2.608    u_clk_gen/inst/clk_125_clk_gen
    BUFGCTRL_X0Y0        BUFG (Prop_bufg_I_O)         0.081    -2.527 r  u_clk_gen/inst/clkout2_buf/O
                         net (fo=5509, routed)        1.520    -1.007    u_vio_tx_gmii/inst/PROBE_OUT_ALL_INST/G_PROBE_OUT[0].PROBE_OUT0_INST/clk
    SLICE_X13Y173        FDRE                                         r  u_vio_tx_gmii/inst/PROBE_OUT_ALL_INST/G_PROBE_OUT[0].PROBE_OUT0_INST/Probe_out_reg[0]/C
  -------------------------------------------------------------------    -------------------
    SLICE_X13Y173        FDRE (Prop_fdre_C_Q)         0.379    -0.628 f  u_vio_tx_gmii/inst/PROBE_OUT_ALL_INST/G_PROBE_OUT[0].PROBE_OUT0_INST/Probe_out_reg[0]/Q
                         net (fo=21, routed)          0.694     0.066    u_gmii_inst/rst
    SLICE_X8Y170         LUT2 (Prop_lut2_I1_O)        0.105     0.171 r  u_gmii_inst/frame_mem[8][7]_i_1/O
                         net (fo=144, routed)         0.708     0.879    u_gmii_inst/frame_mem[8][7]_i_1_n_0
    SLICE_X9Y175         FDRE                                         r  u_gmii_inst/frame_mem_reg[14][0]/CE
  -------------------------------------------------------------------    -------------------

                         (clock clk_125_clk_gen fall edge)
                                                      4.000     4.000 f  
    R4                                                0.000     4.000 f  clk_in1_p (IN)
                         net (fo=0)                   0.000     4.000    u_clk_gen/inst/clk_in1_p
    R4                   IBUFDS (Prop_ibufds_I_O)     0.813     4.813 f  u_clk_gen/inst/clkin1_ibufgds/O
                         net (fo=1, routed)           1.004     5.817    u_clk_gen/inst/clk_in1_clk_gen
    MMCME2_ADV_X1Y1      MMCME2_ADV (Prop_mmcme2_adv_CLKIN1_CLKOUT1)
                                                     -6.107    -0.291 f  u_clk_gen/inst/mmcm_adv_inst/CLKOUT1
                         net (fo=1, routed)           1.381     1.091    u_clk_gen/inst/clk_125_clk_gen
    BUFGCTRL_X0Y0        BUFG (Prop_bufg_I_O)         0.077     1.168 f  u_clk_gen/inst/clkout2_buf/O
                         net (fo=5509, routed)        1.404     2.572    u_gmii_inst/clk
    SLICE_X9Y175         FDRE                                         r  u_gmii_inst/frame_mem_reg[14][0]/C  (IS_INVERTED)
                         clock pessimism              0.380     2.951    
                         clock uncertainty           -0.064     2.887    
    SLICE_X9Y175         FDRE (Setup_fdre_C_CE)      -0.164     2.723    u_gmii_inst/frame_mem_reg[14][0]
  -------------------------------------------------------------------
                         required time                          2.723    
                         arrival time                          -0.879    
  -------------------------------------------------------------------
                         slack                                  1.844    

Slack (MET) :             1.844ns  (required time - arrival time)
  Source:                 u_vio_tx_gmii/inst/PROBE_OUT_ALL_INST/G_PROBE_OUT[0].PROBE_OUT0_INST/Probe_out_reg[0]/C
                            (rising edge-triggered cell FDRE clocked by clk_125_clk_gen  {rise@0.000ns fall@4.000ns period=8.000ns})
  Destination:            u_gmii_inst/frame_mem_reg[15][0]/CE
                            (falling edge-triggered cell FDRE clocked by clk_125_clk_gen  {rise@0.000ns fall@4.000ns period=8.000ns})
  Path Group:             clk_125_clk_gen
  Path Type:              Setup (Max at Slow Process Corner)
  Requirement:            4.000ns  (clk_125_clk_gen fall@4.000ns - clk_125_clk_gen rise@0.000ns)
  Data Path Delay:        1.885ns  (logic 0.484ns (25.672%)  route 1.401ns (74.328%))
  Logic Levels:           1  (LUT2=1)
  Clock Path Skew:        -0.042ns (DCD - SCD + CPR)
    Destination Clock Delay (DCD):    -1.428ns = ( 2.572 - 4.000 ) 
    Source Clock Delay      (SCD):    -1.007ns
    Clock Pessimism Removal (CPR):    0.380ns
  Clock Uncertainty:      0.064ns  ((TSJ^2 + DJ^2)^1/2) / 2 + PE
    Total System Jitter     (TSJ):    0.071ns
    Discrete Jitter          (DJ):    0.108ns
    Phase Error              (PE):    0.000ns

    Location             Delay type                Incr(ns)  Path(ns)    Netlist Resource(s)
  -------------------------------------------------------------------    -------------------
                         (clock clk_125_clk_gen rise edge)
                                                      0.000     0.000 r  
    R4                                                0.000     0.000 r  clk_in1_p (IN)
                         net (fo=0)                   0.000     0.000    u_clk_gen/inst/clk_in1_p
    R4                   IBUFDS (Prop_ibufds_I_O)     0.851     0.851 r  u_clk_gen/inst/clkin1_ibufgds/O
                         net (fo=1, routed)           1.065     1.916    u_clk_gen/inst/clk_in1_clk_gen
    MMCME2_ADV_X1Y1      MMCME2_ADV (Prop_mmcme2_adv_CLKIN1_CLKOUT1)
                                                     -5.972    -4.056 r  u_clk_gen/inst/mmcm_adv_inst/CLKOUT1
                         net (fo=1, routed)           1.449    -2.608    u_clk_gen/inst/clk_125_clk_gen
    BUFGCTRL_X0Y0        BUFG (Prop_bufg_I_O)         0.081    -2.527 r  u_clk_gen/inst/clkout2_buf/O
                         net (fo=5509, routed)        1.520    -1.007    u_vio_tx_gmii/inst/PROBE_OUT_ALL_INST/G_PROBE_OUT[0].PROBE_OUT0_INST/clk
    SLICE_X13Y173        FDRE                                         r  u_vio_tx_gmii/inst/PROBE_OUT_ALL_INST/G_PROBE_OUT[0].PROBE_OUT0_INST/Probe_out_reg[0]/C
  -------------------------------------------------------------------    -------------------
    SLICE_X13Y173        FDRE (Prop_fdre_C_Q)         0.379    -0.628 f  u_vio_tx_gmii/inst/PROBE_OUT_ALL_INST/G_PROBE_OUT[0].PROBE_OUT0_INST/Probe_out_reg[0]/Q
                         net (fo=21, routed)          0.694     0.066    u_gmii_inst/rst
    SLICE_X8Y170         LUT2 (Prop_lut2_I1_O)        0.105     0.171 r  u_gmii_inst/frame_mem[8][7]_i_1/O
                         net (fo=144, routed)         0.708     0.879    u_gmii_inst/frame_mem[8][7]_i_1_n_0
    SLICE_X9Y175         FDRE                                         r  u_gmii_inst/frame_mem_reg[15][0]/CE
  -------------------------------------------------------------------    -------------------

                         (clock clk_125_clk_gen fall edge)
                                                      4.000     4.000 f  
    R4                                                0.000     4.000 f  clk_in1_p (IN)
                         net (fo=0)                   0.000     4.000    u_clk_gen/inst/clk_in1_p
    R4                   IBUFDS (Prop_ibufds_I_O)     0.813     4.813 f  u_clk_gen/inst/clkin1_ibufgds/O
                         net (fo=1, routed)           1.004     5.817    u_clk_gen/inst/clk_in1_clk_gen
    MMCME2_ADV_X1Y1      MMCME2_ADV (Prop_mmcme2_adv_CLKIN1_CLKOUT1)
                                                     -6.107    -0.291 f  u_clk_gen/inst/mmcm_adv_inst/CLKOUT1
                         net (fo=1, routed)           1.381     1.091    u_clk_gen/inst/clk_125_clk_gen
    BUFGCTRL_X0Y0        BUFG (Prop_bufg_I_O)         0.077     1.168 f  u_clk_gen/inst/clkout2_buf/O
                         net (fo=5509, routed)        1.404     2.572    u_gmii_inst/clk
    SLICE_X9Y175         FDRE                                         r  u_gmii_inst/frame_mem_reg[15][0]/C  (IS_INVERTED)
                         clock pessimism              0.380     2.951    
                         clock uncertainty           -0.064     2.887    
    SLICE_X9Y175         FDRE (Setup_fdre_C_CE)      -0.164     2.723    u_gmii_inst/frame_mem_reg[15][0]
  -------------------------------------------------------------------
                         required time                          2.723    
                         arrival time                          -0.879    
  -------------------------------------------------------------------
                         slack                                  1.844    

Slack (MET) :             1.844ns  (required time - arrival time)
  Source:                 u_vio_tx_gmii/inst/PROBE_OUT_ALL_INST/G_PROBE_OUT[0].PROBE_OUT0_INST/Probe_out_reg[0]/C
                            (rising edge-triggered cell FDRE clocked by clk_125_clk_gen  {rise@0.000ns fall@4.000ns period=8.000ns})
  Destination:            u_gmii_inst/frame_mem_reg[21][0]/CE
                            (falling edge-triggered cell FDRE clocked by clk_125_clk_gen  {rise@0.000ns fall@4.000ns period=8.000ns})
  Path Group:             clk_125_clk_gen
  Path Type:              Setup (Max at Slow Process Corner)
  Requirement:            4.000ns  (clk_125_clk_gen fall@4.000ns - clk_125_clk_gen rise@0.000ns)
  Data Path Delay:        1.885ns  (logic 0.484ns (25.672%)  route 1.401ns (74.328%))
  Logic Levels:           1  (LUT2=1)
  Clock Path Skew:        -0.042ns (DCD - SCD + CPR)
    Destination Clock Delay (DCD):    -1.428ns = ( 2.572 - 4.000 ) 
    Source Clock Delay      (SCD):    -1.007ns
    Clock Pessimism Removal (CPR):    0.380ns
  Clock Uncertainty:      0.064ns  ((TSJ^2 + DJ^2)^1/2) / 2 + PE
    Total System Jitter     (TSJ):    0.071ns
    Discrete Jitter          (DJ):    0.108ns
    Phase Error              (PE):    0.000ns

    Location             Delay type                Incr(ns)  Path(ns)    Netlist Resource(s)
  -------------------------------------------------------------------    -------------------
                         (clock clk_125_clk_gen rise edge)
                                                      0.000     0.000 r  
    R4                                                0.000     0.000 r  clk_in1_p (IN)
                         net (fo=0)                   0.000     0.000    u_clk_gen/inst/clk_in1_p
    R4                   IBUFDS (Prop_ibufds_I_O)     0.851     0.851 r  u_clk_gen/inst/clkin1_ibufgds/O
                         net (fo=1, routed)           1.065     1.916    u_clk_gen/inst/clk_in1_clk_gen
    MMCME2_ADV_X1Y1      MMCME2_ADV (Prop_mmcme2_adv_CLKIN1_CLKOUT1)
                                                     -5.972    -4.056 r  u_clk_gen/inst/mmcm_adv_inst/CLKOUT1
                         net (fo=1, routed)           1.449    -2.608    u_clk_gen/inst/clk_125_clk_gen
    BUFGCTRL_X0Y0        BUFG (Prop_bufg_I_O)         0.081    -2.527 r  u_clk_gen/inst/clkout2_buf/O
                         net (fo=5509, routed)        1.520    -1.007    u_vio_tx_gmii/inst/PROBE_OUT_ALL_INST/G_PROBE_OUT[0].PROBE_OUT0_INST/clk
    SLICE_X13Y173        FDRE                                         r  u_vio_tx_gmii/inst/PROBE_OUT_ALL_INST/G_PROBE_OUT[0].PROBE_OUT0_INST/Probe_out_reg[0]/C
  -------------------------------------------------------------------    -------------------
    SLICE_X13Y173        FDRE (Prop_fdre_C_Q)         0.379    -0.628 f  u_vio_tx_gmii/inst/PROBE_OUT_ALL_INST/G_PROBE_OUT[0].PROBE_OUT0_INST/Probe_out_reg[0]/Q
                         net (fo=21, routed)          0.694     0.066    u_gmii_inst/rst
    SLICE_X8Y170         LUT2 (Prop_lut2_I1_O)        0.105     0.171 r  u_gmii_inst/frame_mem[8][7]_i_1/O
                         net (fo=144, routed)         0.708     0.879    u_gmii_inst/frame_mem[8][7]_i_1_n_0
    SLICE_X9Y175         FDRE                                         r  u_gmii_inst/frame_mem_reg[21][0]/CE
  -------------------------------------------------------------------    -------------------

                         (clock clk_125_clk_gen fall edge)
                                                      4.000     4.000 f  
    R4                                                0.000     4.000 f  clk_in1_p (IN)
                         net (fo=0)                   0.000     4.000    u_clk_gen/inst/clk_in1_p
    R4                   IBUFDS (Prop_ibufds_I_O)     0.813     4.813 f  u_clk_gen/inst/clkin1_ibufgds/O
                         net (fo=1, routed)           1.004     5.817    u_clk_gen/inst/clk_in1_clk_gen
    MMCME2_ADV_X1Y1      MMCME2_ADV (Prop_mmcme2_adv_CLKIN1_CLKOUT1)
                                                     -6.107    -0.291 f  u_clk_gen/inst/mmcm_adv_inst/CLKOUT1
                         net (fo=1, routed)           1.381     1.091    u_clk_gen/inst/clk_125_clk_gen
    BUFGCTRL_X0Y0        BUFG (Prop_bufg_I_O)         0.077     1.168 f  u_clk_gen/inst/clkout2_buf/O
                         net (fo=5509, routed)        1.404     2.572    u_gmii_inst/clk
    SLICE_X9Y175         FDRE                                         r  u_gmii_inst/frame_mem_reg[21][0]/C  (IS_INVERTED)
                         clock pessimism              0.380     2.951    
                         clock uncertainty           -0.064     2.887    
    SLICE_X9Y175         FDRE (Setup_fdre_C_CE)      -0.164     2.723    u_gmii_inst/frame_mem_reg[21][0]
  -------------------------------------------------------------------
                         required time                          2.723    
                         arrival time                          -0.879    
  -------------------------------------------------------------------
                         slack                                  1.844    

Slack (MET) :             1.855ns  (required time - arrival time)
  Source:                 u_vio_tx_gmii/inst/PROBE_OUT_ALL_INST/G_PROBE_OUT[0].PROBE_OUT0_INST/Probe_out_reg[0]/C
                            (rising edge-triggered cell FDRE clocked by clk_125_clk_gen  {rise@0.000ns fall@4.000ns period=8.000ns})
  Destination:            u_gmii_inst/frame_mem_reg[10][0]/CE
                            (falling edge-triggered cell FDRE clocked by clk_125_clk_gen  {rise@0.000ns fall@4.000ns period=8.000ns})
  Path Group:             clk_125_clk_gen
  Path Type:              Setup (Max at Slow Process Corner)
  Requirement:            4.000ns  (clk_125_clk_gen fall@4.000ns - clk_125_clk_gen rise@0.000ns)
  Data Path Delay:        1.908ns  (logic 0.484ns (25.372%)  route 1.424ns (74.628%))
  Logic Levels:           1  (LUT2=1)
  Clock Path Skew:        -0.041ns (DCD - SCD + CPR)
    Destination Clock Delay (DCD):    -1.427ns = ( 2.573 - 4.000 ) 
    Source Clock Delay      (SCD):    -1.007ns
    Clock Pessimism Removal (CPR):    0.380ns
  Clock Uncertainty:      0.064ns  ((TSJ^2 + DJ^2)^1/2) / 2 + PE
    Total System Jitter     (TSJ):    0.071ns
    Discrete Jitter          (DJ):    0.108ns
    Phase Error              (PE):    0.000ns

    Location             Delay type                Incr(ns)  Path(ns)    Netlist Resource(s)
  -------------------------------------------------------------------    -------------------
                         (clock clk_125_clk_gen rise edge)
                                                      0.000     0.000 r  
    R4                                                0.000     0.000 r  clk_in1_p (IN)
                         net (fo=0)                   0.000     0.000    u_clk_gen/inst/clk_in1_p
    R4                   IBUFDS (Prop_ibufds_I_O)     0.851     0.851 r  u_clk_gen/inst/clkin1_ibufgds/O
                         net (fo=1, routed)           1.065     1.916    u_clk_gen/inst/clk_in1_clk_gen
    MMCME2_ADV_X1Y1      MMCME2_ADV (Prop_mmcme2_adv_CLKIN1_CLKOUT1)
                                                     -5.972    -4.056 r  u_clk_gen/inst/mmcm_adv_inst/CLKOUT1
                         net (fo=1, routed)           1.449    -2.608    u_clk_gen/inst/clk_125_clk_gen
    BUFGCTRL_X0Y0        BUFG (Prop_bufg_I_O)         0.081    -2.527 r  u_clk_gen/inst/clkout2_buf/O
                         net (fo=5509, routed)        1.520    -1.007    u_vio_tx_gmii/inst/PROBE_OUT_ALL_INST/G_PROBE_OUT[0].PROBE_OUT0_INST/clk
    SLICE_X13Y173        FDRE                                         r  u_vio_tx_gmii/inst/PROBE_OUT_ALL_INST/G_PROBE_OUT[0].PROBE_OUT0_INST/Probe_out_reg[0]/C
  -------------------------------------------------------------------    -------------------
    SLICE_X13Y173        FDRE (Prop_fdre_C_Q)         0.379    -0.628 f  u_vio_tx_gmii/inst/PROBE_OUT_ALL_INST/G_PROBE_OUT[0].PROBE_OUT0_INST/Probe_out_reg[0]/Q
                         net (fo=21, routed)          0.694     0.066    u_gmii_inst/rst
    SLICE_X8Y170         LUT2 (Prop_lut2_I1_O)        0.105     0.171 r  u_gmii_inst/frame_mem[8][7]_i_1/O
                         net (fo=144, routed)         0.730     0.901    u_gmii_inst/frame_mem[8][7]_i_1_n_0
    SLICE_X8Y176         FDRE                                         r  u_gmii_inst/frame_mem_reg[10][0]/CE
  -------------------------------------------------------------------    -------------------

                         (clock clk_125_clk_gen fall edge)
                                                      4.000     4.000 f  
    R4                                                0.000     4.000 f  clk_in1_p (IN)
                         net (fo=0)                   0.000     4.000    u_clk_gen/inst/clk_in1_p
    R4                   IBUFDS (Prop_ibufds_I_O)     0.813     4.813 f  u_clk_gen/inst/clkin1_ibufgds/O
                         net (fo=1, routed)           1.004     5.817    u_clk_gen/inst/clk_in1_clk_gen
    MMCME2_ADV_X1Y1      MMCME2_ADV (Prop_mmcme2_adv_CLKIN1_CLKOUT1)
                                                     -6.107    -0.291 f  u_clk_gen/inst/mmcm_adv_inst/CLKOUT1
                         net (fo=1, routed)           1.381     1.091    u_clk_gen/inst/clk_125_clk_gen
    BUFGCTRL_X0Y0        BUFG (Prop_bufg_I_O)         0.077     1.168 f  u_clk_gen/inst/clkout2_buf/O
                         net (fo=5509, routed)        1.405     2.573    u_gmii_inst/clk
    SLICE_X8Y176         FDRE                                         r  u_gmii_inst/frame_mem_reg[10][0]/C  (IS_INVERTED)
                         clock pessimism              0.380     2.952    
                         clock uncertainty           -0.064     2.888    
    SLICE_X8Y176         FDRE (Setup_fdre_C_CE)      -0.132     2.756    u_gmii_inst/frame_mem_reg[10][0]
  -------------------------------------------------------------------
                         required time                          2.756    
                         arrival time                          -0.901    
  -------------------------------------------------------------------
                         slack                                  1.855    

Slack (MET) :             1.855ns  (required time - arrival time)
  Source:                 u_vio_tx_gmii/inst/PROBE_OUT_ALL_INST/G_PROBE_OUT[0].PROBE_OUT0_INST/Probe_out_reg[0]/C
                            (rising edge-triggered cell FDRE clocked by clk_125_clk_gen  {rise@0.000ns fall@4.000ns period=8.000ns})
  Destination:            u_gmii_inst/frame_mem_reg[11][0]/CE
                            (falling edge-triggered cell FDRE clocked by clk_125_clk_gen  {rise@0.000ns fall@4.000ns period=8.000ns})
  Path Group:             clk_125_clk_gen
  Path Type:              Setup (Max at Slow Process Corner)
  Requirement:            4.000ns  (clk_125_clk_gen fall@4.000ns - clk_125_clk_gen rise@0.000ns)
  Data Path Delay:        1.908ns  (logic 0.484ns (25.372%)  route 1.424ns (74.628%))
  Logic Levels:           1  (LUT2=1)
  Clock Path Skew:        -0.041ns (DCD - SCD + CPR)
    Destination Clock Delay (DCD):    -1.427ns = ( 2.573 - 4.000 ) 
    Source Clock Delay      (SCD):    -1.007ns
    Clock Pessimism Removal (CPR):    0.380ns
  Clock Uncertainty:      0.064ns  ((TSJ^2 + DJ^2)^1/2) / 2 + PE
    Total System Jitter     (TSJ):    0.071ns
    Discrete Jitter          (DJ):    0.108ns
    Phase Error              (PE):    0.000ns

    Location             Delay type                Incr(ns)  Path(ns)    Netlist Resource(s)
  -------------------------------------------------------------------    -------------------
                         (clock clk_125_clk_gen rise edge)
                                                      0.000     0.000 r  
    R4                                                0.000     0.000 r  clk_in1_p (IN)
                         net (fo=0)                   0.000     0.000    u_clk_gen/inst/clk_in1_p
    R4                   IBUFDS (Prop_ibufds_I_O)     0.851     0.851 r  u_clk_gen/inst/clkin1_ibufgds/O
                         net (fo=1, routed)           1.065     1.916    u_clk_gen/inst/clk_in1_clk_gen
    MMCME2_ADV_X1Y1      MMCME2_ADV (Prop_mmcme2_adv_CLKIN1_CLKOUT1)
                                                     -5.972    -4.056 r  u_clk_gen/inst/mmcm_adv_inst/CLKOUT1
                         net (fo=1, routed)           1.449    -2.608    u_clk_gen/inst/clk_125_clk_gen
    BUFGCTRL_X0Y0        BUFG (Prop_bufg_I_O)         0.081    -2.527 r  u_clk_gen/inst/clkout2_buf/O
                         net (fo=5509, routed)        1.520    -1.007    u_vio_tx_gmii/inst/PROBE_OUT_ALL_INST/G_PROBE_OUT[0].PROBE_OUT0_INST/clk
    SLICE_X13Y173        FDRE                                         r  u_vio_tx_gmii/inst/PROBE_OUT_ALL_INST/G_PROBE_OUT[0].PROBE_OUT0_INST/Probe_out_reg[0]/C
  -------------------------------------------------------------------    -------------------
    SLICE_X13Y173        FDRE (Prop_fdre_C_Q)         0.379    -0.628 f  u_vio_tx_gmii/inst/PROBE_OUT_ALL_INST/G_PROBE_OUT[0].PROBE_OUT0_INST/Probe_out_reg[0]/Q
                         net (fo=21, routed)          0.694     0.066    u_gmii_inst/rst
    SLICE_X8Y170         LUT2 (Prop_lut2_I1_O)        0.105     0.171 r  u_gmii_inst/frame_mem[8][7]_i_1/O
                         net (fo=144, routed)         0.730     0.901    u_gmii_inst/frame_mem[8][7]_i_1_n_0
    SLICE_X8Y176         FDRE                                         r  u_gmii_inst/frame_mem_reg[11][0]/CE
  -------------------------------------------------------------------    -------------------

                         (clock clk_125_clk_gen fall edge)
                                                      4.000     4.000 f  
    R4                                                0.000     4.000 f  clk_in1_p (IN)
                         net (fo=0)                   0.000     4.000    u_clk_gen/inst/clk_in1_p
    R4                   IBUFDS (Prop_ibufds_I_O)     0.813     4.813 f  u_clk_gen/inst/clkin1_ibufgds/O
                         net (fo=1, routed)           1.004     5.817    u_clk_gen/inst/clk_in1_clk_gen
    MMCME2_ADV_X1Y1      MMCME2_ADV (Prop_mmcme2_adv_CLKIN1_CLKOUT1)
                                                     -6.107    -0.291 f  u_clk_gen/inst/mmcm_adv_inst/CLKOUT1
                         net (fo=1, routed)           1.381     1.091    u_clk_gen/inst/clk_125_clk_gen
    BUFGCTRL_X0Y0        BUFG (Prop_bufg_I_O)         0.077     1.168 f  u_clk_gen/inst/clkout2_buf/O
                         net (fo=5509, routed)        1.405     2.573    u_gmii_inst/clk
    SLICE_X8Y176         FDRE                                         r  u_gmii_inst/frame_mem_reg[11][0]/C  (IS_INVERTED)
                         clock pessimism              0.380     2.952    
                         clock uncertainty           -0.064     2.888    
    SLICE_X8Y176         FDRE (Setup_fdre_C_CE)      -0.132     2.756    u_gmii_inst/frame_mem_reg[11][0]
  -------------------------------------------------------------------
                         required time                          2.756    
                         arrival time                          -0.901    
  -------------------------------------------------------------------
                         slack                                  1.855    

Slack (MET) :             1.855ns  (required time - arrival time)
  Source:                 u_vio_tx_gmii/inst/PROBE_OUT_ALL_INST/G_PROBE_OUT[0].PROBE_OUT0_INST/Probe_out_reg[0]/C
                            (rising edge-triggered cell FDRE clocked by clk_125_clk_gen  {rise@0.000ns fall@4.000ns period=8.000ns})
  Destination:            u_gmii_inst/frame_mem_reg[8][0]/CE
                            (falling edge-triggered cell FDRE clocked by clk_125_clk_gen  {rise@0.000ns fall@4.000ns period=8.000ns})
  Path Group:             clk_125_clk_gen
  Path Type:              Setup (Max at Slow Process Corner)
  Requirement:            4.000ns  (clk_125_clk_gen fall@4.000ns - clk_125_clk_gen rise@0.000ns)
  Data Path Delay:        1.908ns  (logic 0.484ns (25.372%)  route 1.424ns (74.628%))
  Logic Levels:           1  (LUT2=1)
  Clock Path Skew:        -0.041ns (DCD - SCD + CPR)
    Destination Clock Delay (DCD):    -1.427ns = ( 2.573 - 4.000 ) 
    Source Clock Delay      (SCD):    -1.007ns
    Clock Pessimism Removal (CPR):    0.380ns
  Clock Uncertainty:      0.064ns  ((TSJ^2 + DJ^2)^1/2) / 2 + PE
    Total System Jitter     (TSJ):    0.071ns
    Discrete Jitter          (DJ):    0.108ns
    Phase Error              (PE):    0.000ns

    Location             Delay type                Incr(ns)  Path(ns)    Netlist Resource(s)
  -------------------------------------------------------------------    -------------------
                         (clock clk_125_clk_gen rise edge)
                                                      0.000     0.000 r  
    R4                                                0.000     0.000 r  clk_in1_p (IN)
                         net (fo=0)                   0.000     0.000    u_clk_gen/inst/clk_in1_p
    R4                   IBUFDS (Prop_ibufds_I_O)     0.851     0.851 r  u_clk_gen/inst/clkin1_ibufgds/O
                         net (fo=1, routed)           1.065     1.916    u_clk_gen/inst/clk_in1_clk_gen
    MMCME2_ADV_X1Y1      MMCME2_ADV (Prop_mmcme2_adv_CLKIN1_CLKOUT1)
                                                     -5.972    -4.056 r  u_clk_gen/inst/mmcm_adv_inst/CLKOUT1
                         net (fo=1, routed)           1.449    -2.608    u_clk_gen/inst/clk_125_clk_gen
    BUFGCTRL_X0Y0        BUFG (Prop_bufg_I_O)         0.081    -2.527 r  u_clk_gen/inst/clkout2_buf/O
                         net (fo=5509, routed)        1.520    -1.007    u_vio_tx_gmii/inst/PROBE_OUT_ALL_INST/G_PROBE_OUT[0].PROBE_OUT0_INST/clk
    SLICE_X13Y173        FDRE                                         r  u_vio_tx_gmii/inst/PROBE_OUT_ALL_INST/G_PROBE_OUT[0].PROBE_OUT0_INST/Probe_out_reg[0]/C
  -------------------------------------------------------------------    -------------------
    SLICE_X13Y173        FDRE (Prop_fdre_C_Q)         0.379    -0.628 f  u_vio_tx_gmii/inst/PROBE_OUT_ALL_INST/G_PROBE_OUT[0].PROBE_OUT0_INST/Probe_out_reg[0]/Q
                         net (fo=21, routed)          0.694     0.066    u_gmii_inst/rst
    SLICE_X8Y170         LUT2 (Prop_lut2_I1_O)        0.105     0.171 r  u_gmii_inst/frame_mem[8][7]_i_1/O
                         net (fo=144, routed)         0.730     0.901    u_gmii_inst/frame_mem[8][7]_i_1_n_0
    SLICE_X8Y176         FDRE                                         r  u_gmii_inst/frame_mem_reg[8][0]/CE
  -------------------------------------------------------------------    -------------------

                         (clock clk_125_clk_gen fall edge)
                                                      4.000     4.000 f  
    R4                                                0.000     4.000 f  clk_in1_p (IN)
                         net (fo=0)                   0.000     4.000    u_clk_gen/inst/clk_in1_p
    R4                   IBUFDS (Prop_ibufds_I_O)     0.813     4.813 f  u_clk_gen/inst/clkin1_ibufgds/O
                         net (fo=1, routed)           1.004     5.817    u_clk_gen/inst/clk_in1_clk_gen
    MMCME2_ADV_X1Y1      MMCME2_ADV (Prop_mmcme2_adv_CLKIN1_CLKOUT1)
                                                     -6.107    -0.291 f  u_clk_gen/inst/mmcm_adv_inst/CLKOUT1
                         net (fo=1, routed)           1.381     1.091    u_clk_gen/inst/clk_125_clk_gen
    BUFGCTRL_X0Y0        BUFG (Prop_bufg_I_O)         0.077     1.168 f  u_clk_gen/inst/clkout2_buf/O
                         net (fo=5509, routed)        1.405     2.573    u_gmii_inst/clk
    SLICE_X8Y176         FDRE                                         r  u_gmii_inst/frame_mem_reg[8][0]/C  (IS_INVERTED)
                         clock pessimism              0.380     2.952    
                         clock uncertainty           -0.064     2.888    
    SLICE_X8Y176         FDRE (Setup_fdre_C_CE)      -0.132     2.756    u_gmii_inst/frame_mem_reg[8][0]
  -------------------------------------------------------------------
                         required time                          2.756    
                         arrival time                          -0.901    
  -------------------------------------------------------------------
                         slack                                  1.855    

Slack (MET) :             1.855ns  (required time - arrival time)
  Source:                 u_vio_tx_gmii/inst/PROBE_OUT_ALL_INST/G_PROBE_OUT[0].PROBE_OUT0_INST/Probe_out_reg[0]/C
                            (rising edge-triggered cell FDRE clocked by clk_125_clk_gen  {rise@0.000ns fall@4.000ns period=8.000ns})
  Destination:            u_gmii_inst/frame_mem_reg[9][0]/CE
                            (falling edge-triggered cell FDRE clocked by clk_125_clk_gen  {rise@0.000ns fall@4.000ns period=8.000ns})
  Path Group:             clk_125_clk_gen
  Path Type:              Setup (Max at Slow Process Corner)
  Requirement:            4.000ns  (clk_125_clk_gen fall@4.000ns - clk_125_clk_gen rise@0.000ns)
  Data Path Delay:        1.908ns  (logic 0.484ns (25.372%)  route 1.424ns (74.628%))
  Logic Levels:           1  (LUT2=1)
  Clock Path Skew:        -0.041ns (DCD - SCD + CPR)
    Destination Clock Delay (DCD):    -1.427ns = ( 2.573 - 4.000 ) 
    Source Clock Delay      (SCD):    -1.007ns
    Clock Pessimism Removal (CPR):    0.380ns
  Clock Uncertainty:      0.064ns  ((TSJ^2 + DJ^2)^1/2) / 2 + PE
    Total System Jitter     (TSJ):    0.071ns
    Discrete Jitter          (DJ):    0.108ns
    Phase Error              (PE):    0.000ns

    Location             Delay type                Incr(ns)  Path(ns)    Netlist Resource(s)
  -------------------------------------------------------------------    -------------------
                         (clock clk_125_clk_gen rise edge)
                                                      0.000     0.000 r  
    R4                                                0.000     0.000 r  clk_in1_p (IN)
                         net (fo=0)                   0.000     0.000    u_clk_gen/inst/clk_in1_p
    R4                   IBUFDS (Prop_ibufds_I_O)     0.851     0.851 r  u_clk_gen/inst/clkin1_ibufgds/O
                         net (fo=1, routed)           1.065     1.916    u_clk_gen/inst/clk_in1_clk_gen
    MMCME2_ADV_X1Y1      MMCME2_ADV (Prop_mmcme2_adv_CLKIN1_CLKOUT1)
                                                     -5.972    -4.056 r  u_clk_gen/inst/mmcm_adv_inst/CLKOUT1
                         net (fo=1, routed)           1.449    -2.608    u_clk_gen/inst/clk_125_clk_gen
    BUFGCTRL_X0Y0        BUFG (Prop_bufg_I_O)         0.081    -2.527 r  u_clk_gen/inst/clkout2_buf/O
                         net (fo=5509, routed)        1.520    -1.007    u_vio_tx_gmii/inst/PROBE_OUT_ALL_INST/G_PROBE_OUT[0].PROBE_OUT0_INST/clk
    SLICE_X13Y173        FDRE                                         r  u_vio_tx_gmii/inst/PROBE_OUT_ALL_INST/G_PROBE_OUT[0].PROBE_OUT0_INST/Probe_out_reg[0]/C
  -------------------------------------------------------------------    -------------------
    SLICE_X13Y173        FDRE (Prop_fdre_C_Q)         0.379    -0.628 f  u_vio_tx_gmii/inst/PROBE_OUT_ALL_INST/G_PROBE_OUT[0].PROBE_OUT0_INST/Probe_out_reg[0]/Q
                         net (fo=21, routed)          0.694     0.066    u_gmii_inst/rst
    SLICE_X8Y170         LUT2 (Prop_lut2_I1_O)        0.105     0.171 r  u_gmii_inst/frame_mem[8][7]_i_1/O
                         net (fo=144, routed)         0.730     0.901    u_gmii_inst/frame_mem[8][7]_i_1_n_0
    SLICE_X8Y176         FDRE                                         r  u_gmii_inst/frame_mem_reg[9][0]/CE
  -------------------------------------------------------------------    -------------------

                         (clock clk_125_clk_gen fall edge)
                                                      4.000     4.000 f  
    R4                                                0.000     4.000 f  clk_in1_p (IN)
                         net (fo=0)                   0.000     4.000    u_clk_gen/inst/clk_in1_p
    R4                   IBUFDS (Prop_ibufds_I_O)     0.813     4.813 f  u_clk_gen/inst/clkin1_ibufgds/O
                         net (fo=1, routed)           1.004     5.817    u_clk_gen/inst/clk_in1_clk_gen
    MMCME2_ADV_X1Y1      MMCME2_ADV (Prop_mmcme2_adv_CLKIN1_CLKOUT1)
                                                     -6.107    -0.291 f  u_clk_gen/inst/mmcm_adv_inst/CLKOUT1
                         net (fo=1, routed)           1.381     1.091    u_clk_gen/inst/clk_125_clk_gen
    BUFGCTRL_X0Y0        BUFG (Prop_bufg_I_O)         0.077     1.168 f  u_clk_gen/inst/clkout2_buf/O
                         net (fo=5509, routed)        1.405     2.573    u_gmii_inst/clk
    SLICE_X8Y176         FDRE                                         r  u_gmii_inst/frame_mem_reg[9][0]/C  (IS_INVERTED)
                         clock pessimism              0.380     2.952    
                         clock uncertainty           -0.064     2.888    
    SLICE_X8Y176         FDRE (Setup_fdre_C_CE)      -0.132     2.756    u_gmii_inst/frame_mem_reg[9][0]
  -------------------------------------------------------------------
                         required time                          2.756    
                         arrival time                          -0.901    
  -------------------------------------------------------------------
                         slack                                  1.855    

Slack (MET) :             1.871ns  (required time - arrival time)
  Source:                 u_vio_tx_gmii/inst/PROBE_OUT_ALL_INST/G_PROBE_OUT[0].PROBE_OUT0_INST/Probe_out_reg[0]/C
                            (rising edge-triggered cell FDRE clocked by clk_125_clk_gen  {rise@0.000ns fall@4.000ns period=8.000ns})
  Destination:            u_gmii_inst/frame_mem_reg[10][3]/CE
                            (falling edge-triggered cell FDRE clocked by clk_125_clk_gen  {rise@0.000ns fall@4.000ns period=8.000ns})
  Path Group:             clk_125_clk_gen
  Path Type:              Setup (Max at Slow Process Corner)
  Requirement:            4.000ns  (clk_125_clk_gen fall@4.000ns - clk_125_clk_gen rise@0.000ns)
  Data Path Delay:        1.860ns  (logic 0.484ns (26.023%)  route 1.376ns (73.977%))
  Logic Levels:           1  (LUT2=1)
  Clock Path Skew:        -0.041ns (DCD - SCD + CPR)
    Destination Clock Delay (DCD):    -1.427ns = ( 2.573 - 4.000 ) 
    Source Clock Delay      (SCD):    -1.007ns
    Clock Pessimism Removal (CPR):    0.380ns
  Clock Uncertainty:      0.064ns  ((TSJ^2 + DJ^2)^1/2) / 2 + PE
    Total System Jitter     (TSJ):    0.071ns
    Discrete Jitter          (DJ):    0.108ns
    Phase Error              (PE):    0.000ns

    Location             Delay type                Incr(ns)  Path(ns)    Netlist Resource(s)
  -------------------------------------------------------------------    -------------------
                         (clock clk_125_clk_gen rise edge)
                                                      0.000     0.000 r  
    R4                                                0.000     0.000 r  clk_in1_p (IN)
                         net (fo=0)                   0.000     0.000    u_clk_gen/inst/clk_in1_p
    R4                   IBUFDS (Prop_ibufds_I_O)     0.851     0.851 r  u_clk_gen/inst/clkin1_ibufgds/O
                         net (fo=1, routed)           1.065     1.916    u_clk_gen/inst/clk_in1_clk_gen
    MMCME2_ADV_X1Y1      MMCME2_ADV (Prop_mmcme2_adv_CLKIN1_CLKOUT1)
                                                     -5.972    -4.056 r  u_clk_gen/inst/mmcm_adv_inst/CLKOUT1
                         net (fo=1, routed)           1.449    -2.608    u_clk_gen/inst/clk_125_clk_gen
    BUFGCTRL_X0Y0        BUFG (Prop_bufg_I_O)         0.081    -2.527 r  u_clk_gen/inst/clkout2_buf/O
                         net (fo=5509, routed)        1.520    -1.007    u_vio_tx_gmii/inst/PROBE_OUT_ALL_INST/G_PROBE_OUT[0].PROBE_OUT0_INST/clk
    SLICE_X13Y173        FDRE                                         r  u_vio_tx_gmii/inst/PROBE_OUT_ALL_INST/G_PROBE_OUT[0].PROBE_OUT0_INST/Probe_out_reg[0]/C
  -------------------------------------------------------------------    -------------------
    SLICE_X13Y173        FDRE (Prop_fdre_C_Q)         0.379    -0.628 f  u_vio_tx_gmii/inst/PROBE_OUT_ALL_INST/G_PROBE_OUT[0].PROBE_OUT0_INST/Probe_out_reg[0]/Q
                         net (fo=21, routed)          0.694     0.066    u_gmii_inst/rst
    SLICE_X8Y170         LUT2 (Prop_lut2_I1_O)        0.105     0.171 r  u_gmii_inst/frame_mem[8][7]_i_1/O
                         net (fo=144, routed)         0.682     0.853    u_gmii_inst/frame_mem[8][7]_i_1_n_0
    SLICE_X13Y176        FDRE                                         r  u_gmii_inst/frame_mem_reg[10][3]/CE
  -------------------------------------------------------------------    -------------------

                         (clock clk_125_clk_gen fall edge)
                                                      4.000     4.000 f  
    R4                                                0.000     4.000 f  clk_in1_p (IN)
                         net (fo=0)                   0.000     4.000    u_clk_gen/inst/clk_in1_p
    R4                   IBUFDS (Prop_ibufds_I_O)     0.813     4.813 f  u_clk_gen/inst/clkin1_ibufgds/O
                         net (fo=1, routed)           1.004     5.817    u_clk_gen/inst/clk_in1_clk_gen
    MMCME2_ADV_X1Y1      MMCME2_ADV (Prop_mmcme2_adv_CLKIN1_CLKOUT1)
                                                     -6.107    -0.291 f  u_clk_gen/inst/mmcm_adv_inst/CLKOUT1
                         net (fo=1, routed)           1.381     1.091    u_clk_gen/inst/clk_125_clk_gen
    BUFGCTRL_X0Y0        BUFG (Prop_bufg_I_O)         0.077     1.168 f  u_clk_gen/inst/clkout2_buf/O
                         net (fo=5509, routed)        1.405     2.573    u_gmii_inst/clk
    SLICE_X13Y176        FDRE                                         r  u_gmii_inst/frame_mem_reg[10][3]/C  (IS_INVERTED)
                         clock pessimism              0.380     2.952    
                         clock uncertainty           -0.064     2.888    
    SLICE_X13Y176        FDRE (Setup_fdre_C_CE)      -0.164     2.724    u_gmii_inst/frame_mem_reg[10][3]
  -------------------------------------------------------------------
                         required time                          2.724    
                         arrival time                          -0.853    
  -------------------------------------------------------------------
                         slack                                  1.871    

Slack (MET) :             1.871ns  (required time - arrival time)
  Source:                 u_vio_tx_gmii/inst/PROBE_OUT_ALL_INST/G_PROBE_OUT[0].PROBE_OUT0_INST/Probe_out_reg[0]/C
                            (rising edge-triggered cell FDRE clocked by clk_125_clk_gen  {rise@0.000ns fall@4.000ns period=8.000ns})
  Destination:            u_gmii_inst/frame_mem_reg[12][2]/CE
                            (falling edge-triggered cell FDRE clocked by clk_125_clk_gen  {rise@0.000ns fall@4.000ns period=8.000ns})
  Path Group:             clk_125_clk_gen
  Path Type:              Setup (Max at Slow Process Corner)
  Requirement:            4.000ns  (clk_125_clk_gen fall@4.000ns - clk_125_clk_gen rise@0.000ns)
  Data Path Delay:        1.860ns  (logic 0.484ns (26.023%)  route 1.376ns (73.977%))
  Logic Levels:           1  (LUT2=1)
  Clock Path Skew:        -0.041ns (DCD - SCD + CPR)
    Destination Clock Delay (DCD):    -1.427ns = ( 2.573 - 4.000 ) 
    Source Clock Delay      (SCD):    -1.007ns
    Clock Pessimism Removal (CPR):    0.380ns
  Clock Uncertainty:      0.064ns  ((TSJ^2 + DJ^2)^1/2) / 2 + PE
    Total System Jitter     (TSJ):    0.071ns
    Discrete Jitter          (DJ):    0.108ns
    Phase Error              (PE):    0.000ns

    Location             Delay type                Incr(ns)  Path(ns)    Netlist Resource(s)
  -------------------------------------------------------------------    -------------------
                         (clock clk_125_clk_gen rise edge)
                                                      0.000     0.000 r  
    R4                                                0.000     0.000 r  clk_in1_p (IN)
                         net (fo=0)                   0.000     0.000    u_clk_gen/inst/clk_in1_p
    R4                   IBUFDS (Prop_ibufds_I_O)     0.851     0.851 r  u_clk_gen/inst/clkin1_ibufgds/O
                         net (fo=1, routed)           1.065     1.916    u_clk_gen/inst/clk_in1_clk_gen
    MMCME2_ADV_X1Y1      MMCME2_ADV (Prop_mmcme2_adv_CLKIN1_CLKOUT1)
                                                     -5.972    -4.056 r  u_clk_gen/inst/mmcm_adv_inst/CLKOUT1
                         net (fo=1, routed)           1.449    -2.608    u_clk_gen/inst/clk_125_clk_gen
    BUFGCTRL_X0Y0        BUFG (Prop_bufg_I_O)         0.081    -2.527 r  u_clk_gen/inst/clkout2_buf/O
                         net (fo=5509, routed)        1.520    -1.007    u_vio_tx_gmii/inst/PROBE_OUT_ALL_INST/G_PROBE_OUT[0].PROBE_OUT0_INST/clk
    SLICE_X13Y173        FDRE                                         r  u_vio_tx_gmii/inst/PROBE_OUT_ALL_INST/G_PROBE_OUT[0].PROBE_OUT0_INST/Probe_out_reg[0]/C
  -------------------------------------------------------------------    -------------------
    SLICE_X13Y173        FDRE (Prop_fdre_C_Q)         0.379    -0.628 f  u_vio_tx_gmii/inst/PROBE_OUT_ALL_INST/G_PROBE_OUT[0].PROBE_OUT0_INST/Probe_out_reg[0]/Q
                         net (fo=21, routed)          0.694     0.066    u_gmii_inst/rst
    SLICE_X8Y170         LUT2 (Prop_lut2_I1_O)        0.105     0.171 r  u_gmii_inst/frame_mem[8][7]_i_1/O
                         net (fo=144, routed)         0.682     0.853    u_gmii_inst/frame_mem[8][7]_i_1_n_0
    SLICE_X13Y176        FDRE                                         r  u_gmii_inst/frame_mem_reg[12][2]/CE
  -------------------------------------------------------------------    -------------------

                         (clock clk_125_clk_gen fall edge)
                                                      4.000     4.000 f  
    R4                                                0.000     4.000 f  clk_in1_p (IN)
                         net (fo=0)                   0.000     4.000    u_clk_gen/inst/clk_in1_p
    R4                   IBUFDS (Prop_ibufds_I_O)     0.813     4.813 f  u_clk_gen/inst/clkin1_ibufgds/O
                         net (fo=1, routed)           1.004     5.817    u_clk_gen/inst/clk_in1_clk_gen
    MMCME2_ADV_X1Y1      MMCME2_ADV (Prop_mmcme2_adv_CLKIN1_CLKOUT1)
                                                     -6.107    -0.291 f  u_clk_gen/inst/mmcm_adv_inst/CLKOUT1
                         net (fo=1, routed)           1.381     1.091    u_clk_gen/inst/clk_125_clk_gen
    BUFGCTRL_X0Y0        BUFG (Prop_bufg_I_O)         0.077     1.168 f  u_clk_gen/inst/clkout2_buf/O
                         net (fo=5509, routed)        1.405     2.573    u_gmii_inst/clk
    SLICE_X13Y176        FDRE                                         r  u_gmii_inst/frame_mem_reg[12][2]/C  (IS_INVERTED)
                         clock pessimism              0.380     2.952    
                         clock uncertainty           -0.064     2.888    
    SLICE_X13Y176        FDRE (Setup_fdre_C_CE)      -0.164     2.724    u_gmii_inst/frame_mem_reg[12][2]
  -------------------------------------------------------------------
                         required time                          2.724    
                         arrival time                          -0.853    
  -------------------------------------------------------------------
                         slack                                  1.871    

Slack (MET) :             1.871ns  (required time - arrival time)
  Source:                 u_vio_tx_gmii/inst/PROBE_OUT_ALL_INST/G_PROBE_OUT[0].PROBE_OUT0_INST/Probe_out_reg[0]/C
                            (rising edge-triggered cell FDRE clocked by clk_125_clk_gen  {rise@0.000ns fall@4.000ns period=8.000ns})
  Destination:            u_gmii_inst/frame_mem_reg[12][3]/CE
                            (falling edge-triggered cell FDRE clocked by clk_125_clk_gen  {rise@0.000ns fall@4.000ns period=8.000ns})
  Path Group:             clk_125_clk_gen
  Path Type:              Setup (Max at Slow Process Corner)
  Requirement:            4.000ns  (clk_125_clk_gen fall@4.000ns - clk_125_clk_gen rise@0.000ns)
  Data Path Delay:        1.860ns  (logic 0.484ns (26.023%)  route 1.376ns (73.977%))
  Logic Levels:           1  (LUT2=1)
  Clock Path Skew:        -0.041ns (DCD - SCD + CPR)
    Destination Clock Delay (DCD):    -1.427ns = ( 2.573 - 4.000 ) 
    Source Clock Delay      (SCD):    -1.007ns
    Clock Pessimism Removal (CPR):    0.380ns
  Clock Uncertainty:      0.064ns  ((TSJ^2 + DJ^2)^1/2) / 2 + PE
    Total System Jitter     (TSJ):    0.071ns
    Discrete Jitter          (DJ):    0.108ns
    Phase Error              (PE):    0.000ns

    Location             Delay type                Incr(ns)  Path(ns)    Netlist Resource(s)
  -------------------------------------------------------------------    -------------------
                         (clock clk_125_clk_gen rise edge)
                                                      0.000     0.000 r  
    R4                                                0.000     0.000 r  clk_in1_p (IN)
                         net (fo=0)                   0.000     0.000    u_clk_gen/inst/clk_in1_p
    R4                   IBUFDS (Prop_ibufds_I_O)     0.851     0.851 r  u_clk_gen/inst/clkin1_ibufgds/O
                         net (fo=1, routed)           1.065     1.916    u_clk_gen/inst/clk_in1_clk_gen
    MMCME2_ADV_X1Y1      MMCME2_ADV (Prop_mmcme2_adv_CLKIN1_CLKOUT1)
                                                     -5.972    -4.056 r  u_clk_gen/inst/mmcm_adv_inst/CLKOUT1
                         net (fo=1, routed)           1.449    -2.608    u_clk_gen/inst/clk_125_clk_gen
    BUFGCTRL_X0Y0        BUFG (Prop_bufg_I_O)         0.081    -2.527 r  u_clk_gen/inst/clkout2_buf/O
                         net (fo=5509, routed)        1.520    -1.007    u_vio_tx_gmii/inst/PROBE_OUT_ALL_INST/G_PROBE_OUT[0].PROBE_OUT0_INST/clk
    SLICE_X13Y173        FDRE                                         r  u_vio_tx_gmii/inst/PROBE_OUT_ALL_INST/G_PROBE_OUT[0].PROBE_OUT0_INST/Probe_out_reg[0]/C
  -------------------------------------------------------------------    -------------------
    SLICE_X13Y173        FDRE (Prop_fdre_C_Q)         0.379    -0.628 f  u_vio_tx_gmii/inst/PROBE_OUT_ALL_INST/G_PROBE_OUT[0].PROBE_OUT0_INST/Probe_out_reg[0]/Q
                         net (fo=21, routed)          0.694     0.066    u_gmii_inst/rst
    SLICE_X8Y170         LUT2 (Prop_lut2_I1_O)        0.105     0.171 r  u_gmii_inst/frame_mem[8][7]_i_1/O
                         net (fo=144, routed)         0.682     0.853    u_gmii_inst/frame_mem[8][7]_i_1_n_0
    SLICE_X13Y176        FDRE                                         r  u_gmii_inst/frame_mem_reg[12][3]/CE
  -------------------------------------------------------------------    -------------------

                         (clock clk_125_clk_gen fall edge)
                                                      4.000     4.000 f  
    R4                                                0.000     4.000 f  clk_in1_p (IN)
                         net (fo=0)                   0.000     4.000    u_clk_gen/inst/clk_in1_p
    R4                   IBUFDS (Prop_ibufds_I_O)     0.813     4.813 f  u_clk_gen/inst/clkin1_ibufgds/O
                         net (fo=1, routed)           1.004     5.817    u_clk_gen/inst/clk_in1_clk_gen
    MMCME2_ADV_X1Y1      MMCME2_ADV (Prop_mmcme2_adv_CLKIN1_CLKOUT1)
                                                     -6.107    -0.291 f  u_clk_gen/inst/mmcm_adv_inst/CLKOUT1
                         net (fo=1, routed)           1.381     1.091    u_clk_gen/inst/clk_125_clk_gen
    BUFGCTRL_X0Y0        BUFG (Prop_bufg_I_O)         0.077     1.168 f  u_clk_gen/inst/clkout2_buf/O
                         net (fo=5509, routed)        1.405     2.573    u_gmii_inst/clk
    SLICE_X13Y176        FDRE                                         r  u_gmii_inst/frame_mem_reg[12][3]/C  (IS_INVERTED)
                         clock pessimism              0.380     2.952    
                         clock uncertainty           -0.064     2.888    
    SLICE_X13Y176        FDRE (Setup_fdre_C_CE)      -0.164     2.724    u_gmii_inst/frame_mem_reg[12][3]
  -------------------------------------------------------------------
                         required time                          2.724    
                         arrival time                          -0.853    
  -------------------------------------------------------------------
                         slack                                  1.871    

Slack (MET) :             1.871ns  (required time - arrival time)
  Source:                 u_vio_tx_gmii/inst/PROBE_OUT_ALL_INST/G_PROBE_OUT[0].PROBE_OUT0_INST/Probe_out_reg[0]/C
                            (rising edge-triggered cell FDRE clocked by clk_125_clk_gen  {rise@0.000ns fall@4.000ns period=8.000ns})
  Destination:            u_gmii_inst/frame_mem_reg[13][2]/CE
                            (falling edge-triggered cell FDRE clocked by clk_125_clk_gen  {rise@0.000ns fall@4.000ns period=8.000ns})
  Path Group:             clk_125_clk_gen
  Path Type:              Setup (Max at Slow Process Corner)
  Requirement:            4.000ns  (clk_125_clk_gen fall@4.000ns - clk_125_clk_gen rise@0.000ns)
  Data Path Delay:        1.860ns  (logic 0.484ns (26.023%)  route 1.376ns (73.977%))
  Logic Levels:           1  (LUT2=1)
  Clock Path Skew:        -0.041ns (DCD - SCD + CPR)
    Destination Clock Delay (DCD):    -1.427ns = ( 2.573 - 4.000 ) 
    Source Clock Delay      (SCD):    -1.007ns
    Clock Pessimism Removal (CPR):    0.380ns
  Clock Uncertainty:      0.064ns  ((TSJ^2 + DJ^2)^1/2) / 2 + PE
    Total System Jitter     (TSJ):    0.071ns
    Discrete Jitter          (DJ):    0.108ns
    Phase Error              (PE):    0.000ns

    Location             Delay type                Incr(ns)  Path(ns)    Netlist Resource(s)
  -------------------------------------------------------------------    -------------------
                         (clock clk_125_clk_gen rise edge)
                                                      0.000     0.000 r  
    R4                                                0.000     0.000 r  clk_in1_p (IN)
                         net (fo=0)                   0.000     0.000    u_clk_gen/inst/clk_in1_p
    R4                   IBUFDS (Prop_ibufds_I_O)     0.851     0.851 r  u_clk_gen/inst/clkin1_ibufgds/O
                         net (fo=1, routed)           1.065     1.916    u_clk_gen/inst/clk_in1_clk_gen
    MMCME2_ADV_X1Y1      MMCME2_ADV (Prop_mmcme2_adv_CLKIN1_CLKOUT1)
                                                     -5.972    -4.056 r  u_clk_gen/inst/mmcm_adv_inst/CLKOUT1
                         net (fo=1, routed)           1.449    -2.608    u_clk_gen/inst/clk_125_clk_gen
    BUFGCTRL_X0Y0        BUFG (Prop_bufg_I_O)         0.081    -2.527 r  u_clk_gen/inst/clkout2_buf/O
                         net (fo=5509, routed)        1.520    -1.007    u_vio_tx_gmii/inst/PROBE_OUT_ALL_INST/G_PROBE_OUT[0].PROBE_OUT0_INST/clk
    SLICE_X13Y173        FDRE                                         r  u_vio_tx_gmii/inst/PROBE_OUT_ALL_INST/G_PROBE_OUT[0].PROBE_OUT0_INST/Probe_out_reg[0]/C
  -------------------------------------------------------------------    -------------------
    SLICE_X13Y173        FDRE (Prop_fdre_C_Q)         0.379    -0.628 f  u_vio_tx_gmii/inst/PROBE_OUT_ALL_INST/G_PROBE_OUT[0].PROBE_OUT0_INST/Probe_out_reg[0]/Q
                         net (fo=21, routed)          0.694     0.066    u_gmii_inst/rst
    SLICE_X8Y170         LUT2 (Prop_lut2_I1_O)        0.105     0.171 r  u_gmii_inst/frame_mem[8][7]_i_1/O
                         net (fo=144, routed)         0.682     0.853    u_gmii_inst/frame_mem[8][7]_i_1_n_0
    SLICE_X13Y176        FDRE                                         r  u_gmii_inst/frame_mem_reg[13][2]/CE
  -------------------------------------------------------------------    -------------------

                         (clock clk_125_clk_gen fall edge)
                                                      4.000     4.000 f  
    R4                                                0.000     4.000 f  clk_in1_p (IN)
                         net (fo=0)                   0.000     4.000    u_clk_gen/inst/clk_in1_p
    R4                   IBUFDS (Prop_ibufds_I_O)     0.813     4.813 f  u_clk_gen/inst/clkin1_ibufgds/O
                         net (fo=1, routed)           1.004     5.817    u_clk_gen/inst/clk_in1_clk_gen
    MMCME2_ADV_X1Y1      MMCME2_ADV (Prop_mmcme2_adv_CLKIN1_CLKOUT1)
                                                     -6.107    -0.291 f  u_clk_gen/inst/mmcm_adv_inst/CLKOUT1
                         net (fo=1, routed)           1.381     1.091    u_clk_gen/inst/clk_125_clk_gen
    BUFGCTRL_X0Y0        BUFG (Prop_bufg_I_O)         0.077     1.168 f  u_clk_gen/inst/clkout2_buf/O
                         net (fo=5509, routed)        1.405     2.573    u_gmii_inst/clk
    SLICE_X13Y176        FDRE                                         r  u_gmii_inst/frame_mem_reg[13][2]/C  (IS_INVERTED)
                         clock pessimism              0.380     2.952    
                         clock uncertainty           -0.064     2.888    
    SLICE_X13Y176        FDRE (Setup_fdre_C_CE)      -0.164     2.724    u_gmii_inst/frame_mem_reg[13][2]
  -------------------------------------------------------------------
                         required time                          2.724    
                         arrival time                          -0.853    
  -------------------------------------------------------------------
                         slack                                  1.871    

Slack (MET) :             1.871ns  (required time - arrival time)
  Source:                 u_vio_tx_gmii/inst/PROBE_OUT_ALL_INST/G_PROBE_OUT[0].PROBE_OUT0_INST/Probe_out_reg[0]/C
                            (rising edge-triggered cell FDRE clocked by clk_125_clk_gen  {rise@0.000ns fall@4.000ns period=8.000ns})
  Destination:            u_gmii_inst/frame_mem_reg[14][2]/CE
                            (falling edge-triggered cell FDRE clocked by clk_125_clk_gen  {rise@0.000ns fall@4.000ns period=8.000ns})
  Path Group:             clk_125_clk_gen
  Path Type:              Setup (Max at Slow Process Corner)
  Requirement:            4.000ns  (clk_125_clk_gen fall@4.000ns - clk_125_clk_gen rise@0.000ns)
  Data Path Delay:        1.860ns  (logic 0.484ns (26.023%)  route 1.376ns (73.977%))
  Logic Levels:           1  (LUT2=1)
  Clock Path Skew:        -0.041ns (DCD - SCD + CPR)
    Destination Clock Delay (DCD):    -1.427ns = ( 2.573 - 4.000 ) 
    Source Clock Delay      (SCD):    -1.007ns
    Clock Pessimism Removal (CPR):    0.380ns
  Clock Uncertainty:      0.064ns  ((TSJ^2 + DJ^2)^1/2) / 2 + PE
    Total System Jitter     (TSJ):    0.071ns
    Discrete Jitter          (DJ):    0.108ns
    Phase Error              (PE):    0.000ns

    Location             Delay type                Incr(ns)  Path(ns)    Netlist Resource(s)
  -------------------------------------------------------------------    -------------------
                         (clock clk_125_clk_gen rise edge)
                                                      0.000     0.000 r  
    R4                                                0.000     0.000 r  clk_in1_p (IN)
                         net (fo=0)                   0.000     0.000    u_clk_gen/inst/clk_in1_p
    R4                   IBUFDS (Prop_ibufds_I_O)     0.851     0.851 r  u_clk_gen/inst/clkin1_ibufgds/O
                         net (fo=1, routed)           1.065     1.916    u_clk_gen/inst/clk_in1_clk_gen
    MMCME2_ADV_X1Y1      MMCME2_ADV (Prop_mmcme2_adv_CLKIN1_CLKOUT1)
                                                     -5.972    -4.056 r  u_clk_gen/inst/mmcm_adv_inst/CLKOUT1
                         net (fo=1, routed)           1.449    -2.608    u_clk_gen/inst/clk_125_clk_gen
    BUFGCTRL_X0Y0        BUFG (Prop_bufg_I_O)         0.081    -2.527 r  u_clk_gen/inst/clkout2_buf/O
                         net (fo=5509, routed)        1.520    -1.007    u_vio_tx_gmii/inst/PROBE_OUT_ALL_INST/G_PROBE_OUT[0].PROBE_OUT0_INST/clk
    SLICE_X13Y173        FDRE                                         r  u_vio_tx_gmii/inst/PROBE_OUT_ALL_INST/G_PROBE_OUT[0].PROBE_OUT0_INST/Probe_out_reg[0]/C
  -------------------------------------------------------------------    -------------------
    SLICE_X13Y173        FDRE (Prop_fdre_C_Q)         0.379    -0.628 f  u_vio_tx_gmii/inst/PROBE_OUT_ALL_INST/G_PROBE_OUT[0].PROBE_OUT0_INST/Probe_out_reg[0]/Q
                         net (fo=21, routed)          0.694     0.066    u_gmii_inst/rst
    SLICE_X8Y170         LUT2 (Prop_lut2_I1_O)        0.105     0.171 r  u_gmii_inst/frame_mem[8][7]_i_1/O
                         net (fo=144, routed)         0.682     0.853    u_gmii_inst/frame_mem[8][7]_i_1_n_0
    SLICE_X13Y176        FDRE                                         r  u_gmii_inst/frame_mem_reg[14][2]/CE
  -------------------------------------------------------------------    -------------------

                         (clock clk_125_clk_gen fall edge)
                                                      4.000     4.000 f  
    R4                                                0.000     4.000 f  clk_in1_p (IN)
                         net (fo=0)                   0.000     4.000    u_clk_gen/inst/clk_in1_p
    R4                   IBUFDS (Prop_ibufds_I_O)     0.813     4.813 f  u_clk_gen/inst/clkin1_ibufgds/O
                         net (fo=1, routed)           1.004     5.817    u_clk_gen/inst/clk_in1_clk_gen
    MMCME2_ADV_X1Y1      MMCME2_ADV (Prop_mmcme2_adv_CLKIN1_CLKOUT1)
                                                     -6.107    -0.291 f  u_clk_gen/inst/mmcm_adv_inst/CLKOUT1
                         net (fo=1, routed)           1.381     1.091    u_clk_gen/inst/clk_125_clk_gen
    BUFGCTRL_X0Y0        BUFG (Prop_bufg_I_O)         0.077     1.168 f  u_clk_gen/inst/clkout2_buf/O
                         net (fo=5509, routed)        1.405     2.573    u_gmii_inst/clk
    SLICE_X13Y176        FDRE                                         r  u_gmii_inst/frame_mem_reg[14][2]/C  (IS_INVERTED)
                         clock pessimism              0.380     2.952    
                         clock uncertainty           -0.064     2.888    
    SLICE_X13Y176        FDRE (Setup_fdre_C_CE)      -0.164     2.724    u_gmii_inst/frame_mem_reg[14][2]
  -------------------------------------------------------------------
                         required time                          2.724    
                         arrival time                          -0.853    
  -------------------------------------------------------------------
                         slack                                  1.871    

Slack (MET) :             1.871ns  (required time - arrival time)
  Source:                 u_vio_tx_gmii/inst/PROBE_OUT_ALL_INST/G_PROBE_OUT[0].PROBE_OUT0_INST/Probe_out_reg[0]/C
                            (rising edge-triggered cell FDRE clocked by clk_125_clk_gen  {rise@0.000ns fall@4.000ns period=8.000ns})
  Destination:            u_gmii_inst/frame_mem_reg[15][2]/CE
                            (falling edge-triggered cell FDRE clocked by clk_125_clk_gen  {rise@0.000ns fall@4.000ns period=8.000ns})
  Path Group:             clk_125_clk_gen
  Path Type:              Setup (Max at Slow Process Corner)
  Requirement:            4.000ns  (clk_125_clk_gen fall@4.000ns - clk_125_clk_gen rise@0.000ns)
  Data Path Delay:        1.860ns  (logic 0.484ns (26.023%)  route 1.376ns (73.977%))
  Logic Levels:           1  (LUT2=1)
  Clock Path Skew:        -0.041ns (DCD - SCD + CPR)
    Destination Clock Delay (DCD):    -1.427ns = ( 2.573 - 4.000 ) 
    Source Clock Delay      (SCD):    -1.007ns
    Clock Pessimism Removal (CPR):    0.380ns
  Clock Uncertainty:      0.064ns  ((TSJ^2 + DJ^2)^1/2) / 2 + PE
    Total System Jitter     (TSJ):    0.071ns
    Discrete Jitter          (DJ):    0.108ns
    Phase Error              (PE):    0.000ns

    Location             Delay type                Incr(ns)  Path(ns)    Netlist Resource(s)
  -------------------------------------------------------------------    -------------------
                         (clock clk_125_clk_gen rise edge)
                                                      0.000     0.000 r  
    R4                                                0.000     0.000 r  clk_in1_p (IN)
                         net (fo=0)                   0.000     0.000    u_clk_gen/inst/clk_in1_p
    R4                   IBUFDS (Prop_ibufds_I_O)     0.851     0.851 r  u_clk_gen/inst/clkin1_ibufgds/O
                         net (fo=1, routed)           1.065     1.916    u_clk_gen/inst/clk_in1_clk_gen
    MMCME2_ADV_X1Y1      MMCME2_ADV (Prop_mmcme2_adv_CLKIN1_CLKOUT1)
                                                     -5.972    -4.056 r  u_clk_gen/inst/mmcm_adv_inst/CLKOUT1
                         net (fo=1, routed)           1.449    -2.608    u_clk_gen/inst/clk_125_clk_gen
    BUFGCTRL_X0Y0        BUFG (Prop_bufg_I_O)         0.081    -2.527 r  u_clk_gen/inst/clkout2_buf/O
                         net (fo=5509, routed)        1.520    -1.007    u_vio_tx_gmii/inst/PROBE_OUT_ALL_INST/G_PROBE_OUT[0].PROBE_OUT0_INST/clk
    SLICE_X13Y173        FDRE                                         r  u_vio_tx_gmii/inst/PROBE_OUT_ALL_INST/G_PROBE_OUT[0].PROBE_OUT0_INST/Probe_out_reg[0]/C
  -------------------------------------------------------------------    -------------------
    SLICE_X13Y173        FDRE (Prop_fdre_C_Q)         0.379    -0.628 f  u_vio_tx_gmii/inst/PROBE_OUT_ALL_INST/G_PROBE_OUT[0].PROBE_OUT0_INST/Probe_out_reg[0]/Q
                         net (fo=21, routed)          0.694     0.066    u_gmii_inst/rst
    SLICE_X8Y170         LUT2 (Prop_lut2_I1_O)        0.105     0.171 r  u_gmii_inst/frame_mem[8][7]_i_1/O
                         net (fo=144, routed)         0.682     0.853    u_gmii_inst/frame_mem[8][7]_i_1_n_0
    SLICE_X13Y176        FDRE                                         r  u_gmii_inst/frame_mem_reg[15][2]/CE
  -------------------------------------------------------------------    -------------------

                         (clock clk_125_clk_gen fall edge)
                                                      4.000     4.000 f  
    R4                                                0.000     4.000 f  clk_in1_p (IN)
                         net (fo=0)                   0.000     4.000    u_clk_gen/inst/clk_in1_p
    R4                   IBUFDS (Prop_ibufds_I_O)     0.813     4.813 f  u_clk_gen/inst/clkin1_ibufgds/O
                         net (fo=1, routed)           1.004     5.817    u_clk_gen/inst/clk_in1_clk_gen
    MMCME2_ADV_X1Y1      MMCME2_ADV (Prop_mmcme2_adv_CLKIN1_CLKOUT1)
                                                     -6.107    -0.291 f  u_clk_gen/inst/mmcm_adv_inst/CLKOUT1
                         net (fo=1, routed)           1.381     1.091    u_clk_gen/inst/clk_125_clk_gen
    BUFGCTRL_X0Y0        BUFG (Prop_bufg_I_O)         0.077     1.168 f  u_clk_gen/inst/clkout2_buf/O
                         net (fo=5509, routed)        1.405     2.573    u_gmii_inst/clk
    SLICE_X13Y176        FDRE                                         r  u_gmii_inst/frame_mem_reg[15][2]/C  (IS_INVERTED)
                         clock pessimism              0.380     2.952    
                         clock uncertainty           -0.064     2.888    
    SLICE_X13Y176        FDRE (Setup_fdre_C_CE)      -0.164     2.724    u_gmii_inst/frame_mem_reg[15][2]
  -------------------------------------------------------------------
                         required time                          2.724    
                         arrival time                          -0.853    
  -------------------------------------------------------------------
                         slack                                  1.871    

Slack (MET) :             1.887ns  (required time - arrival time)
  Source:                 u_vio_tx_gmii/inst/PROBE_OUT_ALL_INST/G_PROBE_OUT[0].PROBE_OUT0_INST/Probe_out_reg[0]/C
                            (rising edge-triggered cell FDRE clocked by clk_125_clk_gen  {rise@0.000ns fall@4.000ns period=8.000ns})
  Destination:            u_gmii_inst/frame_mem_reg[68][7]/CE
                            (falling edge-triggered cell FDRE clocked by clk_125_clk_gen  {rise@0.000ns fall@4.000ns period=8.000ns})
  Path Group:             clk_125_clk_gen
  Path Type:              Setup (Max at Slow Process Corner)
  Requirement:            4.000ns  (clk_125_clk_gen fall@4.000ns - clk_125_clk_gen rise@0.000ns)
  Data Path Delay:        1.847ns  (logic 0.484ns (26.201%)  route 1.363ns (73.799%))
  Logic Levels:           1  (LUT2=1)
  Clock Path Skew:        -0.037ns (DCD - SCD + CPR)
    Destination Clock Delay (DCD):    -1.423ns = ( 2.577 - 4.000 ) 
    Source Clock Delay      (SCD):    -1.007ns
    Clock Pessimism Removal (CPR):    0.380ns
  Clock Uncertainty:      0.064ns  ((TSJ^2 + DJ^2)^1/2) / 2 + PE
    Total System Jitter     (TSJ):    0.071ns
    Discrete Jitter          (DJ):    0.108ns
    Phase Error              (PE):    0.000ns

    Location             Delay type                Incr(ns)  Path(ns)    Netlist Resource(s)
  -------------------------------------------------------------------    -------------------
                         (clock clk_125_clk_gen rise edge)
                                                      0.000     0.000 r  
    R4                                                0.000     0.000 r  clk_in1_p (IN)
                         net (fo=0)                   0.000     0.000    u_clk_gen/inst/clk_in1_p
    R4                   IBUFDS (Prop_ibufds_I_O)     0.851     0.851 r  u_clk_gen/inst/clkin1_ibufgds/O
                         net (fo=1, routed)           1.065     1.916    u_clk_gen/inst/clk_in1_clk_gen
    MMCME2_ADV_X1Y1      MMCME2_ADV (Prop_mmcme2_adv_CLKIN1_CLKOUT1)
                                                     -5.972    -4.056 r  u_clk_gen/inst/mmcm_adv_inst/CLKOUT1
                         net (fo=1, routed)           1.449    -2.608    u_clk_gen/inst/clk_125_clk_gen
    BUFGCTRL_X0Y0        BUFG (Prop_bufg_I_O)         0.081    -2.527 r  u_clk_gen/inst/clkout2_buf/O
                         net (fo=5509, routed)        1.520    -1.007    u_vio_tx_gmii/inst/PROBE_OUT_ALL_INST/G_PROBE_OUT[0].PROBE_OUT0_INST/clk
    SLICE_X13Y173        FDRE                                         r  u_vio_tx_gmii/inst/PROBE_OUT_ALL_INST/G_PROBE_OUT[0].PROBE_OUT0_INST/Probe_out_reg[0]/C
  -------------------------------------------------------------------    -------------------
    SLICE_X13Y173        FDRE (Prop_fdre_C_Q)         0.379    -0.628 f  u_vio_tx_gmii/inst/PROBE_OUT_ALL_INST/G_PROBE_OUT[0].PROBE_OUT0_INST/Probe_out_reg[0]/Q
                         net (fo=21, routed)          0.694     0.066    u_gmii_inst/rst
    SLICE_X8Y170         LUT2 (Prop_lut2_I1_O)        0.105     0.171 r  u_gmii_inst/frame_mem[8][7]_i_1/O
                         net (fo=144, routed)         0.670     0.841    u_gmii_inst/frame_mem[8][7]_i_1_n_0
    SLICE_X18Y170        FDRE                                         r  u_gmii_inst/frame_mem_reg[68][7]/CE
  -------------------------------------------------------------------    -------------------

                         (clock clk_125_clk_gen fall edge)
                                                      4.000     4.000 f  
    R4                                                0.000     4.000 f  clk_in1_p (IN)
                         net (fo=0)                   0.000     4.000    u_clk_gen/inst/clk_in1_p
    R4                   IBUFDS (Prop_ibufds_I_O)     0.813     4.813 f  u_clk_gen/inst/clkin1_ibufgds/O
                         net (fo=1, routed)           1.004     5.817    u_clk_gen/inst/clk_in1_clk_gen
    MMCME2_ADV_X1Y1      MMCME2_ADV (Prop_mmcme2_adv_CLKIN1_CLKOUT1)
                                                     -6.107    -0.291 f  u_clk_gen/inst/mmcm_adv_inst/CLKOUT1
                         net (fo=1, routed)           1.381     1.091    u_clk_gen/inst/clk_125_clk_gen
    BUFGCTRL_X0Y0        BUFG (Prop_bufg_I_O)         0.077     1.168 f  u_clk_gen/inst/clkout2_buf/O
                         net (fo=5509, routed)        1.409     2.577    u_gmii_inst/clk
    SLICE_X18Y170        FDRE                                         r  u_gmii_inst/frame_mem_reg[68][7]/C  (IS_INVERTED)
                         clock pessimism              0.380     2.956    
                         clock uncertainty           -0.064     2.892    
    SLICE_X18Y170        FDRE (Setup_fdre_C_CE)      -0.164     2.728    u_gmii_inst/frame_mem_reg[68][7]
  -------------------------------------------------------------------
                         required time                          2.728    
                         arrival time                          -0.841    
  -------------------------------------------------------------------
                         slack                                  1.887    

Slack (MET) :             1.887ns  (required time - arrival time)
  Source:                 u_vio_tx_gmii/inst/PROBE_OUT_ALL_INST/G_PROBE_OUT[0].PROBE_OUT0_INST/Probe_out_reg[0]/C
                            (rising edge-triggered cell FDRE clocked by clk_125_clk_gen  {rise@0.000ns fall@4.000ns period=8.000ns})
  Destination:            u_gmii_inst/frame_mem_reg[69][7]/CE
                            (falling edge-triggered cell FDRE clocked by clk_125_clk_gen  {rise@0.000ns fall@4.000ns period=8.000ns})
  Path Group:             clk_125_clk_gen
  Path Type:              Setup (Max at Slow Process Corner)
  Requirement:            4.000ns  (clk_125_clk_gen fall@4.000ns - clk_125_clk_gen rise@0.000ns)
  Data Path Delay:        1.847ns  (logic 0.484ns (26.201%)  route 1.363ns (73.799%))
  Logic Levels:           1  (LUT2=1)
  Clock Path Skew:        -0.037ns (DCD - SCD + CPR)
    Destination Clock Delay (DCD):    -1.423ns = ( 2.577 - 4.000 ) 
    Source Clock Delay      (SCD):    -1.007ns
    Clock Pessimism Removal (CPR):    0.380ns
  Clock Uncertainty:      0.064ns  ((TSJ^2 + DJ^2)^1/2) / 2 + PE
    Total System Jitter     (TSJ):    0.071ns
    Discrete Jitter          (DJ):    0.108ns
    Phase Error              (PE):    0.000ns

    Location             Delay type                Incr(ns)  Path(ns)    Netlist Resource(s)
  -------------------------------------------------------------------    -------------------
                         (clock clk_125_clk_gen rise edge)
                                                      0.000     0.000 r  
    R4                                                0.000     0.000 r  clk_in1_p (IN)
                         net (fo=0)                   0.000     0.000    u_clk_gen/inst/clk_in1_p
    R4                   IBUFDS (Prop_ibufds_I_O)     0.851     0.851 r  u_clk_gen/inst/clkin1_ibufgds/O
                         net (fo=1, routed)           1.065     1.916    u_clk_gen/inst/clk_in1_clk_gen
    MMCME2_ADV_X1Y1      MMCME2_ADV (Prop_mmcme2_adv_CLKIN1_CLKOUT1)
                                                     -5.972    -4.056 r  u_clk_gen/inst/mmcm_adv_inst/CLKOUT1
                         net (fo=1, routed)           1.449    -2.608    u_clk_gen/inst/clk_125_clk_gen
    BUFGCTRL_X0Y0        BUFG (Prop_bufg_I_O)         0.081    -2.527 r  u_clk_gen/inst/clkout2_buf/O
                         net (fo=5509, routed)        1.520    -1.007    u_vio_tx_gmii/inst/PROBE_OUT_ALL_INST/G_PROBE_OUT[0].PROBE_OUT0_INST/clk
    SLICE_X13Y173        FDRE                                         r  u_vio_tx_gmii/inst/PROBE_OUT_ALL_INST/G_PROBE_OUT[0].PROBE_OUT0_INST/Probe_out_reg[0]/C
  -------------------------------------------------------------------    -------------------
    SLICE_X13Y173        FDRE (Prop_fdre_C_Q)         0.379    -0.628 f  u_vio_tx_gmii/inst/PROBE_OUT_ALL_INST/G_PROBE_OUT[0].PROBE_OUT0_INST/Probe_out_reg[0]/Q
                         net (fo=21, routed)          0.694     0.066    u_gmii_inst/rst
    SLICE_X8Y170         LUT2 (Prop_lut2_I1_O)        0.105     0.171 r  u_gmii_inst/frame_mem[8][7]_i_1/O
                         net (fo=144, routed)         0.670     0.841    u_gmii_inst/frame_mem[8][7]_i_1_n_0
    SLICE_X18Y170        FDRE                                         r  u_gmii_inst/frame_mem_reg[69][7]/CE
  -------------------------------------------------------------------    -------------------

                         (clock clk_125_clk_gen fall edge)
                                                      4.000     4.000 f  
    R4                                                0.000     4.000 f  clk_in1_p (IN)
                         net (fo=0)                   0.000     4.000    u_clk_gen/inst/clk_in1_p
    R4                   IBUFDS (Prop_ibufds_I_O)     0.813     4.813 f  u_clk_gen/inst/clkin1_ibufgds/O
                         net (fo=1, routed)           1.004     5.817    u_clk_gen/inst/clk_in1_clk_gen
    MMCME2_ADV_X1Y1      MMCME2_ADV (Prop_mmcme2_adv_CLKIN1_CLKOUT1)
                                                     -6.107    -0.291 f  u_clk_gen/inst/mmcm_adv_inst/CLKOUT1
                         net (fo=1, routed)           1.381     1.091    u_clk_gen/inst/clk_125_clk_gen
    BUFGCTRL_X0Y0        BUFG (Prop_bufg_I_O)         0.077     1.168 f  u_clk_gen/inst/clkout2_buf/O
                         net (fo=5509, routed)        1.409     2.577    u_gmii_inst/clk
    SLICE_X18Y170        FDRE                                         r  u_gmii_inst/frame_mem_reg[69][7]/C  (IS_INVERTED)
                         clock pessimism              0.380     2.956    
                         clock uncertainty           -0.064     2.892    
    SLICE_X18Y170        FDRE (Setup_fdre_C_CE)      -0.164     2.728    u_gmii_inst/frame_mem_reg[69][7]
  -------------------------------------------------------------------
                         required time                          2.728    
                         arrival time                          -0.841    
  -------------------------------------------------------------------
                         slack                                  1.887    




